drug_a,drug_b,label
DB01628,DB04076,1
DB00818,DB12001,1
DB01263,DB06282,1
DB11817,DB06512,0
DB06403,DB06738,0
DB00186,DB06268,0
DB00866,DB12887,0
DB04975,DB00788,0
DB00622,DB06595,1
DB09296,DB11614,0
DB01104,DB00799,0
DB01409,DB09128,1
DB00188,DB04356,1
DB08877,DB01190,0
DB01583,DB00966,0
DB01039,DB11574,0
DB00532,DB09291,1
DB00518,DB00932,1
DB11751,DB01126,0
DB00717,DB06691,0
DB00543,DB12332,1
DB06729,DB09167,1
DB01181,DB01624,1
DB06726,DB13179,0
DB00283,DB06267,0
DB04844,DB05812,1
DB00678,DB08798,1
DB06678,DB06756,0
DB00270,DB11574,1
DB08867,DB09099,0
DB06701,DB02703,0
DB00700,DB00951,1
DB00379,DB06144,1
DB00589,DB00173,0
DB00586,DB01559,1
DB00240,DB04552,0
DB00678,DB01138,1
DB01685,DB11682,1
DB00228,DB06789,0
DB00946,DB05246,0
DB00730,DB00857,1
DB00309,DB08873,1
DB04557,DB01224,0
DB00571,DB06803,1
DB12941,DB00706,0
DB09225,DB00213,0
DB04975,DB11837,1
DB00482,DB00496,1
DB00696,DB11967,0
DB01167,DB00228,0
DB00379,DB11837,1
DB11581,DB00960,0
DB12301,DB04846,0
DB09232,DB00764,0
DB00959,DB09227,1
DB00839,DB11575,0
DB01190,DB00947,0
DB01583,DB01054,0
DB00277,DB04844,1
DB01131,DB12597,1
DB00252,DB06739,1
DB00482,DB00501,1
DB00872,DB13874,1
DB06605,DB00982,0
DB00445,DB00543,0
DB01028,DB11942,0
DB03783,DB09048,1
DB00501,DB00805,1
DB00224,DB06595,1
DB00549,DB06401,0
DB00530,DB11886,1
DB08896,DB12543,0
DB01412,DB00907,0
DB00531,DB09030,1
DB00759,DB01228,0
DB01029,DB05812,1
DB03010,DB04835,0
DB04894,DB09143,1
DB00758,DB08811,0
DB02709,DB01222,0
DB00486,DB00501,1
DB06414,DB09185,1
DB02703,DB12329,1
DB00499,DB01656,1
DB00468,DB00918,1
DB08922,DB09291,1
DB00656,DB11979,1
DB01075,DB01098,1
DB00216,DB00675,1
DB12184,DB00414,0
DB08502,DB09173,0
DB01198,DB00180,0
DB00872,DB06636,1
DB09054,DB04840,0
DB01357,DB00377,0
DB01195,DB01392,1
DB00836,DB09143,0
DB11697,DB00396,0
DB06626,DB00708,0
DB00351,DB06678,0
DB00250,DB01264,1
DB00982,DB13879,0
DB01050,DB00627,0
DB00675,DB00714,1
DB01406,DB08901,1
DB00346,DB04839,1
DB01263,DB13003,1
DB00817,DB04076,1
DB00316,DB00751,1
DB00914,DB08880,0
DB00947,DB01032,1
DB00575,DB00309,0
DB00215,DB00392,0
DB00757,DB00814,0
DB00590,DB01029,1
DB01173,DB04574,1
DB01194,DB01559,0
DB00897,DB01369,0
DB00220,DB01047,1
DB12513,DB12466,0
DB00696,DB12235,1
DB05271,DB11837,1
DB02703,DB04825,1
DB00252,DB01645,1
DB00696,DB09083,1
DB01388,DB04871,1
DB03496,DB08995,0
DB00907,DB09167,1
DB00745,DB09185,1
DB00454,DB08846,0
DB00351,DB02489,0
DB00549,DB00796,1
DB00617,DB00745,1
DB01096,DB01211,0
DB00337,DB01228,0
DB01171,DB01130,0
DB00169,DB00264,1
DB01411,DB04574,1
DB12457,DB01274,0
DB00180,DB11672,1
DB00315,DB00978,1
DB00696,DB00814,1
DB09124,DB00475,0
DB00904,DB06268,1
DB09232,DB01129,0
DB06594,DB12713,0
DB09274,DB00379,0
DB01283,DB06210,1
DB00468,DB00476,1
DB00924,DB11689,1
DB01009,DB11757,1
DB01392,DB00759,0
DB00384,DB00910,0
DB01114,DB12693,1
DB00412,DB01028,1
DB01100,DB11581,1
DB00836,DB00865,0
DB00243,DB01029,0
DB00396,DB08807,1
DB01198,DB09291,0
DB00860,DB00726,0
DB00352,DB11679,0
DB09273,DB12267,0
DB01576,DB00711,0
DB00956,DB08868,0
DB00726,DB01138,1
DB00860,DB00593,0
DB00972,DB01036,1
DB00784,DB01254,1
DB00238,DB00622,1
DB00501,DB09555,1
DB01062,DB01357,1
DB06605,DB00831,0
DB00619,DB00799,1
DB04630,DB13179,1
DB00234,DB09273,0
DB02489,DB09288,1
DB00574,DB00307,0
DB00384,DB00487,1
DB01337,DB09123,0
DB00863,DB09225,1
DB00695,DB12026,0
DB01221,DB12235,0
DB00501,DB00794,1
DB00374,DB12612,1
DB00394,DB00486,0
DB01076,DB01283,0
DB00530,DB11672,1
DB08864,DB09079,1
DB11796,DB03783,0
DB00476,DB04557,1
DB00395,DB06414,1
DB04977,DB09237,0
DB00253,DB01048,0
DB01338,DB12329,0
DB00601,DB00744,0
DB01297,DB11574,0
DB00745,DB00279,0
DB00468,DB06702,1
DB00186,DB04911,0
DB00704,DB09237,0
DB02709,DB00214,0
DB00972,DB04356,1
DB01406,DB04845,1
DB00977,DB11837,1
DB00528,DB00762,1
DB00668,DB01087,0
DB01395,DB09297,0
DB00629,DB00439,0
DB09235,DB09013,0
DB13158,DB01275,0
DB06700,DB11886,1
DB00906,DB07615,0
DB05990,DB01221,0
DB00163,DB09291,0
DB01395,DB04856,0
DB04854,DB01369,0
DB00712,DB01039,1
DB04552,DB08907,1
DB00253,DB11737,0
DB01008,DB01173,1
DB00802,DB12582,0
DB01319,DB00841,0
DB00730,DB00708,0
DB09034,DB11672,1
DB00317,DB01406,1
DB11942,DB01191,0
DB01248,DB06712,1
DB00186,DB00687,0
DB09166,DB09238,1
DB00936,DB11614,1
DB01037,DB01194,0
DB00501,DB12245,1
DB00717,DB11855,0
DB00188,DB00904,1
DB01072,DB08816,1
DB01388,DB06700,1
DB12245,DB00694,0
DB00370,DB04920,1
DB01357,DB09238,1
DB04076,DB04835,0
DB00586,DB01873,0
DB00749,DB08864,1
DB00831,DB01059,1
DB00918,DB09213,1
DB06701,DB12319,0
DB00908,DB09195,1
DB01194,DB02789,0
DB01357,DB12674,0
DB00467,DB01623,1
DB00934,DB09073,0
DB01104,DB05812,1
DB00792,DB08807,1
DB01064,DB00327,0
DB00347,DB00745,1
DB00250,DB00705,1
DB00620,DB01685,0
DB00679,DB01195,1
DB00532,DB00779,1
DB06789,DB06678,0
DB00740,DB09198,1
DB00758,DB00628,0
DB00263,DB00448,1
DB06077,DB01418,0
DB00367,DB00330,0
DB01065,DB01117,0
DB00169,DB01036,1
DB01064,DB09291,0
DB00598,DB04871,1
DB00250,DB00444,1
DB01268,DB11757,1
DB00582,DB09073,1
DB01303,DB09290,1
DB00628,DB12978,0
DB01130,DB01337,0
DB12543,DB06774,0
DB00439,DB00951,1
DB00315,DB11619,0
DB01367,DB08807,0
DB01142,DB09065,1
DB00238,DB02703,1
DB11619,DB09167,0
DB00642,DB00679,0
DB06605,DB09237,1
DB00224,DB09183,1
DB09166,DB09013,0
DB06414,DB09224,0
DB00277,DB01037,1
DB09128,DB11619,0
DB03783,DB06419,0
DB00277,DB06781,0
DB00252,DB11560,1
DB09101,DB12466,0
DB00661,DB11886,1
DB00849,DB09167,1
DB01595,DB00731,0
DB06739,DB00663,0
DB00677,DB11751,0
DB01283,DB01611,0
DB00448,DB00554,1
DB00608,DB01050,1
DB06626,DB00753,0
DB00570,DB06203,1
DB01067,DB04856,1
DB01079,DB01217,1
DB12218,DB00764,0
DB00186,DB01072,1
DB00622,DB00860,1
DB00759,DB00976,1
DB00969,DB08893,0
DB05219,DB06729,0
DB04840,DB11757,1
DB00851,DB04794,0
DB09198,DB11613,1
DB09049,DB06335,0
DB01621,DB05109,1
DB11986,DB01076,0
DB08893,DB09061,1
DB06287,DB00787,0
DB01059,DB00891,0
DB00574,DB09039,1
DB00675,DB00677,0
DB00454,DB00877,1
DB04356,DB00401,0
DB00891,DB04898,1
DB00694,DB01238,1
DB00582,DB00636,1
DB00333,DB11952,1
DB00758,DB11679,1
DB06729,DB01406,0
DB00455,DB06077,0
DB00752,DB09173,1
DB00477,DB01012,1
DB04894,DB06595,1
DB00872,DB01228,0
DB02709,DB00672,0
DB00503,DB01359,1
DB00802,DB01103,1
DB00752,DB11730,0
DB09280,DB00827,0
DB01181,DB01544,1
DB08882,DB09555,1
DB01232,DB01576,1
DB01403,DB01008,0
DB06729,DB09227,0
DB06636,DB08903,1
DB06738,DB01048,0
DB00253,DB00337,0
DB00575,DB00888,0
DB11979,DB06414,0
DB01601,DB09166,1
DB00394,DB00796,0
DB00378,DB09185,1
DB00530,DB00904,1
DB01007,DB06228,0
DB00205,DB09225,0
DB09079,DB12978,1
DB00973,DB04835,0
DB00361,DB06282,0
DB06512,DB11757,1
DB04908,DB00169,0
DB01028,DB02709,0
DB00379,DB11915,1
DB05154,DB01295,0
DB00330,DB05239,1
DB00444,DB01131,1
DB00810,DB11915,1
DB01095,DB01195,1
DB08882,DB00753,0
DB11730,DB00788,0
DB06212,DB05219,0
DB11963,DB08867,0
DB00333,DB06739,1
DB00445,DB00304,0
DB09143,DB11581,1
DB01588,DB01208,0
DB04894,DB04911,0
DB01028,DB00499,0
DB01656,DB11619,0
DB00261,DB05708,1
DB00877,DB01100,1
DB08816,DB12332,1
DB01008,DB00952,0
DB00356,DB06636,1
DB00704,DB00194,0
DB06738,DB08882,1
DB01126,DB11986,0
DB00972,DB01217,1
DB00918,DB00382,0
DB01223,DB00351,0
DB00762,DB12332,1
DB04825,DB00860,0
DB00872,DB01142,1
DB01095,DB09128,1
DB01227,DB09073,1
DB00465,DB00617,1
DB08867,DB01412,0
DB13003,DB09225,0
DB13174,DB00907,0
DB09013,DB00324,0
DB06636,DB01096,0
DB03515,DB00475,0
DB00531,DB01595,0
DB08804,DB05039,0
DB00250,DB01559,0
DB09143,DB01583,0
DB00757,DB09095,0
DB08873,DB11581,1
DB00675,DB12235,1
DB00636,DB11823,0
DB00914,DB04938,1
DB01295,DB06691,1
DB00559,DB00615,0
DB06817,DB00266,0
DB04840,DB11751,0
DB00234,DB01072,1
DB00711,DB04911,0
DB00655,DB00726,0
DB01181,DB00195,0
DB09274,DB00528,0
DB00863,DB12332,1
DB00762,DB04855,1
DB02134,DB06419,1
DB00621,DB01357,1
DB03783,DB06419,0
DB01253,DB08846,0
DB00467,DB00788,1
DB12267,DB00685,0
DB01412,DB13179,1
DB04572,DB04894,1
DB00721,DB00471,0
DB00860,DB01576,0
DB11921,DB00539,0
DB00322,DB00549,1
DB00818,DB09297,1
DB04835,DB00949,0
DB00936,DB12010,0
DB08903,DB01355,0
DB00193,DB08865,1
DB00603,DB09213,1
DB11691,DB01094,0
DB01238,DB11751,0
DB00843,DB12371,1
DB09124,DB00810,0
DB00330,DB00414,1
DB00865,DB01072,1
DB00622,DB04725,1
DB00932,DB01624,1
DB01095,DB01173,1
DB01384,DB11730,1
DB06774,DB12471,0
DB01173,DB09054,1
DB04841,DB06729,1
DB04898,DB12161,0
DB00783,DB09048,1
DB00469,DB09099,0
DB11915,DB11921,0
DB00532,DB03756,1
DB00422,DB09054,0
DB00381,DB08860,1
DB11730,DB00327,0
DB11837,DB00593,0
DB06335,DB04070,0
DB12147,DB00233,0
DB06210,DB06401,1
DB01236,DB09054,0
DB00268,DB00118,0
DB00714,DB06730,1
DB01264,DB11672,1
DB00696,DB00724,0
DB02703,DB06212,1
DB00888,DB12020,0
DB01624,DB11979,1
DB01367,DB00253,0
DB04856,DB01176,0
DB00734,DB09039,1
DB01183,DB00741,0
DB01591,DB13179,1
DB00668,DB09288,1
DB06726,DB01094,0
DB01130,DB01181,0
DB00532,DB00685,1
DB00857,DB01264,1
DB00224,DB01591,1
DB01588,DB06267,0
DB00574,DB00762,1
DB01544,DB04572,1
DB00877,DB12887,1
DB11751,DB00279,0
DB01472,DB12674,0
DB00204,DB00220,1
DB00283,DB00279,0
DB08865,DB00621,0
DB13158,DB00623,0
DB11679,DB12597,1
DB00317,DB01193,1
DB01117,DB12371,1
DB00575,DB00973,0
DB00982,DB01621,0
DB01007,DB06403,0
DB06207,DB00384,0
DB00193,DB01297,1
DB09237,DB00615,0
DB00489,DB11942,0
DB01595,DB00563,0
DB00737,DB01611,1
DB00531,DB00532,1
DB09167,DB00324,0
DB03575,DB09167,1
DB00425,DB00496,1
DB02187,DB02703,1
DB00532,DB00997,1
DB00788,DB03575,0
DB00384,DB00896,0
DB12001,DB00465,0
DB00496,DB01393,0
DB09083,DB06207,0
DB00244,DB00857,0
DB00788,DB01355,1
DB04552,DB01645,0
DB00215,DB04889,1
DB00379,DB11613,1
DB00891,DB06803,1
DB12874,DB00810,0
DB00351,DB00475,0
DB01590,DB04896,1
DB01190,DB09273,1
DB00395,DB04665,0
DB01087,DB11855,1
DB11952,DB00993,0
DB00612,DB00495,0
DB01275,DB11679,0
DB11942,DB08903,0
DB00396,DB00433,1
DB09102,DB12483,1
DB00384,DB13179,0
DB00356,DB00582,1
DB06729,DB08933,0
DB01059,DB01583,0
DB01601,DB09232,1
DB00773,DB00810,0
DB05541,DB01591,0
DB00872,DB01337,0
DB00477,DB11652,1
DB00589,DB05812,1
DB00712,DB01685,1
DB00327,DB01095,1
DB00621,DB08875,1
DB00289,DB00444,0
DB00204,DB00288,0
DB00696,DB11886,1
DB00843,DB03496,0
DB11921,DB09225,0
DB04889,DB01103,0
DB11652,DB00914,0
DB09065,DB12978,1
DB09048,DB11730,1
DB01667,DB11697,1
DB00773,DB09290,1
DB06695,DB09049,0
DB04894,DB01035,0
DB12267,DB01588,0
DB00764,DB00806,0
DB00252,DB06595,1
DB04574,DB11575,0
DB00322,DB01072,1
DB00947,DB00834,0
DB01406,DB08903,1
DB00448,DB06210,1
DB01037,DB00888,0
DB00518,DB08995,1
DB00591,DB04832,1
DB00675,DB01118,1
DB01072,DB09099,1
DB00736,DB09034,0
DB02789,DB01067,0
DB05239,DB06626,1
DB00674,DB11837,1
DB00176,DB06210,1
DB08864,DB00234,0
DB01087,DB04835,1
DB00554,DB01221,1
DB09227,DB11986,1
DB00582,DB01065,0
DB09213,DB12026,1
DB00998,DB11753,1
DB01098,DB08995,1
DB01131,DB00612,0
DB00983,DB08877,1
DB01142,DB01217,0
DB00188,DB09079,1
DB12235,DB12371,1
DB00264,DB04835,0
DB00904,DB00936,1
DB00588,DB04975,0
DB00863,DB01472,1
DB11730,DB12612,0
DB00444,DB06594,0
DB09049,DB11619,0
DB00545,DB00177,0
DB04829,DB11837,1
DB00714,DB06210,1
DB00440,DB00836,1
DB00623,DB01406,0
DB00906,DB08896,1
DB00476,DB00907,1
DB05219,DB01095,0
DB06739,DB09083,0
DB00778,DB12371,1
DB00248,DB06730,0
DB00945,DB00910,0
DB01384,DB00201,0
DB00714,DB12245,1
DB00983,DB06237,1
DB00717,DB01095,1
DB01211,DB00711,0
DB11823,DB00851,0
DB09195,DB04856,0
DB12674,DB00546,0
DB12267,DB00904,0
DB01058,DB06739,1
DB01628,DB06777,0
DB01223,DB00323,0
DB06626,DB00861,0
DB01131,DB12161,1
DB07615,DB09330,0
DB00818,DB01357,1
DB00617,DB01039,1
DB01623,DB12548,0
DB01621,DB00982,0
DB00947,DB08815,0
DB08933,DB00476,0
DB00778,DB08896,1
DB00850,DB00559,0
DB09327,DB09274,0
DB01079,DB00467,0
DB00531,DB00976,1
DB00396,DB01263,1
DB01667,DB04574,1
DB00333,DB11652,1
DB04938,DB12001,0
DB00333,DB09030,1
DB00396,DB08910,0
DB04856,DB09288,1
DB01008,DB08933,0
DB09235,DB01210,0
DB12457,DB08875,0
DB00234,DB00243,1
DB00482,DB01623,0
DB00499,DB01195,1
DB11986,DB01200,0
DB04861,DB09102,0
DB00283,DB00936,0
DB01544,DB08896,1
DB01074,DB04889,1
DB00343,DB01117,1
DB00396,DB01227,1
DB00395,DB12005,1
DB01254,DB01134,0
DB01223,DB00240,0
DB00817,DB05708,1
DB00346,DB09048,1
DB01087,DB06207,1
DB06267,DB11574,1
DB00180,DB09244,0
DB01087,DB00118,0
DB01098,DB01104,1
DB00307,DB01072,1
DB01193,DB09053,1
DB01072,DB04665,1
DB12332,DB11682,0
DB08907,DB01097,0
DB00976,DB04845,1
DB01580,DB12978,0
DB00806,DB00736,0
DB00439,DB00194,0
DB00233,DB01275,0
DB00557,DB06605,1
DB04842,DB00277,0
DB00575,DB00758,1
DB01014,DB00557,0
DB08439,DB01008,0
DB08815,DB09330,0
DB00557,DB01410,1
DB01131,DB08439,1
DB00557,DB00661,1
DB09090,DB00337,0
DB11693,DB00543,0
DB01472,DB00694,0
DB00208,DB00494,1
DB04856,DB04828,0
DB00440,DB09102,0
DB12329,DB09030,0
DB09090,DB00185,0
DB06730,DB00861,0
DB01580,DB00959,0
DB00778,DB01068,0
DB00322,DB00374,1
DB06203,DB11837,1
DB00699,DB00850,1
DB00220,DB05885,1
DB00969,DB01223,1
DB11682,DB04356,0
DB00495,DB01176,1
DB01388,DB00736,0
DB01072,DB04574,1
DB09065,DB12130,1
DB08846,DB00173,0
DB00982,DB01338,0
DB00969,DB01098,1
DB00499,DB00568,1
DB11614,DB11689,1
DB05039,DB09297,1
DB04630,DB01142,0
DB05814,DB00788,0
DB12130,DB00496,0
DB08827,DB09054,1
DB00599,DB12471,0
DB00240,DB00580,0
DB01130,DB01253,0
DB00953,DB06774,1
DB00927,DB00367,0
DB12001,DB09083,0
DB09198,DB00508,0
DB01100,DB06228,1
DB01039,DB11837,1
DB00846,DB04839,0
DB01259,DB11619,0
DB00642,DB00697,1
DB00317,DB00263,0
DB06282,DB01252,0
DB00628,DB09227,1
DB05219,DB00499,0
DB00679,DB00932,1
DB00559,DB06700,1
DB00806,DB12255,0
DB00908,DB01198,1
DB00194,DB00973,0
DB09099,DB00394,0
DB01096,DB00309,0
DB00582,DB00593,1
DB00864,DB00617,0
DB00805,DB00846,0
DB00908,DB09288,1
DB11995,DB06335,0
DB09090,DB00307,0
DB04845,DB00233,0
DB00683,DB04825,0
DB00243,DB03701,0
DB11978,DB13919,1
DB00392,DB00220,0
DB00309,DB01214,0
DB03010,DB11823,0
DB00489,DB00993,0
DB00568,DB01131,1
DB01412,DB02489,1
DB00546,DB13179,1
DB00745,DB00796,1
DB00911,DB11712,0
DB00227,DB01068,1
DB01008,DB06144,0
DB04884,DB09095,0
DB04841,DB06268,1
DB00353,DB05814,0
DB12978,DB01200,0
DB01048,DB01303,0
DB00370,DB08865,1
DB02703,DB03756,0
DB00315,DB12255,0
DB01410,DB09061,1
DB00273,DB11712,0
DB00289,DB00621,0
DB00762,DB09167,1
DB00425,DB00796,1
DB00674,DB01087,1
DB00268,DB11560,0
DB01191,DB00253,0
DB00358,DB12978,0
DB11828,DB00327,0
DB09079,DB00784,0
DB04844,DB04356,0
DB00214,DB04938,1
DB01245,DB01195,0
DB06817,DB00351,0
DB04070,DB02709,0
DB11574,DB09235,0
DB01248,DB01403,0
DB00412,DB01355,1
DB11737,DB01623,0
DB00818,DB01136,1
DB00846,DB01062,0
DB00104,DB09039,1
DB01028,DB09099,0
DB00361,DB06292,0
DB00433,DB00712,0
DB01221,DB09167,1
DB00352,DB09389,0
DB09224,DB03756,0
DB01131,DB06636,1
DB00508,DB00253,0
DB00910,DB11574,0
DB00773,DB00377,0
DB09237,DB12674,0
DB00204,DB11837,1
DB00932,DB09073,1
DB00532,DB09054,0
DB00381,DB06605,1
DB12874,DB00740,0
DB00169,DB00568,1
DB00757,DB08864,1
DB12278,DB01396,0
DB04957,DB12301,1
DB12674,DB00593,0
DB00608,DB06729,1
DB05109,DB11689,1
DB06700,DB09185,1
DB06201,DB00700,0
DB12001,DB09327,0
DB05039,DB06292,0
DB00860,DB00806,0
DB00792,DB12978,0
DB00993,DB01667,1
DB06712,DB12466,1
DB01393,DB04884,0
DB06152,DB00783,0
DB00559,DB06774,0
DB00568,DB06803,1
DB00330,DB01418,1
DB00953,DB11751,0
DB01228,DB09555,1
DB00412,DB05294,0
DB00270,DB00924,1
DB00762,DB01190,1
DB00628,DB11581,1
DB01645,DB08808,0
DB08880,DB09123,0
DB06207,DB00443,0
DB00590,DB04855,1
DB12887,DB00476,0
DB00532,DB01214,0
DB00608,DB00163,0
DB00549,DB00599,1
DB00304,DB00661,1
DB00440,DB00532,1
DB00751,DB00857,1
DB08875,DB06412,0
DB11952,DB00288,0
DB00862,DB09099,1
DB00439,DB11652,1
DB06774,DB09039,1
DB00443,DB09101,1
DB04842,DB13179,1
DB09124,DB00358,0
DB00896,DB00501,0
DB01232,DB09296,1
DB01134,DB11986,0
DB00839,DB01131,1
DB00787,DB04838,0
DB05246,DB01130,0
DB01013,DB00906,0
DB02489,DB06594,1
DB09241,DB00778,0
DB00264,DB05271,1
DB05109,DB00779,0
DB11921,DB06403,0
DB00220,DB06207,1
DB11730,DB11817,1
DB00956,DB11757,1
DB01393,DB09224,0
DB00377,DB00518,0
DB00317,DB00365,0
DB00608,DB01100,1
DB09225,DB00396,0
DB08865,DB09195,1
DB00972,DB01611,1
DB01211,DB11942,1
DB00918,DB09327,0
DB05294,DB01359,0
DB01137,DB12301,0
DB11796,DB09013,0
DB00741,DB01117,0
DB04076,DB12978,0
DB00227,DB00546,1
DB01264,DB09034,1
DB01136,DB11679,1
DB00586,DB01069,1
DB00193,DB01388,1
DB05154,DB09166,0
DB00700,DB11652,1
DB01190,DB04975,0
DB00396,DB00656,1
DB08912,DB00866,0
DB00248,DB00213,0
DB00365,DB09073,0
DB01029,DB09061,1
DB00467,DB09245,0
DB00440,DB12612,1
DB00839,DB01152,0
DB00361,DB00501,1
DB00261,DB01667,1
DB00279,DB05219,0
DB01232,DB11679,1
DB09048,DB05990,0
DB00696,DB09079,1
DB00499,DB01064,0
DB00471,DB09124,0
DB01087,DB01181,1
DB01238,DB00911,0
DB00661,DB09124,1
DB00501,DB01177,1
DB09090,DB08995,0
DB09297,DB00603,0
DB00440,DB01590,0
DB00343,DB11855,1
DB00759,DB00678,0
DB00612,DB01103,0
DB01591,DB04896,1
DB01095,DB06512,1
DB04216,DB11679,1
DB01008,DB09274,0
DB01873,DB00365,0
DB08903,DB01283,0
DB01297,DB05271,1
DB00685,DB12332,1
DB00998,DB01418,1
DB01297,DB09296,0
DB01167,DB01264,1
DB06654,DB00862,0
DB01126,DB11952,0
DB01036,DB12245,1
DB01039,DB11886,1
DB00910,DB00177,0
DB01623,DB00590,0
DB06603,DB12161,1
DB01264,DB08903,1
DB01100,DB01263,1
DB01129,DB00805,0
DB00358,DB00304,0
DB08896,DB09065,1
DB00860,DB01214,0
DB08820,DB01764,0
DB00799,DB01393,1
DB00188,DB09071,1
DB12267,DB09245,0
DB04854,DB12874,1
DB00316,DB11718,1
DB01211,DB06414,1
DB06729,DB01685,0
DB03575,DB11963,0
DB00322,DB00590,1
DB00910,DB00749,0
DB01357,DB11855,0
DB00877,DB01191,0
DB00467,DB00494,0
DB05246,DB09095,0
DB00663,DB06414,0
DB00891,DB01037,1
DB00668,DB01130,0
DB09273,DB13174,1
DB01367,DB01590,0
DB06789,DB00947,0
DB00966,DB00209,0
DB00983,DB09195,1
DB04855,DB04938,1
DB04356,DB04844,0
DB00843,DB01117,1
DB00201,DB00530,1
DB01037,DB01072,1
DB01097,DB00810,0
DB00586,DB00617,1
DB03783,DB06603,1
DB01058,DB06636,1
DB00261,DB04871,1
DB00736,DB06203,0
DB00238,DB04356,1
DB00163,DB04832,1
DB00564,DB04884,1
DB04884,DB11652,1
DB00214,DB01062,1
DB01303,DB04356,1
DB12319,DB04572,0
DB00737,DB06726,1
DB12141,DB12978,1
DB01028,DB09101,1
DB04975,DB09090,0
DB01137,DB11682,0
DB00752,DB06148,1
DB00615,DB01114,0
DB00482,DB11855,1
DB00186,DB06712,1
DB00188,DB00778,1
DB01007,DB04216,0
DB00814,DB00891,1
DB00471,DB08877,1
DB00580,DB11679,1
DB01079,DB11967,1
DB00819,DB06207,0
DB01039,DB06803,1
DB00297,DB01062,1
DB00214,DB00530,1
DB00936,DB13174,1
DB00841,DB06210,0
DB00361,DB01359,1
DB12278,DB00180,0
DB01558,DB09227,0
DB00347,DB01609,1
DB00910,DB00909,0
DB00343,DB09290,0
DB04842,DB05109,0
DB00590,DB01621,1
DB09227,DB12483,1
DB01177,DB08860,1
DB00619,DB12235,1
DB06803,DB08896,1
DB00909,DB12245,1
DB00972,DB01411,1
DB00734,DB01098,1
DB00490,DB13158,0
DB04630,DB01297,0
DB00486,DB09183,0
DB00370,DB04855,1
DB00661,DB09225,1
DB00571,DB12026,1
DB01036,DB06594,1
DB00865,DB04845,0
DB09083,DB00947,0
DB00817,DB01191,1
DB00370,DB00792,1
DB00333,DB00335,1
DB01062,DB01261,1
DB01259,DB01263,1
DB00685,DB12483,0
DB01171,DB00973,0
DB01200,DB11979,0
DB00849,DB09327,0
DB00778,DB00469,0
DB01261,DB06144,0
DB00454,DB11952,1
DB00425,DB00717,0
DB00185,DB01472,1
DB08882,DB12548,1
DB01176,DB04665,1
DB00851,DB00696,0
DB00877,DB01028,0
DB00740,DB12245,1
DB05885,DB00776,0
DB00469,DB01357,1
DB00118,DB01117,0
DB00518,DB00706,0
DB11952,DB12978,1
DB12245,DB00163,0
DB00861,DB11963,0
DB00906,DB01064,0
DB01094,DB05990,1
DB00601,DB12466,0
DB06077,DB01274,0
DB00546,DB00730,0
DB11952,DB06725,0
DB01076,DB11689,1
DB06730,DB00865,0
DB01058,DB04889,1
DB00227,DB00685,0
DB00865,DB04725,0
DB08875,DB09061,1
DB00486,DB03783,1
DB01587,DB08931,0
DB00194,DB09123,0
DB01013,DB09235,0
DB00356,DB01013,0
DB01319,DB04652,0
DB00799,DB01222,0
DB08808,DB11672,1
DB00213,DB12319,1
DB08880,DB08816,0
DB00248,DB00184,0
DB00752,DB01097,1
DB00255,DB04356,0
DB06803,DB13174,1
DB01410,DB01577,1
DB01355,DB00877,0
DB01357,DB12267,1
DB00734,DB00863,1
DB00846,DB12278,0
DB00213,DB00796,0
DB00946,DB11581,1
DB08901,DB00484,0
DB00574,DB09048,1
DB01064,DB00243,0
DB00370,DB00496,1
DB08807,DB09079,0
DB00531,DB11757,1
DB00489,DB01075,1
DB00564,DB06419,1
DB04070,DB09299,1
DB04794,DB00353,0
DB00208,DB01264,1
DB11951,DB01137,0
DB00744,DB01036,1
DB00983,DB11963,1
DB00946,DB01167,1
DB01097,DB09167,1
DB09054,DB09389,0
DB00264,DB00932,1
DB00708,DB00787,0
DB00708,DB01264,1
DB04828,DB00539,0
DB00827,DB05239,0
DB00924,DB00896,0
DB01069,DB01645,0
DB09039,DB01047,0
DB12582,DB11619,0
DB00169,DB00674,1
DB01032,DB04557,1
DB00615,DB09227,1
DB08867,DB09288,0
DB00932,DB04825,1
DB00908,DB13919,1
DB04832,DB11581,1
DB01337,DB09143,0
DB00959,DB12329,0
DB00343,DB09083,1
DB04871,DB06144,1
DB00933,DB11855,1
DB05990,DB00827,0
DB00820,DB04856,1
DB00499,DB06603,0
DB00927,DB09290,1
DB08820,DB00195,0
DB00918,DB01611,1
DB08865,DB09128,1
DB00396,DB06636,1
DB11682,DB01067,0
DB00861,DB00199,0
DB00997,DB01190,0
DB01295,DB06729,1
DB11791,DB00352,0
DB01297,DB12332,1
DB03783,DB11575,0
DB00936,DB04911,1
DB01026,DB01472,1
DB00946,DB04216,1
DB01193,DB04938,1
DB03010,DB12301,0
DB09039,DB13158,0
DB11560,DB09227,0
DB01012,DB11951,0
DB00712,DB05039,1
DB01096,DB00776,0
DB01173,DB01591,1
DB00620,DB00353,0
DB01044,DB02134,1
DB12329,DB05109,0
DB00574,DB11697,1
DB00636,DB09048,1
DB00467,DB09128,0
DB00586,DB04216,1
DB00381,DB06691,0
DB00224,DB00778,1
DB00439,DB09204,1
DB00224,DB12001,1
DB01536,DB06603,0
DB00532,DB06702,1
DB01667,DB04871,1
DB01062,DB06218,1
DB08907,DB02187,0
DB13879,DB05990,0
DB08896,DB01200,0
DB00379,DB01367,1
DB09237,DB00799,0
DB00792,DB08808,1
DB00533,DB12874,0
DB00706,DB01026,1
DB00495,DB06712,1
DB00264,DB00914,1
DB00346,DB01087,1
DB11693,DB01275,0
DB01400,DB09280,0
DB05154,DB00753,0
DB03756,DB01472,0
DB00959,DB00982,0
DB05541,DB01012,0
DB00910,DB04076,0
DB01072,DB01210,0
DB05812,DB06144,1
DB00694,DB01274,0
DB00317,DB12235,0
DB00675,DB13174,1
DB00696,DB06148,1
DB03783,DB08864,1
DB01611,DB04871,1
DB00425,DB01191,1
DB00213,DB00949,1
DB00367,DB00969,0
DB01028,DB11689,1
DB01228,DB00327,0
DB01410,DB01587,0
DB00330,DB00947,0
DB01134,DB11614,0
DB01411,DB00322,0
DB01198,DB00365,0
DB09183,DB01223,0
DB00612,DB01096,0
DB00333,DB01087,1
DB00969,DB03010,0
DB00440,DB01217,1
DB00248,DB04839,1
DB00209,DB00608,1
DB04070,DB01192,0
DB01873,DB00195,0
DB00762,DB01074,1
DB00593,DB00946,0
DB04884,DB08901,1
DB00877,DB01223,1
DB00315,DB00603,0
DB06781,DB00501,0
DB11791,DB00810,0
DB01029,DB08860,1
DB01303,DB03010,1
DB09030,DB03783,0
DB01403,DB11979,1
DB12466,DB01400,0
DB00224,DB00924,1
DB01166,DB05154,0
DB01253,DB09227,1
DB01472,DB06228,0
DB00330,DB01028,1
DB06729,DB08860,1
DB12674,DB09099,0
DB09183,DB01283,0
DB00752,DB00960,1
DB00806,DB00969,1
DB01072,DB01183,1
DB06695,DB04842,0
DB00724,DB00559,0
DB00353,DB01395,1
DB00759,DB00687,0
DB00622,DB01114,1
DB01117,DB00382,0
DB01054,DB06730,1
DB00277,DB00465,1
DB00839,DB04854,0
DB01191,DB01211,0
DB00261,DB00384,1
DB00862,DB01039,1
DB00496,DB09099,0
DB00316,DB01217,0
DB00563,DB13179,1
DB04070,DB00779,0
DB01094,DB08798,0
DB00425,DB04840,1
DB12874,DB09123,0
DB01100,DB09224,1
DB01412,DB04911,0
DB01032,DB01045,0
DB00778,DB00976,1
DB01136,DB06777,1
DB01076,DB01232,1
DB11837,DB00374,0
DB00444,DB01067,1
DB00188,DB09291,1
DB00530,DB01233,1
DB11967,DB00751,0
DB01411,DB00591,0
DB00227,DB00612,1
DB00620,DB11823,0
DB08933,DB01211,0
DB00628,DB00545,0
DB00827,DB01177,0
DB00472,DB01098,1
DB00934,DB11963,1
DB08867,DB09299,0
DB03701,DB00472,0
DB01039,DB12147,1
DB09101,DB11614,1
DB00374,DB00455,1
DB00744,DB00977,1
DB12001,DB00554,0
DB00440,DB06712,1
DB00568,DB01104,1
DB00378,DB00969,0
DB05219,DB01087,0
DB00877,DB01338,0
DB01667,DB00374,0
DB01171,DB00351,0
DB00677,DB04911,0
DB00799,DB00248,0
DB13879,DB00888,0
DB01079,DB11757,1
DB00444,DB06803,1
DB00792,DB01238,1
DB00972,DB08808,1
DB00714,DB08860,1
DB00444,DB01058,1
DB00568,DB01028,1
DB01393,DB11978,1
DB00471,DB04832,1
DB11828,DB01224,0
DB00425,DB01303,1
DB00472,DB01357,1
DB11791,DB09204,0
DB00201,DB00494,0
DB00752,DB11689,1
DB06419,DB00841,0
DB00180,DB00574,0
DB06781,DB00799,0
DB01096,DB01380,0
DB09095,DB00966,0
DB00539,DB00850,0
DB00845,DB01210,0
DB00959,DB01295,0
DB01126,DB00927,0
DB11614,DB00528,0
DB06401,DB00762,0
DB11828,DB06702,0
DB09389,DB06729,0
DB00208,DB00396,1
DB00787,DB08798,0
DB09167,DB06412,0
DB11682,DB11560,0
DB09198,DB00956,0
DB00482,DB01409,1
DB00622,DB01029,1
DB00773,DB05708,1
DB00381,DB09099,0
DB00496,DB12582,0
DB00163,DB09291,0
DB12301,DB00751,0
DB00356,DB00448,1
DB00532,DB06268,1
DB01601,DB09048,1
DB00384,DB01065,1
DB06414,DB11967,1
DB00317,DB01166,1
DB00908,DB12235,1
DB00751,DB00976,1
DB08502,DB01264,0
DB00820,DB01228,0
DB00476,DB00933,1
DB06678,DB08881,1
DB00358,DB00705,1
DB09083,DB00392,0
DB09296,DB01319,0
DB01601,DB08901,1
DB09071,DB09102,0
DB04884,DB11943,0
DB04838,DB00184,0
DB00444,DB00843,1
DB00661,DB09054,1
DB00737,DB12218,0
DB09204,DB09224,1
DB00778,DB04896,1
DB01118,DB04652,1
DB00379,DB00904,1
DB00382,DB04841,1
DB01224,DB00337,0
DB00805,DB11757,1
DB00409,DB01129,0
DB01062,DB00283,0
DB00787,DB11757,1
DB00304,DB00549,1
DB00726,DB01095,1
DB00444,DB00617,1
DB00378,DB00173,0
DB01628,DB01685,1
DB00799,DB08931,1
DB01587,DB00663,0
DB00193,DB01611,1
DB00530,DB01026,1
DB00554,DB09124,0
DB00330,DB04977,1
DB00776,DB01165,0
DB01198,DB05154,0
DB11672,DB04216,0
DB00454,DB11757,1
DB01764,DB00851,0
DB00530,DB13179,1
DB00188,DB01058,1
DB04856,DB04938,1
DB01587,DB11652,1
DB01405,DB00240,0
DB12329,DB12130,0
DB01263,DB09073,1
DB03701,DB11586,0
DB00802,DB06267,1
DB00741,DB00896,0
DB01114,DB04572,0
DB00857,DB09241,1
DB01142,DB05990,1
DB00374,DB00714,1
DB00496,DB01014,0
DB01685,DB12245,1
DB00176,DB12887,1
DB00214,DB06605,1
DB00675,DB00792,1
DB00163,DB04844,0
DB01628,DB01764,0
DB00454,DB12010,1
DB11979,DB01268,0
DB00412,DB00530,1
DB00712,DB01254,0
DB01026,DB09290,1
DB00377,DB01177,1
DB00440,DB00675,1
DB00724,DB00642,0
DB13158,DB04832,0
DB00661,DB00744,1
DB06603,DB09128,1
DB04957,DB11837,1
DB04825,DB00353,0
DB00759,DB13919,0
DB00953,DB01037,1
DB01577,DB01132,0
DB00495,DB11560,1
DB11697,DB00253,0
DB09238,DB11886,1
DB00396,DB00721,0
DB00444,DB00629,0
DB09073,DB11672,1
DB03701,DB09095,0
DB06729,DB11978,1
DB00549,DB01041,1
DB00381,DB01259,1
DB04725,DB00557,0
DB00422,DB09101,0
DB00337,DB01295,0
DB00621,DB08860,1
DB00627,DB11689,1
DB09327,DB06725,0
DB01126,DB04911,0
DB00414,DB06636,1
DB00346,DB11718,1
DB00486,DB01411,1
DB06774,DB04842,0
DB00503,DB06691,1
DB00705,DB08907,1
DB04889,DB06626,1
DB00169,DB00425,1
DB01591,DB00694,0
DB01134,DB00266,0
DB00384,DB04894,0
DB00338,DB01595,0
DB00471,DB09101,1
DB09013,DB09095,0
DB00932,DB04841,1
DB06700,DB01094,0
DB01412,DB09290,1
DB00784,DB00863,1
DB00532,DB09049,0
DB08804,DB00545,0
DB06730,DB06691,0
DB00315,DB04630,0
DB00477,DB00674,1
DB01210,DB00978,0
DB00365,DB12020,0
DB00471,DB00752,1
DB00799,DB00324,0
DB11791,DB00323,0
DB00773,DB12235,1
DB00752,DB01274,1
DB00714,DB01232,1
DB00252,DB01062,1
DB00862,DB09227,1
DB05239,DB00700,0
DB00224,DB00279,1
DB04946,DB06412,1
DB09204,DB12693,1
DB00843,DB00857,1
DB00593,DB01211,1
DB13879,DB01137,0
DB00857,DB06702,1
DB00482,DB01645,1
DB00762,DB00543,0
DB02703,DB02709,0
DB00475,DB06228,0
DB00328,DB00818,1
DB01050,DB04894,0
DB00501,DB00740,1
DB00243,DB00501,1
DB06678,DB11672,1
DB01295,DB00620,0
DB00335,DB01086,1
DB00818,DB04572,1
DB00530,DB00695,1
DB00379,DB03010,0
DB01039,DB06774,1
DB00810,DB01645,0
DB00381,DB11672,1
DB00472,DB11682,0
DB09237,DB00261,0
DB00745,DB09013,0
DB01103,DB00494,0
DB12978,DB04356,0
DB00731,DB12005,1
DB00370,DB06636,1
DB01395,DB01134,0
DB01035,DB01295,1
DB03701,DB11979,0
DB00261,DB00180,0
DB11613,DB02134,0
DB00982,DB04841,0
DB00622,DB06282,1
DB00104,DB00694,0
DB01074,DB13874,1
DB00193,DB08912,1
DB00845,DB00862,1
DB06335,DB12301,1
DB00191,DB01068,0
DB00663,DB09167,0
DB00530,DB04840,1
DB00439,DB01191,1
DB00663,DB11886,0
DB00445,DB06203,0
DB01036,DB01472,1
DB01098,DB04884,1
DB00806,DB09327,0
DB01126,DB00486,0
DB03783,DB06512,1
DB00947,DB00490,0
DB06702,DB01117,0
DB01418,DB01126,0
DB00261,DB11995,0
DB00374,DB01079,1
DB01259,DB00843,0
DB01195,DB13174,1
DB03701,DB00216,0
DB06636,DB06702,1
DB09290,DB11619,0
DB09017,DB00173,0
DB01261,DB12245,1
DB00877,DB09299,1
DB00549,DB09061,1
DB01228,DB04871,1
DB06212,DB03783,0
DB00802,DB04911,0
DB00773,DB01211,1
DB00335,DB00563,0
DB01103,DB00378,0
DB01087,DB12235,1
DB01590,DB01190,0
DB11737,DB01171,0
DB00758,DB01406,1
DB00744,DB11737,0
DB06282,DB07615,0
DB06781,DB00324,0
DB01233,DB06268,0
DB00736,DB08827,0
DB01559,DB00304,0
DB06292,DB01086,0
DB04652,DB01275,0
DB01405,DB01198,0
DB00696,DB00209,0
DB11575,DB00422,0
DB00799,DB00437,0
DB08811,DB09039,1
DB01263,DB12130,1
DB09030,DB12612,0
DB00575,DB06335,1
DB11737,DB00612,0
DB01388,DB04884,1
DB11963,DB01405,0
DB00818,DB12371,1
DB03756,DB09101,0
DB04938,DB08901,1
DB06401,DB01097,0
DB01222,DB00201,0
DB09030,DB00289,0
DB01013,DB09048,1
DB00213,DB00891,0
DB00439,DB00799,1
DB09299,DB01134,0
DB01623,DB01007,0
DB12141,DB11942,0
DB01263,DB02187,1
DB09030,DB09090,0
DB00850,DB05990,1
DB01400,DB01595,0
DB00575,DB00279,0
DB11693,DB01595,0
DB12010,DB01194,0
DB00205,DB00549,0
DB02703,DB09101,1
DB01409,DB00744,0
DB01253,DB00672,0
DB00545,DB05814,0
DB01136,DB09095,0
DB01007,DB00307,0
DB11855,DB00817,0
DB00672,DB01595,0
DB00603,DB01095,1
DB00214,DB01028,1
DB05219,DB00264,0
DB00487,DB00813,0
DB09030,DB00846,0
DB01165,DB00737,0
DB00575,DB09054,1
DB00337,DB08907,0
DB00304,DB04896,1
DB00792,DB00866,1
DB03515,DB00945,0
DB01259,DB06738,1
DB12466,DB00527,0
DB08895,DB13179,1
DB00978,DB01221,0
DB01068,DB11581,1
DB01065,DB13158,0
DB01134,DB00834,0
DB01601,DB09128,1
DB00328,DB04911,1
DB09054,DB09079,1
DB00843,DB04574,1
DB00412,DB01026,1
DB00687,DB00518,0
DB00233,DB06701,0
DB01065,DB00694,0
DB00468,DB01576,1
DB00316,DB00496,1
DB00317,DB00951,1
DB01065,DB00796,0
DB00443,DB11652,1
DB00982,DB01645,0
DB00776,DB00687,0
DB00918,DB06292,0
DB11751,DB01406,0
DB00472,DB04216,1
DB04630,DB01037,0
DB08860,DB09213,1
DB00661,DB00993,1
DB01166,DB08896,1
DB06282,DB12978,0
DB01320,DB01764,1
DB00468,DB00862,1
DB01173,DB09053,1
DB00414,DB00234,0
DB01177,DB05541,1
DB00208,DB03783,1
DB00655,DB00184,0
DB00708,DB13179,1
DB00978,DB01412,1
DB01114,DB01167,1
DB01118,DB01173,1
DB01007,DB01191,0
DB00317,DB00330,1
DB00425,DB01067,1
DB01357,DB05109,1
DB01355,DB08901,0
DB04557,DB06626,0
DB00628,DB06712,1
DB01155,DB00968,0
DB00612,DB01263,1
DB00448,DB04829,1
DB00227,DB11942,1
DB01395,DB09073,1
DB01132,DB06201,0
DB00731,DB00865,0
DB06203,DB12218,0
DB09053,DB11679,1
DB00758,DB01394,0
DB00377,DB01131,1
DB00530,DB00642,1
DB01065,DB01032,0
DB00730,DB00845,0
DB00559,DB01195,1
DB00173,DB00721,0
DB00330,DB01337,0
DB03010,DB00208,0
DB00352,DB00740,0
DB00294,DB00188,0
DB06210,DB09225,1
DB12267,DB13879,1
DB00792,DB01656,0
DB09090,DB00888,0
DB00333,DB07615,1
DB00866,DB01183,0
DB01032,DB09101,1
DB00289,DB00956,0
DB00977,DB11652,1
DB01097,DB01117,1
DB00320,DB02134,0
DB00717,DB00802,1
DB00590,DB01181,1
DB04977,DB00528,0
DB00482,DB00622,1
DB06729,DB09128,1
DB00773,DB01166,1
DB00554,DB06595,0
DB00857,DB00976,1
DB09238,DB11652,1
DB01393,DB12612,1
DB00736,DB00708,0
DB01264,DB04908,1
DB00866,DB01394,0
DB09280,DB00487,0
DB01609,DB03701,0
DB00972,DB09238,1
DB09185,DB13179,1
DB00779,DB11689,1
DB00846,DB00656,0
DB00700,DB01264,1
DB02187,DB00527,0
DB04828,DB09054,0
DB00947,DB12026,0
DB01059,DB01595,0
DB00374,DB06693,0
DB01873,DB12466,0
DB00209,DB04861,1
DB01409,DB00250,0
DB01297,DB00367,0
DB09290,DB09030,0
DB00227,DB00580,1
DB00685,DB12218,0
DB01054,DB04856,1
DB01007,DB08860,0
DB01050,DB01611,1
DB00346,DB00353,1
DB00495,DB01320,1
DB08910,DB12141,1
DB00589,DB11915,1
DB01065,DB11672,1
DB11855,DB00367,0
DB02703,DB03783,1
DB00773,DB00818,1
DB00297,DB00699,1
DB11679,DB12267,1
DB01072,DB01176,1
DB00465,DB00857,1
DB00773,DB09183,1
DB00758,DB01198,1
DB00810,DB01058,0
DB11560,DB12005,1
DB11613,DB06774,0
DB00872,DB01380,1
DB01667,DB04070,1
DB00233,DB01236,0
DB12874,DB01595,0
DB01412,DB06212,0
DB01369,DB00805,0
DB00185,DB05814,0
DB00758,DB09166,1
DB01410,DB03783,1
DB00656,DB03783,1
DB00627,DB00740,0
DB00988,DB12457,0
DB09017,DB09198,0
DB09245,DB02187,0
DB00266,DB00549,1
DB00674,DB00997,1
DB00675,DB11979,1
DB00982,DB09048,1
DB00589,DB00675,1
DB00208,DB06803,1
DB12329,DB05990,0
DB03515,DB00861,0
DB00414,DB00184,0
DB00553,DB00851,1
DB00831,DB09297,0
DB08811,DB11817,0
DB11689,DB06741,0
DB01095,DB01624,1
DB06218,DB01064,0
DB05239,DB12471,0
DB01074,DB01100,1
DB00467,DB00623,0
DB00185,DB12245,1
DB00187,DB00496,1
DB01175,DB06595,1
DB00316,DB00866,1
DB06777,DB01191,0
DB06603,DB06726,1
DB00706,DB00976,1
DB01201,DB00694,0
DB00603,DB06268,1
DB01134,DB09227,1
DB00663,DB00575,0
DB01058,DB11730,1
DB00588,DB01098,1
DB02134,DB06626,1
DB00381,DB01142,1
DB04839,DB09034,1
DB01103,DB06419,1
DB00744,DB00843,1
DB01026,DB01136,1
DB00227,DB05271,1
DB00737,DB08808,1
DB00976,DB01181,1
DB00330,DB04938,1
DB00104,DB11951,0
DB01097,DB05239,0
DB00530,DB00836,1
DB01035,DB04871,1
DB06725,DB11586,1
DB01223,DB02187,0
DB08882,DB11942,1
DB00322,DB04574,1
DB00401,DB11886,0
DB01297,DB09185,1
DB08907,DB05814,0
DB00180,DB04889,0
DB11697,DB01138,0
DB00370,DB06712,1
DB08798,DB08846,0
DB01264,DB05109,1
DB09123,DB01357,0
DB00370,DB11837,1
DB01392,DB11718,1
DB00330,DB01472,1
DB00788,DB08798,1
DB00334,DB11753,1
DB01117,DB01136,1
DB08864,DB08901,1
DB06605,DB09227,1
DB01192,DB01050,0
DB01096,DB04946,1
DB00193,DB11652,1
DB00897,DB00352,0
DB00619,DB06210,1
DB09235,DB00338,0
DB01062,DB00712,0
DB00796,DB00574,0
DB00586,DB00932,1
DB01628,DB09173,1
DB04825,DB01472,0
DB04861,DB08995,0
DB00951,DB11963,1
DB03515,DB00621,0
DB01405,DB01245,0
DB00730,DB12005,0
DB00806,DB13179,1
DB11560,DB00358,0
DB01357,DB00877,0
DB08804,DB00288,0
DB00330,DB00574,1
DB00845,DB08933,0
DB00740,DB04840,0
DB06774,DB09083,0
DB12301,DB08846,0
DB00976,DB05271,1
DB05294,DB08807,0
DB00277,DB01263,1
DB00568,DB00977,1
DB01195,DB01224,1
DB00433,DB04920,1
DB02703,DB09185,1
DB01166,DB06691,1
DB01394,DB02709,0
DB00188,DB01621,1
DB00382,DB01173,1
DB06636,DB00851,0
DB00224,DB00593,1
DB05812,DB11817,0
DB06144,DB11915,1
DB00309,DB01263,1
DB01072,DB05271,1
DB00744,DB01095,1
DB00277,DB01044,1
DB00335,DB08912,0
DB00564,DB01114,1
DB00549,DB00764,0
DB00675,DB00951,1
DB05109,DB09330,1
DB12471,DB00663,0
DB00255,DB01412,0
DB02709,DB09101,0
DB01211,DB09101,1
DB01194,DB06287,0
DB04725,DB08864,1
DB01873,DB01168,0
DB11995,DB09555,0
DB01384,DB11614,0
DB01228,DB01621,1
DB12301,DB00346,0
DB09299,DB00391,0
DB00988,DB08502,0
DB04572,DB09048,1
DB00379,DB00454,1
DB01412,DB09299,0
DB00215,DB02134,1
DB00758,DB01076,1
DB00392,DB01086,0
DB00444,DB00590,1
DB09063,DB11730,1
DB00951,DB01396,1
DB00184,DB00273,0
DB01319,DB00378,0
DB00381,DB08882,1
DB00736,DB06148,0
DB00468,DB01037,1
DB00361,DB00736,0
DB00549,DB09213,1
DB01193,DB01264,1
DB00118,DB01406,0
DB00361,DB06207,0
DB11952,DB01131,0
DB00307,DB01132,1
DB01591,DB05239,0
DB08865,DB08873,1
DB06693,DB06077,0
DB00863,DB00960,1
DB00571,DB06419,1
DB00554,DB01195,1
DB09213,DB00445,0
DB04898,DB06237,1
DB01065,DB02134,1
DB00317,DB01590,1
DB01098,DB01211,1
DB00687,DB00872,1
DB12329,DB00388,0
DB00477,DB00627,1
DB01210,DB00850,0
DB01039,DB01406,1
DB04889,DB08808,1
DB00863,DB01195,1
DB04844,DB12005,1
DB08807,DB11614,1
DB09245,DB11574,0
DB09053,DB00268,0
DB00439,DB01174,1
DB00277,DB04946,1
DB00531,DB04977,1
DB09274,DB01367,0
DB01129,DB09167,1
DB01264,DB09224,0
DB00533,DB09101,1
DB00365,DB01406,1
DB01087,DB04838,1
DB01171,DB04557,0
DB09290,DB01708,0
DB01096,DB00802,0
DB00227,DB01036,1
DB01086,DB00864,0
DB00338,DB04861,1
DB05812,DB06218,0
DB12245,DB12332,1
DB00615,DB04216,0
DB00533,DB09290,1
DB00471,DB01177,1
DB04844,DB12278,0
DB00518,DB12319,1
DB00619,DB00896,0
DB00377,DB01601,1
DB11737,DB09245,0
DB12267,DB00850,0
DB01248,DB09099,1
DB00669,DB04839,0
DB01228,DB01181,0
DB01275,DB00792,0
DB01165,DB09273,1
DB00193,DB00675,1
DB00486,DB12597,1
DB09299,DB01210,0
DB00173,DB01104,0
DB00934,DB01096,1
DB02703,DB09065,1
DB01359,DB08901,1
DB00891,DB13874,1
DB04839,DB01044,0
DB04216,DB12543,0
DB00778,DB06218,1
DB00619,DB00323,0
DB06725,DB00234,0
DB00496,DB00532,1
DB08804,DB01165,0
DB00224,DB08922,1
DB01114,DB06595,1
DB00531,DB09099,1
DB00700,DB00277,0
DB00668,DB09039,1
DB00818,DB01032,1
DB01095,DB03783,1
DB00571,DB00953,1
DB01232,DB05814,0
DB00736,DB01129,1
DB01054,DB00324,0
DB00201,DB04920,0
DB00208,DB01064,0
DB01076,DB01544,1
DB13158,DB01183,0
DB11757,DB01208,0
DB00956,DB01406,1
DB01142,DB02489,1
DB00205,DB01201,0
DB00554,DB01075,1
DB12978,DB01261,0
DB00343,DB01100,1
DB11581,DB11679,1
DB00559,DB00827,0
DB00912,DB06803,0
DB00227,DB00724,0
DB00352,DB06414,0
DB08811,DB08875,0
DB00860,DB00802,0
DB06292,DB00465,0
DB00384,DB06803,1
DB00749,DB09124,0
DB09225,DB09274,0
DB00674,DB00705,1
DB00731,DB00904,1
DB06729,DB00392,0
DB04908,DB09185,1
DB01183,DB01064,0
DB00176,DB09290,1
DB00402,DB11837,1
DB00655,DB01037,0
DB09049,DB00378,0
DB01544,DB06741,1
DB00439,DB00976,1
DB09166,DB11718,1
DB00194,DB12978,0
DB06777,DB00914,0
DB11574,DB12245,0
DB00805,DB00857,1
DB00402,DB01275,1
DB01591,DB00615,0
DB00356,DB01118,1
DB09330,DB12332,1
DB04725,DB08798,1
DB04652,DB04889,0
DB00177,DB06419,0
DB01190,DB12218,0
DB04839,DB13174,0
DB05885,DB01210,0
DB01167,DB11574,1
DB00949,DB01126,0
DB06207,DB00338,0
DB00468,DB00543,1
DB04835,DB00358,0
DB01587,DB12026,0
DB01263,DB09223,1
DB01232,DB09225,1
DB06817,DB00163,0
DB12319,DB00906,0
DB01337,DB12267,0
DB06726,DB04630,0
DB04825,DB13174,0
DB00205,DB06292,0
DB00173,DB12093,0
DB01041,DB01132,0
DB00184,DB01104,1
DB00622,DB01167,1
DB01007,DB00839,0
DB08882,DB09389,1
DB00533,DB11737,0
DB08901,DB09213,1
DB01195,DB09061,1
DB01384,DB00865,0
DB00361,DB01406,1
DB06152,DB00484,0
DB00381,DB11837,0
DB06287,DB11952,1
DB01029,DB00240,0
DB09216,DB00850,0
DB04977,DB11823,0
DB01026,DB11730,1
DB00215,DB00590,1
DB01047,DB04871,0
DB11672,DB12161,1
DB01357,DB00209,0
DB00448,DB00946,1
DB04552,DB00751,0
DB12978,DB00933,0
DB00169,DB11672,1
DB12001,DB00465,0
DB00250,DB00304,1
DB02489,DB12612,0
DB09225,DB11855,0
DB12026,DB01035,0
DB00706,DB04871,1
DB00379,DB00575,1
DB04070,DB09039,1
DB00185,DB01238,1
DB01130,DB00297,0
DB06729,DB08877,1
DB00482,DB00543,1
DB01405,DB11751,0
DB00409,DB09065,1
DB12147,DB01074,0
DB00475,DB01211,0
DB12010,DB00234,0
DB00365,DB01628,1
DB00444,DB08873,1
DB00494,DB01045,1
DB00764,DB09280,0
DB00973,DB09049,0
DB01047,DB11652,1
DB00752,DB04845,0
DB00309,DB00205,0
DB00220,DB11823,1
DB09389,DB00998,0
DB00191,DB04896,1
DB00711,DB00589,0
DB01223,DB09099,1
DB09297,DB01096,0
DB11619,DB06267,0
DB00663,DB08865,1
DB00104,DB01198,1
DB00911,DB08815,0
DB00582,DB06803,1
DB00508,DB01283,0
DB01200,DB00163,0
DB06412,DB00422,0
DB00476,DB00324,0
DB01357,DB01192,0
DB00864,DB01224,1
DB00672,DB04856,1
DB00250,DB00277,1
DB00598,DB09296,1
DB00806,DB01137,1
DB00486,DB11689,1
DB01232,DB11619,1
DB00914,DB00454,0
DB00857,DB00933,1
DB00439,DB08880,1
DB00185,DB01075,1
DB01559,DB01601,1
DB09102,DB09389,0
DB01014,DB12245,0
DB00374,DB00532,1
DB00998,DB00412,0
DB00425,DB01098,1
DB00482,DB08502,1
DB00486,DB01232,1
DB00627,DB00448,0
DB13919,DB01263,0
DB04070,DB00656,0
DB06729,DB09053,1
DB00486,DB11614,1
DB00737,DB06603,1
DB01094,DB00724,0
DB00872,DB09079,1
DB00872,DB12978,1
DB12513,DB04977,0
DB01217,DB00749,0
DB00553,DB06626,1
DB09039,DB03701,0
DB04557,DB11751,0
DB00904,DB01181,1
DB00588,DB00549,0
DB00320,DB12887,1
DB09273,DB00444,0
DB00655,DB00973,0
DB00532,DB00675,1
DB08811,DB12713,0
DB04846,DB00956,0
DB00335,DB00934,1
DB08995,DB01002,0
DB00806,DB06594,1
DB09123,DB09225,0
DB00201,DB09124,0
DB00827,DB09273,1
DB00623,DB00911,0
DB01621,DB06152,0
DB01303,DB11581,0
DB00338,DB06712,1
DB00909,DB11757,1
DB08865,DB00810,0
DB04557,DB11995,1
DB01242,DB01591,1
DB00363,DB05708,1
DB00169,DB01238,1
DB08827,DB06292,0
DB00758,DB00831,1
DB00959,DB12548,0
DB00818,DB01095,1
DB00787,DB00414,0
DB00365,DB00788,1
DB00501,DB06605,1
DB00978,DB01667,1
DB09238,DB12267,1
DB01026,DB09216,1
DB01007,DB00545,0
DB04911,DB11915,1
DB04884,DB01259,0
DB04825,DB04894,0
DB00705,DB04842,1
DB00173,DB00545,0
DB06817,DB00598,0
DB08864,DB11652,1
DB04908,DB09065,1
DB06777,DB00352,0
DB01873,DB01472,0
DB11921,DB00574,0
DB00918,DB01232,1
DB04841,DB12693,1
DB09227,DB01007,0
DB00731,DB08865,1
DB00661,DB09273,1
DB00557,DB00947,0
DB01032,DB01176,0
DB01076,DB09048,1
DB09290,DB01590,0
DB12329,DB00679,0
DB00608,DB00932,1
DB00250,DB06691,0
DB06789,DB12483,1
DB00201,DB00352,0
DB11915,DB08502,0
DB00195,DB01087,1
DB00353,DB00744,0
DB00227,DB01412,0
DB04871,DB09173,1
DB00969,DB04076,1
DB00575,DB01095,1
DB01194,DB00589,0
DB00924,DB11796,0
DB00455,DB01076,1
DB06287,DB12301,1
DB00214,DB03756,1
DB00850,DB04076,1
DB00857,DB05708,1
DB00539,DB04572,0
DB06401,DB08820,0
DB00555,DB00205,0
DB00543,DB11574,0
DB00978,DB00960,0
DB05109,DB01058,0
DB04356,DB12371,0
DB01411,DB06636,1
DB06152,DB01217,0
DB03575,DB00741,0
DB01392,DB09053,1
DB01131,DB09288,1
DB01611,DB01764,0
DB00910,DB06603,0
DB04920,DB11979,1
DB00530,DB09167,1
DB00169,DB00205,0
DB00700,DB06781,0
DB01410,DB09290,0
DB00863,DB11967,1
DB00906,DB00598,0
DB00279,DB00475,0
DB01418,DB06203,0
DB01175,DB00724,0
DB01118,DB06700,1
DB01544,DB00997,0
DB05885,DB06781,0
DB00590,DB00872,1
DB00730,DB01405,1
DB00568,DB00484,0
DB00539,DB05812,0
DB09034,DB00213,0
DB04838,DB00494,0
DB00924,DB00184,0
DB00862,DB01103,1
DB00674,DB00731,1
DB01037,DB04725,1
DB04838,DB00532,0
DB00440,DB11828,0
DB00545,DB09198,0
DB04884,DB05109,1
DB00532,DB11560,1
DB01191,DB12005,1
DB00620,DB11942,0
DB01198,DB03010,1
DB05812,DB01355,0
DB00914,DB11575,0
DB00553,DB00904,1
DB00193,DB01580,1
DB01058,DB00440,0
DB01384,DB06691,0
DB00675,DB01087,1
DB00193,DB08502,0
DB00623,DB01211,0
DB06401,DB00104,0
DB08846,DB01580,0
DB01405,DB13174,1
DB01576,DB09195,1
DB09195,DB00381,0
DB00911,DB09185,1
DB00270,DB00448,1
DB00469,DB06738,1
DB09245,DB13874,0
DB01609,DB09297,1
DB06077,DB04894,0
DB09227,DB09330,1
DB01152,DB04557,0
DB00656,DB00724,0
DB01173,DB04846,1
DB00784,DB00934,1
DB00724,DB01595,0
DB06148,DB00677,0
DB04828,DB01611,0
DB00270,DB00317,1
DB00277,DB00706,1
DB01393,DB00677,0
DB00778,DB01167,1
DB01041,DB01645,1
DB00334,DB00993,1
DB09017,DB06212,0
DB02703,DB00655,0
DB00622,DB00814,1
DB00531,DB01175,1
DB00851,DB05039,0
DB01405,DB00841,0
DB00358,DB00582,1
DB00240,DB08877,0
DB00395,DB09123,0
DB00712,DB04794,0
DB00173,DB01406,0
DB00401,DB01095,1
DB00270,DB09053,1
DB01685,DB00199,0
DB12218,DB01168,0
DB00617,DB00253,0
DB01264,DB01536,1
DB01214,DB09048,0
DB01131,DB12693,0
DB04070,DB00849,0
DB11963,DB00817,0
DB00773,DB06594,1
DB00726,DB00857,1
DB00530,DB00574,1
DB01058,DB04861,1
DB00351,DB08846,0
DB00530,DB00998,1
DB00243,DB08827,1
DB00209,DB12332,1
DB00412,DB01079,1
DB06401,DB00571,0
DB00250,DB01406,1
DB05246,DB11967,1
DB00960,DB11837,1
DB09238,DB08798,0
DB00907,DB11757,1
DB00619,DB08846,0
DB00697,DB01369,0
DB01245,DB12457,0
DB01118,DB04884,1
DB00857,DB09204,1
DB01406,DB09232,1
DB00330,DB04898,1
DB08798,DB11967,0
DB01223,DB02134,1
DB00705,DB00908,1
DB00439,DB00209,0
DB09083,DB12235,0
DB05239,DB00945,0
DB01059,DB09073,0
DB00751,DB00810,1
DB01357,DB06756,0
DB00932,DB11581,1
DB03010,DB00486,0
DB01095,DB01181,1
DB01211,DB09216,1
DB01254,DB00677,0
DB00549,DB11823,1
DB01134,DB00788,0
DB06268,DB00553,0
DB00705,DB01400,0
DB00865,DB06212,0
DB00454,DB03515,0
DB09235,DB01086,0
DB09123,DB08815,0
DB00304,DB04835,0
DB00338,DB12245,1
DB09273,DB11837,1
DB04855,DB05812,1
DB11718,DB09099,0
DB04076,DB06789,0
DB00215,DB11581,1
DB11817,DB01059,0
DB08808,DB00588,0
DB00700,DB06730,1
DB04938,DB11837,1
DB00539,DB06201,0
DB11691,DB12245,0
DB08931,DB00437,0
DB01393,DB02134,0
DB04828,DB00778,0
DB01355,DB01319,0
DB06636,DB12597,1
DB00629,DB01165,0
DB00379,DB06603,1
DB00590,DB09555,1
DB08931,DB09173,0
DB00696,DB01394,1
DB01611,DB11689,1
DB11691,DB09090,0
DB03701,DB09198,0
DB01259,DB01303,0
DB08865,DB00891,0
DB01303,DB02134,1
DB01173,DB00796,0
DB04938,DB06148,1
DB01174,DB06725,1
DB00779,DB01628,1
DB00425,DB08882,1
DB01012,DB00322,0
DB00455,DB06739,1
DB00356,DB04574,1
DB00934,DB01410,1
DB04845,DB00737,0
DB00346,DB00253,0
DB02187,DB00309,0
DB01211,DB09288,1
DB08807,DB00973,0
DB09555,DB00559,0
DB00846,DB05294,0
DB04975,DB00384,0
DB00448,DB04841,1
DB11693,DB00528,0
DB00810,DB11753,0
DB04829,DB01685,0
DB00288,DB00194,0
DB00574,DB00629,1
DB00751,DB01388,1
DB00956,DB13174,1
DB01130,DB04884,0
DB00910,DB00683,0
DB00820,DB01104,0
DB06741,DB00669,0
DB00367,DB00951,1
DB00687,DB01263,1
DB00864,DB01076,1
DB01062,DB01075,1
DB11730,DB00422,0
DB00472,DB12319,1
DB00568,DB06403,0
DB00531,DB00705,1
DB00361,DB01254,1
DB11886,DB01064,0
DB00214,DB11712,0
DB04552,DB11952,0
DB01667,DB01357,0
DB00574,DB00730,1
DB06595,DB01176,0
DB00238,DB11614,1
DB00391,DB00700,0
DB09048,DB00527,0
DB00706,DB06712,1
DB01026,DB01595,1
DB08912,DB12319,1
DB01195,DB12161,1
DB00402,DB06412,1
DB00997,DB01274,1
DB00802,DB00412,0
DB00243,DB00802,0
DB00759,DB04832,1
DB01261,DB00549,0
DB00468,DB01198,1
DB00320,DB09101,1
DB00740,DB00784,1
DB00779,DB00997,0
DB00414,DB00337,0
DB00530,DB11730,1
DB04920,DB06148,1
DB00850,DB11995,0
DB04838,DB08815,0
DB00554,DB11679,1
DB11978,DB00706,0
DB00932,DB01591,1
DB01595,DB01181,0
DB01264,DB12245,1
DB01047,DB00273,0
DB00530,DB00700,1
DB09124,DB12026,0
DB01259,DB09245,0
DB01264,DB04946,1
DB06789,DB00382,0
DB11967,DB01047,0
DB00758,DB01100,1
DB11837,DB00845,0
DB01210,DB01587,0
DB00163,DB01097,0
DB00494,DB00968,1
DB00263,DB00675,1
DB01248,DB00539,0
DB00912,DB13874,1
DB04911,DB00819,0
DB06701,DB11560,0
DB09124,DB11791,0
DB00912,DB00711,0
DB00705,DB05294,1
DB01192,DB01232,1
DB00324,DB01044,0
DB06654,DB11737,0
DB01190,DB01667,1
DB06292,DB00309,0
DB01037,DB09053,1
DB04832,DB06218,1
DB00744,DB04861,0
DB00865,DB01410,0
DB00494,DB09173,1
DB04832,DB09299,1
DB06595,DB00118,0
DB00897,DB12874,1
DB00628,DB00443,0
DB06287,DB09185,1
DB06207,DB00118,0
DB00843,DB06739,1
DB01173,DB11837,1
DB01100,DB00471,0
DB01405,DB05708,1
DB06201,DB04828,0
DB08895,DB00425,0
DB00439,DB00949,0
DB13878,DB00176,0
DB00224,DB00433,1
DB00717,DB08877,1
DB02187,DB00764,0
DB00839,DB11689,1
DB09054,DB06777,0
DB09238,DB00704,0
DB00270,DB11757,1
DB12005,DB12693,1
DB06741,DB00261,0
DB12674,DB01337,0
DB00672,DB00949,1
DB01129,DB00764,0
DB00455,DB00177,0
DB01166,DB11712,1
DB01369,DB04894,0
DB00328,DB00549,1
DB00568,DB09225,1
DB01263,DB00850,0
DB01191,DB09280,0
DB00476,DB02703,1
DB12466,DB01201,0
DB06228,DB00433,0
DB00316,DB06603,1
DB04794,DB00445,0
DB00952,DB01152,0
DB00204,DB00356,0
DB00749,DB06803,1
DB00617,DB00685,0
DB01131,DB01580,1
DB00997,DB09327,0
DB06595,DB09090,1
DB00872,DB01254,1
DB00255,DB00549,1
DB00384,DB00741,0
DB00674,DB00951,1
DB09389,DB00330,0
DB11942,DB00455,0
DB01174,DB12245,1
DB01395,DB04894,1
DB12612,DB00395,0
DB12278,DB00846,0
DB00582,DB11730,1
DB00752,DB00988,1
DB01181,DB12141,1
DB00487,DB11757,1
DB00378,DB00353,0
DB04920,DB04946,1
DB01183,DB00745,0
DB03783,DB09273,1
DB00486,DB01357,1
DB00947,DB00731,0
DB01656,DB09030,1
DB01096,DB04855,0
DB00494,DB01079,1
DB00745,DB01621,0
DB09235,DB02789,0
DB06691,DB01067,0
DB06738,DB06774,0
DB00721,DB12471,0
DB01355,DB06803,1
DB00261,DB12597,0
DB13174,DB00897,0
DB01171,DB01873,0
DB00333,DB01012,1
DB00185,DB09229,0
DB01065,DB06803,1
DB09065,DB12267,1
DB06210,DB00263,0
DB00977,DB01012,1
DB01248,DB04854,0
DB01191,DB08864,1
DB08882,DB01412,0
DB03701,DB08995,0
DB01536,DB07615,0
DB12010,DB11614,0
DB01601,DB09235,1
DB01211,DB09291,1
DB00169,DB00934,1
DB00294,DB03575,0
DB00787,DB00378,0
DB08893,DB00268,0
DB01131,DB04889,1
DB00471,DB00532,1
DB04846,DB09053,1
DB00687,DB06595,1
DB11614,DB12332,1
DB00656,DB08846,0
DB00951,DB04572,1
DB00906,DB00845,0
DB01076,DB01645,1
DB00805,DB01357,0
DB01221,DB06712,1
DB00356,DB00888,0
DB02703,DB11574,1
DB00363,DB00846,0
DB05271,DB09238,1
DB01369,DB09048,1
DB00220,DB09273,0
DB00328,DB00532,1
DB01388,DB09048,1
DB00976,DB01190,1
DB00264,DB06287,1
DB01217,DB09299,0
DB06691,DB06817,0
DB00783,DB01130,0
DB01132,DB01685,1
DB01114,DB09204,1
DB00467,DB13174,0
DB00396,DB00805,1
DB01036,DB04725,1
DB12941,DB00914,0
DB12020,DB01263,0
DB00685,DB01472,0
DB12466,DB00620,0
DB00827,DB01223,1
DB01168,DB00730,0
DB01536,DB06636,1
DB00486,DB00834,1
DB01245,DB01059,0
DB00557,DB05708,0
DB00655,DB01359,0
DB01252,DB00539,0
DB12010,DB01595,0
DB06729,DB08910,0
DB11967,DB05271,0
DB01032,DB06210,1
DB00270,DB01087,1
DB04839,DB09299,1
DB00749,DB06210,1
DB00784,DB06739,1
DB01193,DB06201,0
DB01392,DB11979,1
DB01392,DB09185,1
DB00661,DB01007,0
DB00315,DB00908,1
DB06678,DB11837,1
DB01472,DB09053,1
DB00465,DB11757,1
DB00180,DB09236,0
DB01032,DB00234,0
DB00304,DB08860,1
DB00580,DB08873,1
DB00328,DB09280,1
DB00918,DB01095,1
DB09167,DB01764,0
DB04838,DB09101,1
DB00603,DB00983,1
DB00757,DB01409,1
DB00215,DB01303,1
DB01264,DB06781,0
DB00454,DB00582,1
DB00494,DB00927,0
DB09185,DB01764,0
DB01227,DB01126,0
DB01036,DB00324,0
DB01193,DB04840,1
DB00224,DB00557,1
DB00169,DB08864,0
DB00401,DB02489,0
DB00396,DB00315,0
DB00589,DB00908,1
DB09123,DB11575,0
DB00679,DB09065,1
DB00216,DB00489,1
DB01173,DB11613,1
DB00778,DB06414,0
DB00836,DB03010,0
DB00486,DB00603,1
DB00623,DB12026,0
DB00757,DB09101,1
DB06654,DB12130,0
DB01155,DB04574,1
DB12471,DB00784,0
DB01032,DB01075,1
DB00486,DB06218,1
DB00422,DB06738,0
DB12130,DB00334,0
DB11693,DB01048,0
DB00976,DB04574,1
DB01268,DB09099,1
DB06212,DB00891,0
DB00297,DB11652,1
DB00810,DB01208,0
DB00270,DB00891,0
DB00209,DB00264,1
DB06218,DB09291,0
DB09061,DB05814,0
DB00568,DB09185,1
DB01131,DB06702,1
DB01400,DB04794,0
DB08877,DB13174,1
DB05708,DB13003,0
DB01259,DB11682,1
DB01094,DB01264,0
DB00201,DB01100,1
DB00574,DB12612,0
DB01472,DB00973,0
DB09030,DB00827,0
DB00401,DB00494,0
DB00850,DB00927,1
DB00104,DB00409,0
DB00601,DB12597,0
DB01297,DB06729,1
DB00845,DB01152,0
DB00338,DB06292,0
DB00685,DB00897,0
DB00724,DB01623,0
DB00685,DB06817,0
DB00270,DB09095,1
DB00972,DB09173,1
DB01059,DB01623,1
DB06412,DB00705,0
DB01050,DB02187,0
DB00969,DB01067,1
DB00952,DB11586,0
DB00448,DB11652,1
DB09071,DB00184,0
DB00499,DB08867,0
DB00694,DB08439,0
DB00959,DB01236,0
DB01195,DB11586,1
DB01588,DB11575,0
DB04911,DB01367,0
DB01152,DB09273,1
DB00531,DB00185,0
DB00255,DB11652,1
DB01026,DB05154,1
DB00530,DB01580,1
DB06594,DB08895,0
DB06678,DB09291,1
DB09245,DB00694,0
DB00365,DB11679,0
DB05219,DB00810,0
DB01012,DB01136,1
DB00977,DB01367,1
DB00571,DB13179,1
DB00471,DB00969,1
DB11679,DB09244,0
DB00820,DB09054,0
DB00908,DB04896,1
DB00806,DB00283,0
DB00208,DB12483,0
DB06414,DB01384,0
DB00983,DB01403,1
DB08907,DB04844,0
DB06203,DB11951,0
DB00358,DB04977,0
DB00289,DB06412,1
DB06702,DB11828,0
DB00194,DB01009,0
DB00843,DB01072,1
DB11575,DB00593,0
DB00532,DB06803,1
DB00951,DB06605,1
DB00193,DB00227,1
DB06228,DB00590,0
DB06292,DB01400,0
DB00731,DB01191,1
DB01050,DB08804,0
DB04889,DB06594,1
DB00621,DB01355,1
DB00674,DB11757,1
DB00352,DB05219,0
DB00539,DB12371,0
DB00959,DB06144,0
DB04356,DB13879,0
DB01190,DB06403,1
DB00496,DB01142,1
DB01233,DB08901,1
DB09090,DB09054,0
DB00608,DB06267,1
DB00993,DB08903,0
DB00202,DB11791,0
DB01380,DB08808,0
DB05885,DB06774,0
DB00363,DB11712,1
DB00678,DB00872,1
DB00914,DB01079,1
DB00216,DB01263,1
DB00266,DB04977,0
DB00501,DB09034,1
DB00947,DB00802,0
DB04838,DB01094,0
DB00730,DB04889,1
DB01035,DB00253,0
DB00554,DB08811,0
DB00379,DB00501,1
DB13878,DB04665,0
DB01067,DB00378,0
DB00706,DB06144,1
DB00557,DB09204,1
DB01167,DB12329,1
DB01167,DB09143,1
DB08439,DB01094,0
DB04825,DB00378,0
DB05109,DB12218,0
DB00726,DB00394,0
DB04356,DB09090,0
DB13919,DB01409,0
DB06267,DB12483,1
DB00788,DB09101,0
DB00910,DB09048,1
DB00185,DB05812,1
DB06414,DB11823,1
DB00752,DB08860,1
DB00317,DB00568,1
DB00361,DB01087,1
DB01217,DB09288,1
DB00177,DB06730,0
DB00320,DB11855,0
DB09123,DB11679,0
DB12457,DB12093,0
DB01193,DB06603,1
DB00751,DB06739,1
DB12130,DB01096,0
DB09296,DB00738,0
DB00396,DB04894,0
DB01152,DB11757,0
DB00951,DB04855,1
DB01210,DB08811,0
DB05814,DB00255,0
DB00215,DB01136,1
DB00396,DB06603,1
DB00279,DB01236,0
DB00118,DB00555,0
DB09274,DB06695,0
DB01320,DB09227,1
DB01130,DB00233,0
DB00204,DB11581,1
DB00951,DB01558,1
DB00745,DB00668,0
DB00234,DB00177,0
DB00740,DB01079,1
DB00370,DB00655,0
DB09183,DB00180,0
DB00623,DB01058,0
DB09124,DB11837,0
DB12332,DB12693,1
DB08867,DB13919,0
DB00177,DB00745,1
DB00279,DB00708,0
DB06210,DB09241,1
DB05271,DB11697,0
DB12597,DB06292,0
DB01708,DB05109,0
DB06218,DB00687,0
DB00347,DB09296,1
DB00563,DB00752,0
DB09071,DB11697,1
DB00906,DB00668,0
DB01098,DB01210,0
DB00394,DB01142,0
DB00897,DB06789,1
DB00705,DB12026,1
DB00976,DB01026,1
DB08816,DB01411,0
DB00465,DB00951,1
DB00932,DB06218,1
DB00351,DB00872,1
DB05239,DB09143,1
DB04911,DB00947,0
DB00205,DB00214,1
DB01320,DB06700,1
DB00250,DB12267,1
DB00559,DB11979,0
DB01227,DB11828,0
DB01036,DB05990,0
DB00598,DB06729,1
DB02703,DB09183,1
DB00518,DB05109,1
DB01295,DB05109,1
DB01268,DB11952,1
DB00553,DB00656,0
DB00864,DB01245,0
DB00402,DB01076,1
DB00201,DB01210,0
DB06739,DB09213,1
DB00374,DB09073,0
DB11730,DB04977,0
DB00749,DB08875,1
DB00792,DB00934,1
DB11730,DB00240,0
DB00188,DB00381,1
DB01211,DB06726,0
DB01628,DB04844,1
DB01198,DB08811,1
DB00433,DB08882,1
DB00384,DB00888,0
DB00495,DB06738,1
DB09079,DB01588,0
DB00224,DB06741,1
DB00377,DB09054,0
DB00951,DB11581,1
DB11757,DB12130,1
DB01054,DB11672,1
DB00501,DB01132,1
DB00820,DB09274,0
DB00731,DB08873,1
DB00333,DB09173,1
DB00220,DB11652,1
DB00820,DB01227,0
DB09280,DB01002,0
DB00976,DB01400,0
DB00214,DB00255,1
DB06789,DB00966,0
DB08918,DB04356,0
DB06730,DB01283,0
DB01221,DB00778,0
DB00377,DB06729,1
DB00571,DB00792,1
DB00317,DB00333,1
DB04894,DB08895,1
DB04835,DB01396,0
DB11995,DB00759,0
DB04854,DB01388,0
DB01588,DB01013,0
DB00316,DB06144,1
DB01079,DB01621,1
DB09095,DB00532,0
DB06228,DB00907,0
DB00932,DB01072,1
DB00425,DB07615,1
DB01645,DB00612,0
DB00934,DB12693,1
DB04828,DB06729,0
DB00531,DB00655,0
DB01396,DB09099,1
DB00636,DB01544,1
DB12235,DB00783,0
DB09235,DB13878,0
DB09198,DB03515,0
DB06803,DB06654,0
DB08867,DB06292,0
DB00214,DB00617,1
DB00309,DB00193,0
DB00495,DB00969,1
DB04725,DB00976,0
DB09173,DB06335,0
DB00496,DB00589,1
DB04957,DB00851,0
DB11817,DB06403,0
DB01411,DB09288,1
DB00402,DB09239,0
DB01194,DB09099,0
DB00621,DB05885,0
DB00627,DB05541,0
DB00248,DB12235,1
DB00261,DB05271,0
DB00443,DB02703,1
DB00677,DB11828,0
DB00599,DB11560,0
DB13878,DB00946,0
DB00205,DB00778,0
DB12513,DB12020,0
DB01403,DB11995,0
DB00993,DB06595,0
DB06605,DB12612,1
DB01074,DB00518,0
DB00244,DB01008,0
DB00169,DB01559,0
DB00191,DB01232,1
DB00752,DB01136,1
DB00685,DB00813,0
DB01098,DB00169,0
DB00343,DB01058,1
DB04856,DB11757,1
DB06077,DB12941,0
DB01104,DB12597,1
DB01012,DB01211,1
DB01595,DB00496,0
DB00951,DB11951,1
DB00440,DB01094,0
DB00857,DB01171,1
DB00184,DB01175,1
DB04911,DB00434,0
DB01409,DB05708,0
DB00208,DB00977,1
DB00205,DB00347,1
DB00469,DB06414,1
DB00215,DB00317,1
DB00753,DB11581,0
DB00379,DB00863,1
DB01611,DB11757,1
DB00224,DB01242,1
DB06693,DB12010,0
DB00751,DB09167,1
DB00216,DB12483,0
DB00191,DB11730,1
DB00778,DB09063,1
DB00533,DB00904,1
DB01026,DB04842,1
DB03010,DB00705,0
DB00533,DB03756,1
DB00784,DB06292,1
DB09073,DB12267,1
DB06626,DB09167,1
DB08502,DB01403,0
DB00891,DB01041,1
DB01393,DB02709,0
DB06817,DB06781,0
DB09167,DB11672,1
DB01044,DB00627,0
DB00224,DB00361,1
DB00827,DB00717,0
DB12093,DB00324,0
DB12887,DB04977,0
DB00195,DB01095,1
DB00741,DB08873,1
DB00669,DB12005,0
DB01621,DB00678,0
DB00574,DB01193,1
DB01028,DB06203,1
DB01155,DB11979,0
DB00553,DB00347,0
DB11581,DB00642,0
DB04898,DB08893,0
DB00476,DB04841,1
DB05814,DB00615,0
DB08881,DB04856,0
DB06282,DB01708,0
DB04828,DB09053,0
DB00818,DB09143,1
DB05219,DB00827,0
DB00661,DB00802,1
DB03783,DB00813,0
DB09101,DB12001,1
DB08827,DB00471,0
DB00685,DB01214,0
DB00201,DB00531,0
DB01369,DB01601,0
DB06403,DB00819,0
DB00591,DB01576,0
DB00270,DB08922,1
DB01536,DB00762,0
DB00294,DB01396,0
DB01275,DB12693,0
DB00439,DB00571,1
DB00367,DB00338,0
DB00668,DB04216,1
DB00209,DB04920,1
DB00252,DB00289,1
DB12513,DB00655,0
DB00443,DB00353,0
DB09213,DB11586,1
DB11619,DB00268,0
DB00396,DB09053,1
DB01558,DB00621,0
DB00379,DB09185,1
DB04840,DB00851,0
DB00960,DB08881,1
DB08804,DB00724,0
DB01227,DB00910,0
DB01590,DB09071,1
DB00863,DB13174,1
DB00412,DB00425,1
DB00751,DB12693,1
DB00857,DB00993,1
DB08807,DB11915,1
DB00896,DB00787,0
DB01181,DB06700,1
DB06292,DB06144,0
DB00205,DB00846,0
DB05812,DB00361,0
DB00947,DB01400,0
DB01645,DB00865,0
DB00445,DB00575,0
DB00953,DB01319,0
DB00193,DB11963,1
DB00208,DB11751,0
DB00374,DB04841,1
DB01214,DB00316,0
DB12147,DB00934,0
DB00377,DB09065,1
DB00582,DB08827,1
DB01096,DB06626,0
DB04665,DB06739,1
DB01369,DB00627,0
DB00773,DB13174,1
DB00796,DB09013,0
DB09053,DB12010,1
DB00918,DB01259,1
DB12130,DB00810,0
DB04835,DB12471,0
DB01409,DB00912,0
DB05271,DB11963,1
DB11995,DB00499,0
DB00250,DB00656,1
DB05246,DB09030,0
DB04839,DB06636,1
DB00627,DB00866,1
DB01472,DB01380,0
DB04975,DB00841,0
DB00615,DB00888,0
DB00910,DB09227,1
DB01195,DB05109,1
DB11619,DB11757,0
DB00661,DB11730,1
DB00394,DB06282,0
DB00788,DB09198,1
DB01667,DB04356,1
DB04825,DB09166,0
DB00177,DB00655,0
DB00674,DB01264,1
DB00233,DB08881,0
DB01591,DB00839,0
DB11712,DB01228,0
DB01171,DB04871,1
DB00655,DB00557,0
DB01173,DB04920,1
DB00343,DB01590,1
DB00792,DB05039,0
DB01406,DB01601,1
DB11672,DB11943,0
DB01393,DB11682,1
DB00490,DB01254,1
DB00599,DB00932,1
DB09099,DB00201,0
DB01248,DB06605,1
DB00334,DB04840,1
DB00487,DB00568,1
DB09030,DB00757,0
DB01181,DB03783,1
DB06412,DB00382,0
DB00531,DB01036,1
DB01194,DB01002,0
DB00891,DB09099,0
DB00677,DB01190,0
DB00347,DB04725,1
DB08865,DB12278,1
DB05154,DB01176,0
DB01394,DB01131,0
DB01211,DB08922,1
DB00575,DB06626,1
DB00945,DB06210,1
DB00590,DB01275,1
DB00194,DB11978,0
DB01544,DB11679,1
DB00391,DB11581,0
DB00888,DB01095,0
DB01395,DB08901,1
DB00394,DB01198,0
DB06152,DB00391,0
DB04572,DB09034,1
DB00545,DB00570,0
DB00188,DB01028,1
DB00851,DB04855,0
DB06789,DB00850,0
DB01393,DB00740,0
DB00549,DB00706,0
DB08804,DB01126,0
DB00533,DB12941,0
DB01406,DB11757,1
DB00327,DB12371,1
DB01764,DB00679,0
DB00323,DB00388,0
DB04861,DB05294,0
DB01214,DB06693,0
DB01268,DB08895,1
DB00255,DB11691,0
DB06636,DB11614,1
DB00396,DB09237,1
DB00317,DB09124,0
DB00738,DB04871,1
DB00204,DB08901,0
DB09083,DB01357,0
DB00248,DB00851,0
DB09101,DB09296,1
DB01191,DB01645,1
DB00861,DB04076,0
DB06739,DB13919,1
DB06144,DB06712,1
DB00444,DB00909,1
DB00169,DB01576,1
DB08846,DB04574,0
DB00978,DB01623,1
DB08895,DB11978,0
DB00409,DB06741,0
DB00554,DB01411,1
DB06729,DB12543,0
DB00233,DB00753,0
DB01591,DB06144,1
DB00839,DB03010,0
DB00788,DB06777,1
DB13878,DB00799,0
DB01621,DB00487,0
DB00714,DB08880,1
DB01201,DB06756,0
DB00575,DB00699,1
DB09039,DB11837,1
DB00834,DB00642,0
DB00993,DB00184,0
DB03575,DB11679,0
DB00530,DB00744,1
DB00678,DB00818,1
DB09227,DB13874,1
DB09073,DB00674,0
DB01297,DB00273,0
DB00277,DB00787,1
DB05814,DB08893,0
DB00865,DB01190,0
DB01214,DB00620,0
DB00367,DB00818,0
DB00932,DB00951,1
DB09123,DB00910,0
DB00317,DB06603,1
DB11951,DB01252,0
DB04977,DB00574,0
DB01645,DB13174,1
DB01283,DB13874,1
DB08816,DB13179,1
DB01873,DB12466,0
DB00204,DB01406,1
DB01166,DB12026,1
DB01406,DB11574,1
DB00553,DB00622,0
DB00968,DB01045,0
DB01136,DB01536,0
DB01544,DB09274,1
DB00924,DB00317,0
DB09232,DB00865,0
DB09013,DB01595,0
DB08502,DB11693,0
DB00685,DB06228,0
DB02709,DB00518,0
DB11682,DB01200,0
DB01297,DB06817,0
DB06212,DB02789,0
DB08820,DB00699,0
DB00315,DB02709,1
DB00330,DB00361,1
DB00343,DB00744,1
DB08882,DB06594,0
DB09213,DB12218,0
DB01588,DB08864,0
DB01628,DB09039,1
DB00571,DB01094,1
DB01118,DB04856,1
DB00202,DB11855,0
DB01590,DB00191,0
DB00734,DB12332,1
DB00439,DB01104,1
DB08882,DB11575,1
DB12674,DB01068,0
DB01200,DB01103,0
DB11978,DB00914,0
DB04938,DB09288,1
DB00998,DB01026,1
DB00679,DB01410,1
DB01222,DB01079,0
DB08864,DB11886,1
DB00622,DB01587,1
DB01009,DB12267,1
DB00738,DB00973,0
DB00620,DB11672,1
DB01036,DB12674,0
DB00655,DB04844,0
DB00696,DB01138,1
DB06712,DB12582,0
DB09183,DB11837,1
DB01190,DB01039,0
DB04896,DB07615,1
DB01764,DB11697,0
DB00993,DB01173,1
DB06777,DB01193,0
DB09273,DB02789,0
DB00330,DB01201,0
DB01095,DB01126,1
DB00361,DB09204,1
DB01764,DB08502,0
DB00414,DB00444,1
DB06335,DB12457,0
DB00557,DB09195,1
DB01007,DB00629,0
DB04861,DB06691,1
DB00591,DB00191,0
DB08882,DB00209,0
DB01094,DB09288,1
DB00209,DB00214,0
DB00530,DB09099,1
DB01100,DB12978,1
DB00783,DB12245,1
DB00685,DB01064,0
DB01320,DB09065,1
DB06803,DB09017,0
DB00188,DB00440,1
DB01544,DB08882,1
DB04356,DB12235,0
DB04896,DB11672,1
DB01175,DB01395,0
DB02789,DB01126,0
DB09054,DB13919,0
DB00351,DB00268,0
DB00570,DB04841,1
DB00863,DB01136,1
DB00951,DB12161,1
DB00173,DB04889,0
DB00696,DB01072,1
DB00574,DB01214,0
DB00914,DB00918,1
DB00288,DB01394,0
DB00806,DB01405,1
DB00177,DB00501,1
DB11560,DB01211,0
DB13783,DB00484,0
DB02489,DB09225,1
DB00911,DB03783,0
DB01130,DB08880,0
DB06636,DB11712,1
DB01367,DB04574,1
DB01645,DB00909,0
DB08880,DB00621,0
DB00792,DB01590,0
DB00477,DB11855,1
DB00580,DB01611,0
DB00455,DB01221,1
DB00575,DB13174,1
DB01595,DB00736,0
DB00392,DB08881,0
DB00705,DB00983,1
DB00904,DB08873,1
DB00184,DB00586,1
DB00176,DB00787,1
DB00439,DB08895,1
DB00912,DB12466,1
DB00487,DB08896,0
DB00845,DB04946,1
DB06282,DB04076,0
DB08877,DB13158,0
DB11817,DB04977,0
DB00699,DB00751,1
DB12130,DB00674,0
DB00455,DB04725,1
DB00328,DB04938,1
DB00395,DB01274,0
DB04557,DB12245,1
DB01096,DB09330,0
DB00622,DB01181,1
DB00736,DB06729,0
DB00773,DB06789,1
DB00361,DB04839,1
DB00621,DB04957,0
DB08875,DB01395,0
DB01583,DB06712,1
DB08931,DB00949,0
DB09048,DB12329,1
DB01118,DB09095,1
DB01062,DB01114,1
DB01176,DB00279,0
DB00549,DB08860,1
DB06414,DB05812,0
DB00176,DB01044,1
DB13158,DB11581,0
DB08907,DB00395,0
DB00180,DB01183,0
DB01076,DB00685,0
DB05990,DB04832,0
DB09237,DB09229,0
DB01012,DB00834,0
DB00433,DB01087,1
DB00860,DB05708,0
DB00744,DB09213,1
DB00818,DB03756,1
DB00839,DB03010,0
DB00255,DB09185,1
DB00304,DB00381,1
DB01764,DB06595,1
DB01072,DB11967,1
DB00706,DB09061,1
DB08896,DB01014,0
DB00343,DB00910,1
DB00173,DB00495,1
DB00863,DB09039,1
DB12267,DB01472,0
DB05154,DB09236,0
DB09290,DB00396,0
DB01245,DB09073,0
DB04861,DB06144,1
DB00622,DB00745,1
DB01177,DB01403,1
DB00224,DB02489,0
DB09330,DB00414,0
DB06218,DB12329,0
DB08882,DB09128,1
DB00316,DB01297,1
DB06419,DB00934,0
DB01098,DB01117,1
DB00705,DB00434,0
DB00487,DB00494,0
DB04839,DB01062,0
DB00495,DB00745,1
DB08860,DB08877,1
DB12674,DB01392,0
DB00623,DB00338,0
DB00215,DB00177,0
DB00539,DB00956,0
DB01303,DB08875,0
DB11560,DB08931,0
DB06739,DB01577,0
DB01167,DB09034,1
DB00343,DB09299,1
DB00482,DB03496,0
DB00496,DB01403,1
DB11828,DB00382,0
DB00977,DB04557,1
DB00379,DB00494,1
DB06512,DB12874,0
DB00612,DB01601,1
DB00598,DB09039,1
DB00744,DB06414,1
DB00194,DB00620,0
DB01190,DB09101,1
DB12255,DB01558,0
DB01411,DB00679,0
DB00477,DB00744,1
DB01193,DB08502,0
DB00501,DB00904,1
DB00297,DB08827,0
DB00201,DB12513,0
DB09101,DB01405,0
DB00118,DB00347,1
DB04829,DB05812,1
DB08901,DB08922,1
DB09237,DB04652,0
DB01223,DB01406,1
DB00918,DB01577,1
DB00738,DB12332,1
DB01008,DB04846,0
DB06207,DB00757,0
DB06738,DB12245,1
DB01171,DB01259,1
DB01245,DB02703,0
DB05708,DB00952,0
DB00185,DB00997,1
DB01590,DB09090,0
DB00494,DB08899,0
DB01075,DB06212,0
DB01138,DB05271,0
DB12245,DB00687,0
DB01036,DB04665,1
DB01087,DB09123,1
DB00745,DB09166,1
DB00598,DB06595,0
DB00277,DB13174,1
DB00440,DB08865,1
DB01103,DB12548,0
DB09167,DB00764,0
DB00834,DB09227,1
DB01544,DB06207,1
DB11921,DB00598,0
DB12245,DB13919,1
DB02489,DB00324,0
DB00959,DB06803,0
DB00468,DB01069,1
DB00317,DB08827,0
DB00788,DB01303,1
DB00759,DB09227,1
DB00737,DB12141,0
DB00805,DB01208,0
DB00169,DB01233,1
DB00220,DB00394,1
DB12978,DB00381,0
DB00304,DB00582,1
DB03783,DB11672,1
DB01223,DB01395,1
DB00563,DB00717,1
DB09073,DB00712,0
DB01194,DB00270,0
DB01047,DB05814,0
DB04861,DB03575,0
DB09330,DB08807,0
DB03783,DB06148,1
DB05990,DB09128,0
DB01295,DB00337,0
DB00499,DB04825,0
DB01054,DB06626,1
DB00912,DB09183,1
DB11575,DB09017,0
DB12001,DB01114,0
DB04841,DB09327,1
DB00862,DB01406,1
DB01058,DB11837,1
DB00238,DB01411,1
DB12941,DB00805,0
DB00575,DB00744,1
DB00468,DB01062,1
DB00731,DB00972,1
DB08439,DB11614,1
DB01708,DB01223,0
DB00861,DB12513,0
DB01609,DB06817,1
DB00195,DB00208,1
DB09555,DB06594,0
DB01264,DB06412,0
DB00934,DB12026,1
DB00367,DB08918,0
DB01764,DB01623,0
DB01227,DB01259,1
DB01167,DB01259,1
DB00932,DB04920,1
DB00277,DB00863,1
DB00185,DB12674,0
DB01009,DB08901,1
DB00482,DB06691,1
DB00617,DB08995,1
DB00307,DB01319,0
DB04725,DB01252,0
DB00335,DB01403,1
DB08901,DB00580,0
DB01222,DB08873,1
DB00933,DB05708,0
DB00454,DB00549,1
DB09123,DB12941,0
DB00741,DB11672,1
DB09288,DB13158,0
DB06152,DB01129,0
DB00591,DB01263,1
DB01587,DB12020,0
DB11682,DB00752,0
DB00564,DB12332,1
DB01656,DB06210,1
DB00188,DB05990,1
DB01268,DB08882,1
DB01013,DB01118,1
DB00335,DB09173,1
DB01406,DB06756,0
DB00977,DB08896,1
DB09166,DB12245,1
DB01191,DB01611,1
DB03701,DB00322,0
DB00188,DB00489,1
DB12329,DB01297,0
DB01064,DB01041,0
DB04896,DB12874,1
DB01580,DB04911,1
DB01036,DB01079,1
DB00788,DB01396,0
DB00897,DB00263,0
DB02489,DB04829,0
DB00776,DB00580,0
DB04665,DB12218,0
DB00912,DB01087,1
DB01245,DB00951,0
DB00696,DB06282,1
DB12332,DB01337,0
DB00448,DB00857,1
DB00352,DB00349,0
DB01165,DB03515,0
DB11943,DB01076,0
DB00496,DB01095,1
DB00757,DB01211,1
DB12713,DB00857,0
DB00277,DB00324,0
DB00959,DB03783,0
DB12674,DB01012,0
DB01194,DB00531,0
DB01319,DB00328,0
DB00952,DB12582,0
DB01656,DB05271,0
DB00721,DB11796,0
DB00334,DB06268,1
DB04552,DB03010,0
DB04832,DB09083,1
DB08827,DB08868,0
DB00590,DB00696,1
DB01036,DB04938,1
DB00968,DB01369,0
DB05219,DB00425,0
DB00586,DB06777,1
DB03010,DB00377,0
DB02187,DB04938,0
DB00683,DB06218,1
DB00549,DB00787,0
DB00914,DB01536,0
DB01054,DB09330,0
DB00936,DB00972,1
DB00382,DB00248,0
DB06695,DB01095,0
DB09224,DB12597,0
DB00499,DB12874,1
DB04574,DB09167,1
DB00330,DB06594,1
DB12026,DB00839,0
DB01259,DB09030,1
DB01275,DB01406,0
DB00467,DB00810,0
DB01094,DB06412,0
DB00365,DB08910,1
DB00705,DB01873,0
DB00805,DB11979,1
DB05814,DB01214,0
DB00227,DB04574,1
DB00518,DB00947,0
DB00896,DB00615,0
DB01587,DB00392,0
DB00243,DB01338,0
DB01096,DB01192,1
DB01400,DB00619,0
DB00361,DB05154,1
DB01086,DB06605,1
DB00188,DB01142,1
DB00850,DB00983,1
DB03010,DB12713,0
DB00696,DB12130,1
DB00361,DB06803,0
DB08798,DB09227,0
DB00799,DB01409,0
DB00238,DB00543,1
DB00499,DB09239,0
DB00559,DB00337,0
DB00370,DB00531,1
DB00590,DB00966,1
DB04908,DB08882,1
DB00762,DB06777,0
DB01062,DB01117,0
DB00471,DB11614,1
DB00976,DB09124,1
DB01195,DB06268,1
DB00484,DB00240,0
DB00309,DB01098,1
DB12874,DB00668,0
DB11886,DB00758,0
DB00796,DB01195,1
DB01233,DB04574,1
DB00850,DB00863,1
DB09555,DB01014,0
DB00412,DB00465,1
DB09071,DB00891,0
DB06691,DB06702,1
DB00363,DB00788,1
DB01054,DB01087,1
DB00773,DB01558,1
DB09013,DB01103,0
DB00185,DB00557,1
DB06144,DB00947,0
DB01338,DB00255,0
DB00238,DB04841,1
DB11574,DB04839,0
DB09099,DB04070,0
DB00216,DB00468,1
DB11751,DB00726,0
DB00370,DB06212,1
DB00669,DB00891,0
DB05154,DB05294,1
DB00433,DB04855,1
DB00379,DB01708,0
DB00194,DB00252,0
DB00924,DB06695,0
DB01174,DB01191,1
DB06201,DB09102,0
DB00591,DB03010,0
DB01609,DB00819,0
DB00414,DB05708,0
DB00307,DB00617,1
DB06201,DB00668,0
DB04829,DB00947,0
DB00586,DB00836,1
DB01079,DB02703,1
DB06730,DB06212,0
DB08439,DB11679,1
DB00201,DB09213,0
DB00699,DB01087,1
DB09173,DB11718,1
DB00910,DB00799,0
DB00857,DB01166,1
DB06738,DB09296,1
DB00706,DB01392,1
DB01263,DB01032,0
DB00674,DB01075,1
DB12255,DB00268,0
DB00323,DB04844,0
DB00401,DB09053,1
DB00216,DB01152,0
DB00176,DB00717,1
DB04855,DB09555,1
DB11691,DB11921,0
DB05812,DB00283,0
DB02187,DB09039,0
DB00865,DB00549,0
DB01253,DB01177,0
DB00586,DB08873,1
DB00695,DB00317,0
DB00263,DB13919,1
DB00338,DB00849,1
DB01221,DB01609,1
DB00745,DB09101,1
DB00414,DB01544,1
DB12371,DB12026,0
DB00726,DB00951,1
DB01583,DB04896,1
DB00316,DB00455,0
DB00240,DB04356,0
DB00568,DB00872,1
DB09274,DB11575,0
DB00261,DB00924,1
DB00518,DB09198,1
DB00176,DB11619,1
DB01026,DB01181,1
DB00496,DB06725,0
DB00969,DB11757,1
DB00185,DB04840,1
DB00862,DB11672,1
DB00845,DB08933,0
DB01012,DB01173,1
DB00283,DB11817,0
DB01126,DB00201,0
DB00304,DB01142,1
DB00363,DB09071,1
DB00388,DB12005,0
DB00188,DB01098,1
DB04855,DB11679,1
DB01405,DB04889,1
DB06756,DB05154,0
DB00199,DB01065,0
DB01248,DB00476,0
DB00433,DB04871,1
DB00912,DB06701,0
DB01029,DB11689,1
DB09237,DB11689,1
DB01624,DB01303,0
DB01201,DB00177,0
DB00177,DB00425,1
DB00757,DB09065,1
DB00532,DB01117,1
DB00455,DB13179,1
DB00706,DB09039,1
DB00784,DB00951,1
DB11586,DB12466,0
DB08502,DB12245,1
DB09183,DB09213,1
DB06789,DB00482,0
DB01095,DB06419,1
DB04871,DB08807,1
DB04861,DB00956,0
DB04957,DB06335,1
DB00708,DB11730,1
DB08815,DB00169,0
DB00973,DB06419,0
DB00574,DB00908,1
DB01152,DB00677,0
DB00661,DB01138,1
DB00773,DB09090,0
DB08903,DB12329,0
DB05246,DB04854,0
DB00343,DB09143,1
DB01227,DB11995,0
DB11691,DB01136,0
DB00619,DB00741,1
DB12887,DB00731,0
DB00827,DB05271,0
DB04896,DB09236,1
DB01263,DB09017,1
DB06712,DB12278,1
DB01232,DB09235,1
DB00527,DB01412,0
DB01369,DB00173,0
DB00705,DB06282,1
DB06201,DB06203,0
DB00224,DB00817,0
DB01007,DB00545,0
DB01194,DB01054,0
DB00238,DB09555,1
DB01062,DB04832,1
DB00661,DB04216,1
DB08933,DB11586,0
DB00304,DB11581,1
DB01095,DB01138,1
DB09297,DB00865,0
DB01400,DB06777,0
DB01175,DB06268,1
DB00396,DB01590,1
DB01072,DB12235,1
DB01403,DB09183,1
DB00593,DB09095,0
DB12245,DB04794,0
DB12548,DB01183,0
DB00582,DB09238,1
DB06594,DB00810,0
DB00494,DB01396,0
DB11886,DB00433,0
DB00412,DB01628,1
DB11886,DB12874,0
DB01283,DB11963,1
DB00448,DB09555,1
DB05109,DB00244,0
DB00699,DB00455,0
DB01221,DB01261,1
DB01295,DB09185,1
DB00455,DB01418,0
DB09185,DB12674,1
DB00467,DB01223,1
DB00843,DB00946,1
DB01201,DB13179,1
DB00490,DB06729,1
DB00705,DB01263,1
DB00414,DB12255,1
DB09065,DB02709,0
DB00918,DB13874,1
DB11682,DB00744,0
DB01223,DB00672,0
DB01576,DB00588,0
DB09213,DB11963,1
DB00176,DB00615,1
DB00409,DB00983,1
DB00471,DB11689,1
DB01136,DB04216,1
DB09143,DB00628,0
DB00912,DB12130,0
DB00675,DB01076,1
DB00752,DB11855,1
DB00187,DB00543,1
DB09237,DB01183,0
DB01559,DB11581,1
DB01173,DB09327,0
DB00482,DB09101,1
DB00440,DB00623,0
DB01252,DB00628,0
DB00677,DB08804,0
DB00628,DB00932,1
DB01026,DB08502,1
DB00866,DB00205,0
DB01190,DB12582,1
DB00356,DB01406,1
DB00959,DB00283,0
DB00696,DB01008,1
DB00751,DB01048,0
DB01058,DB01134,0
DB00289,DB00363,1
DB06144,DB08864,1
DB00396,DB00590,1
DB04946,DB12010,1
DB00851,DB08804,0
DB04838,DB00918,0
DB04896,DB11652,1
DB00309,DB11886,1
DB00731,DB00976,1
DB01103,DB11689,1
DB06268,DB09238,1
DB09101,DB12161,1
DB00501,DB12001,1
DB01264,DB09555,1
DB01114,DB05109,1
DB00966,DB11679,1
DB02134,DB13179,1
DB01369,DB11581,1
DB05109,DB00294,0
DB00564,DB05219,0
DB00425,DB04557,1
DB06636,DB03010,0
DB00655,DB01029,0
DB00788,DB08896,1
DB00687,DB01117,0
DB00973,DB06777,1
DB09183,DB09185,1
DB00726,DB01086,1
DB01152,DB11796,0
DB00250,DB00976,1
DB06789,DB09143,0
DB12978,DB01559,0
DB00904,DB08901,1
DB01558,DB00877,0
DB01076,DB04855,1
DB01131,DB06730,1
DB00475,DB05294,0
DB01228,DB00841,0
DB04216,DB00914,0
DB00675,DB11652,1
DB00663,DB04908,0
DB01395,DB09099,1
DB00347,DB00554,1
DB09204,DB13179,0
DB00530,DB00622,1
DB00545,DB08896,0
DB00959,DB08798,0
DB13783,DB01041,0
DB11942,DB01048,0
DB00469,DB00951,1
DB00717,DB01558,0
DB00608,DB06781,0
DB06148,DB01103,0
DB00924,DB00448,0
DB01558,DB01201,0
DB06777,DB00877,0
DB00914,DB01192,1
DB00897,DB00827,0
DB01656,DB00422,0
DB06777,DB11672,1
DB00615,DB00317,0
DB00621,DB12093,0
DB06267,DB11979,0
DB09128,DB05219,0
DB01873,DB06739,0
DB00619,DB04665,1
DB00910,DB00783,0
DB00586,DB09063,1
DB00343,DB09102,1
DB00454,DB01590,1
DB12978,DB00553,0
DB01166,DB01264,1
DB00704,DB04911,0
DB00205,DB01259,1
DB09173,DB13919,0
DB01359,DB00687,0
DB01319,DB09216,0
DB00820,DB04841,0
DB01104,DB00700,0
DB01028,DB06789,0
DB00737,DB12161,1
DB00817,DB09173,0
DB00627,DB09555,1
DB01536,DB00851,0
DB00227,DB00668,1
DB00227,DB00860,1
DB11652,DB13179,1
DB08865,DB09143,1
DB00194,DB00731,0
DB00568,DB00629,1
DB09555,DB01248,0
DB00623,DB06702,1
DB01200,DB00973,0
DB00330,DB09128,1
DB00503,DB01254,1
DB00969,DB00983,1
DB00176,DB12941,1
DB00495,DB00796,1
DB00185,DB00589,1
DB00322,DB11586,1
DB00322,DB00705,0
DB00553,DB00699,0
DB01007,DB09123,0
DB04845,DB06292,0
DB00792,DB01086,1
DB00201,DB13874,1
DB06401,DB00365,0
DB00445,DB01129,0
DB01087,DB01138,1
DB00897,DB12332,1
DB09034,DB04840,0
DB00568,DB01254,1
DB09071,DB13874,1
DB00799,DB00186,0
DB00738,DB12483,1
DB01192,DB08798,0
DB01359,DB08933,0
DB00865,DB06212,0
DB12141,DB00475,0
DB00976,DB01409,1
DB00188,DB09185,1
DB00784,DB09274,1
DB00744,DB01297,0
DB00679,DB09054,0
DB01392,DB09227,1
DB09389,DB01472,0
DB13919,DB11986,0
DB01577,DB12329,1
DB04076,DB09238,0
DB00736,DB04896,1
DB04898,DB06739,1
DB00309,DB04896,1
DB00188,DB01588,0
DB09063,DB00628,0
DB01076,DB04839,1
DB00469,DB01685,1
DB00518,DB00731,0
DB00378,DB01026,1
DB00932,DB01544,1
DB01037,DB04889,1
DB00559,DB00951,1
DB00863,DB04841,1
DB08875,DB00806,0
DB00309,DB01764,1
DB01303,DB09063,0
DB00356,DB11581,1
DB09128,DB06414,0
DB00872,DB08873,1
DB00486,DB12005,1
DB06777,DB00414,0
DB00320,DB05154,1
DB01393,DB00749,0
DB00288,DB11575,0
DB09167,DB02709,0
DB09039,DB09101,1
DB00792,DB02703,1
DB00711,DB08864,0
DB01623,DB05885,0
DB00315,DB00818,1
DB12471,DB08860,0
DB05990,DB12371,0
DB00356,DB00997,1
DB01100,DB01126,1
DB01338,DB00601,0
DB00998,DB06803,1
DB06726,DB01176,0
DB08865,DB08895,1
DB00445,DB04856,0
DB04894,DB01054,0
DB00862,DB00982,0
DB09223,DB11952,0
DB00349,DB09227,1
DB03515,DB00568,0
DB09216,DB00382,0
DB00425,DB11837,1
DB09273,DB00947,0
DB01142,DB11672,1
DB00543,DB12245,1
DB06741,DB00617,0
DB13158,DB06803,0
DB00334,DB00599,1
DB12020,DB08816,0
DB00839,DB00843,1
DB01623,DB11652,0
DB00227,DB01580,1
DB00346,DB00759,1
DB00208,DB00851,1
DB00252,DB08807,1
DB07615,DB00253,0
DB05812,DB05541,0
DB00234,DB01134,0
DB13783,DB01400,0
DB00570,DB01233,1
DB00952,DB01601,0
DB00627,DB01035,1
DB11817,DB06781,0
DB09166,DB00317,0
DB04854,DB05708,0
DB00489,DB00933,1
DB09555,DB11979,1
DB00330,DB01252,0
DB01118,DB00553,0
DB09102,DB00623,0
DB00788,DB04076,1
DB01142,DB06268,1
DB00195,DB11791,1
DB04854,DB06678,0
DB03010,DB04884,0
DB00320,DB00317,0
DB01210,DB00283,0
DB01319,DB00784,0
DB01355,DB08846,0
DB09017,DB11560,0
DB00998,DB03783,1
DB09061,DB11672,1
DB00264,DB00494,1
DB01656,DB04908,0
DB00487,DB00184,0
DB00846,DB00866,0
DB00834,DB12218,0
DB01098,DB12371,1
DB09099,DB04884,0
DB01036,DB09291,1
DB00705,DB09095,1
DB01050,DB01211,1
DB00270,DB00792,0
DB00570,DB01191,1
DB09291,DB11963,1
DB00487,DB00273,0
DB00224,DB08820,1
DB01173,DB01126,0
DB00496,DB09195,1
DB06077,DB01275,0
DB04216,DB04938,1
DB04854,DB00528,0
DB00255,DB00346,1
DB01198,DB09185,1
DB00382,DB01026,1
DB00392,DB00346,0
DB00568,DB11730,1
DB00977,DB01103,1
DB00982,DB06781,0
DB00787,DB00806,1
DB11712,DB01623,0
DB12371,DB01214,0
DB12010,DB00465,0
DB01210,DB01035,0
DB12582,DB00907,0
DB00679,DB02703,1
DB09291,DB04725,0
DB01609,DB09079,1
DB01166,DB00381,0
DB00711,DB00977,0
DB11942,DB00532,0
DB00897,DB09073,0
DB01190,DB09039,0
DB00734,DB00762,1
DB01254,DB09071,1
DB00377,DB00396,1
DB00972,DB00983,1
DB00753,DB11613,1
DB01096,DB04861,1
DB00425,DB06803,1
DB00738,DB06414,1
DB00677,DB04832,0
DB01072,DB01274,1
DB00969,DB12978,0
DB04854,DB09195,0
DB00471,DB12978,0
DB00367,DB00401,1
DB01041,DB01232,1
DB12278,DB12693,0
DB01263,DB09124,1
DB00347,DB01411,1
DB00379,DB04725,0
DB02703,DB07615,1
DB09296,DB11682,1
DB04829,DB12693,1
DB00208,DB04861,1
DB00188,DB01173,1
DB00412,DB00440,1
DB00564,DB09274,0
DB09065,DB09297,1
DB00169,DB01211,1
DB01067,DB11689,1
DB00238,DB12597,1
DB00402,DB09079,0
DB00277,DB00440,1
DB12543,DB00533,0
DB00255,DB00472,1
DB02789,DB01303,0
DB01275,DB00224,0
DB09095,DB00422,0
DB00621,DB06738,1
DB00836,DB08864,1
DB01062,DB01166,1
DB00356,DB06414,0
DB00228,DB00792,0
DB00289,DB09555,1
DB01039,DB04552,1
DB06738,DB11718,1
DB00396,DB01131,1
DB06756,DB00487,0
DB01252,DB09330,0
DB01248,DB08816,1
DB12001,DB04946,0
DB01098,DB11963,1
DB00238,DB09013,0
DB09227,DB00330,0
DB13003,DB06739,0
DB01685,DB11978,1
DB00908,DB01211,1
DB11682,DB00195,0
DB01337,DB04840,0
DB00495,DB09238,1
DB00439,DB00936,1
DB00277,DB11613,1
DB01601,DB11942,1
DB00872,DB13179,1
DB11952,DB12887,1
DB00819,DB09053,1
DB00377,DB00726,1
DB04794,DB05239,1
DB00499,DB00696,1
DB08807,DB00621,0
DB00731,DB11837,1
DB09327,DB01171,0
DB00730,DB01094,1
DB00792,DB01087,0
DB11652,DB12267,1
DB00440,DB00857,1
DB01047,DB01580,0
DB09185,DB09225,1
DB00374,DB01355,1
DB02709,DB13919,0
DB01591,DB06512,1
DB08918,DB01210,0
DB01275,DB09053,1
DB01274,DB05109,1
DB01035,DB11586,1
DB01067,DB08995,1
DB01667,DB00959,0
DB12466,DB00283,0
DB02789,DB11689,0
DB00907,DB03783,1
DB12466,DB01035,0
DB00486,DB00731,1
DB00598,DB12001,0
DB01039,DB01295,0
DB00330,DB00338,1
DB00762,DB00496,0
DB00582,DB04832,1
DB00228,DB01303,0
DB04911,DB09195,1
DB00216,DB04920,1
DB06777,DB01008,0
DB00752,DB04854,0
DB01667,DB06702,0
DB06803,DB00738,0
DB00484,DB06654,1
DB00571,DB01058,1
DB00568,DB00705,1
DB00796,DB08864,1
DB01118,DB08922,1
DB00737,DB09173,1
DB00356,DB02489,1
DB00352,DB09124,0
DB01130,DB12693,0
DB00177,DB01274,1
DB01118,DB05294,1
DB02789,DB04911,0
DB01012,DB01069,1
DB00863,DB01142,1
DB04574,DB08865,1
DB00575,DB11963,1
DB08899,DB00335,0
DB00726,DB03515,0
DB01395,DB12543,0
DB06702,DB00374,0
DB01645,DB00802,0
DB01609,DB00378,0
DB08820,DB13179,1
DB00810,DB11963,1
DB01018,DB01268,0
DB00580,DB06729,1
DB01103,DB01355,0
DB00476,DB01114,1
DB01165,DB00850,0
DB00396,DB00726,1
DB01104,DB03496,0
DB00243,DB00173,0
DB00571,DB00675,1
DB00788,DB05708,1
DB01611,DB00437,0
DB01544,DB08798,1
DB00891,DB06712,0
DB06594,DB09173,0
DB00799,DB00601,0
DB00708,DB01268,0
DB11751,DB00316,0
DB00349,DB01264,1
DB01067,DB08922,0
DB01198,DB01047,0
DB01176,DB12005,1
DB01039,DB01198,1
DB00888,DB00396,0
DB00220,DB00574,1
DB02789,DB01069,0
DB04652,DB01018,0
DB00277,DB00508,0
DB01064,DB03515,0
DB00857,DB01403,1
DB00496,DB01191,1
DB06267,DB11712,1
DB01400,DB09017,0
DB00215,DB01395,1
DB06228,DB09237,1
DB06237,DB01059,0
DB00674,DB00495,0
DB11575,DB00861,0
DB01400,DB00708,0
DB11679,DB13919,1
DB00351,DB06712,1
DB04898,DB06594,1
DB00188,DB09290,1
DB00327,DB08798,1
DB01174,DB01544,1
DB00621,DB01621,0
DB04828,DB00409,0
DB00557,DB08804,0
DB00330,DB01559,0
DB00924,DB00792,0
DB13003,DB00849,0
DB01097,DB06726,0
DB06803,DB03575,0
DB12941,DB01152,0
DB00204,DB01026,1
DB00862,DB01152,1
DB00489,DB00983,1
DB00787,DB08995,0
DB00758,DB11574,1
DB06210,DB03701,0
DB08804,DB04975,0
DB08502,DB00317,0
DB00425,DB06729,1
DB00731,DB00204,0
DB01192,DB09065,1
DB09173,DB00764,0
DB01065,DB11689,1
DB00593,DB01406,1
DB00555,DB11952,0
DB00209,DB01191,1
DB00307,DB13179,1
DB00173,DB00586,1
DB09030,DB09065,1
DB00193,DB00379,1
DB01192,DB01268,0
DB00279,DB12245,0
DB01114,DB09216,0
DB00787,DB00496,0
DB01152,DB00264,0
DB00543,DB00731,1
DB01242,DB01580,1
DB00820,DB06729,0
DB03515,DB01044,0
DB04884,DB06287,1
DB00663,DB08846,0
DB01126,DB12161,1
DB00297,DB01577,1
DB00396,DB11757,1
DB01072,DB03783,1
DB00227,DB12874,1
DB00787,DB01132,0
DB00904,DB09048,1
DB01173,DB12235,1
DB06267,DB01134,0
DB06412,DB05039,0
DB09297,DB11581,1
DB04574,DB01393,0
DB01094,DB09235,0
DB04908,DB08865,1
DB00831,DB01254,1
DB00787,DB01002,1
DB00924,DB01405,1
DB01623,DB01283,0
DB11886,DB09166,0
DB09173,DB03756,0
DB01303,DB00997,0
DB04839,DB06756,0
DB01303,DB11682,0
DB00717,DB01029,1
DB00163,DB00264,0
DB09232,DB00448,0
DB01087,DB11951,1
DB09173,DB11915,1
DB00622,DB09213,1
DB00496,DB06636,1
DB01591,DB09065,1
DB00409,DB06203,1
DB06148,DB00279,0
DB00623,DB00539,0
DB13878,DB01064,0
DB01263,DB09054,1
DB00381,DB01283,1
DB00194,DB08899,0
DB00528,DB00683,1
DB00391,DB00379,0
DB00297,DB00379,1
DB11613,DB11682,1
DB00580,DB06210,1
DB06595,DB09299,1
DB01064,DB09173,0
DB01117,DB01601,1
DB00495,DB01623,0
DB01138,DB01355,1
DB12597,DB00860,0
DB04844,DB01097,0
DB00914,DB12693,1
DB01623,DB08867,0
DB01007,DB04920,0
DB00307,DB11613,1
DB00910,DB06212,0
DB00726,DB08860,1
DB09013,DB11979,0
DB09173,DB01252,0
DB00843,DB01009,0
DB01406,DB01409,1
DB00749,DB01041,1
DB06691,DB11757,1
DB01065,DB08893,0
DB00508,DB05239,0
DB00619,DB02489,1
DB00378,DB06781,0
DB06287,DB06730,1
DB00499,DB00204,0
DB00468,DB00675,1
DB00877,DB01268,1
DB00343,DB00946,1
DB11951,DB00627,0
DB04552,DB06237,0
DB04829,DB01609,0
DB01190,DB08901,1
DB06292,DB00704,0
DB01142,DB09238,1
DB00934,DB04840,1
DB03496,DB00209,0
DB00877,DB09273,1
DB00104,DB00712,0
DB00486,DB00817,0
DB00966,DB00379,0
DB01384,DB06414,0
DB00518,DB12483,1
DB00455,DB01359,0
DB00575,DB01577,1
DB04845,DB01137,0
DB04871,DB13179,1
DB01152,DB00951,0
DB00983,DB00799,0
DB00414,DB00621,1
DB01058,DB09297,1
DB09290,DB11796,0
DB00668,DB00240,0
DB11942,DB00543,0
DB06512,DB06739,0
DB00188,DB06726,1
DB00741,DB00598,0
DB00655,DB00335,0
DB00762,DB01039,1
DB01601,DB11823,1
DB00731,DB00796,1
DB08798,DB09090,0
DB00988,DB00636,0
DB03783,DB11614,1
DB00486,DB08865,1
DB00208,DB09167,1
DB00297,DB06712,1
DB00288,DB02709,0
DB00924,DB06702,0
DB00250,DB05990,0
DB06726,DB13874,1
DB11942,DB00706,0
DB00433,DB11613,0
DB00279,DB00391,0
DB09232,DB00240,0
DB00414,DB00486,1
DB01384,DB00615,0
DB00444,DB06228,1
DB11942,DB04216,0
DB04911,DB05246,1
DB04884,DB11828,1
DB00911,DB06595,1
DB08827,DB00202,0
DB13878,DB06282,0
DB09065,DB11652,1
DB00322,DB00977,1
DB00333,DB08875,1
DB01708,DB00741,0
DB00752,DB00255,0
DB01357,DB01628,1
DB04835,DB00378,0
DB00250,DB08865,1
DB00714,DB00553,0
DB00706,DB13174,1
DB01059,DB04839,0
DB00193,DB01059,1
DB00437,DB05039,0
DB06726,DB11855,1
DB01048,DB00778,0
DB01242,DB09291,1
DB00908,DB00960,1
DB01076,DB00934,0
DB00388,DB04844,0
DB00988,DB00757,0
DB00518,DB01264,1
DB13783,DB11718,0
DB09280,DB00988,0
DB00623,DB11855,1
DB00843,DB12457,0
DB00966,DB01242,1
DB06774,DB00234,0
DB01544,DB11828,0
DB00248,DB12978,0
DB00696,DB04889,0
DB00250,DB01098,1
DB00454,DB01388,1
DB09213,DB08873,0
DB12329,DB00484,0
DB08811,DB12874,0
DB09195,DB00615,0
DB00697,DB03783,1
DB00439,DB01264,1
DB00615,DB00759,0
DB03756,DB11753,1
DB11978,DB08895,0
DB02134,DB11613,0
DB09053,DB01536,0
DB00185,DB01086,1
DB05109,DB01194,0
DB05812,DB11614,1
DB06693,DB00730,0
DB01236,DB03701,0
DB00814,DB12582,0
DB01008,DB08865,1
DB00173,DB11697,0
DB01173,DB11757,1
DB01418,DB04938,1
DB03010,DB01130,0
DB11837,DB00209,0
DB02703,DB09216,1
DB11613,DB00861,0
DB09101,DB00391,0
DB00977,DB01233,1
DB01611,DB09238,1
DB00737,DB00857,1
DB02489,DB09216,0
DB09071,DB01536,0
DB01130,DB08895,0
DB04911,DB01588,0
DB00783,DB04871,1
DB11986,DB04829,0
DB09071,DB09185,1
DB00394,DB09083,0
DB01132,DB00228,0
DB08933,DB01873,0
DB01062,DB01074,1
DB01026,DB06789,1
DB08873,DB08901,1
DB00706,DB00997,1
DB00740,DB00908,1
DB11942,DB00530,0
DB00983,DB06729,1
DB09237,DB01012,0
DB04216,DB06738,1
DB00831,DB00872,0
DB01075,DB02703,1
DB00993,DB06803,1
DB00439,DB00891,0
DB00927,DB00395,0
DB00240,DB01559,0
DB01118,DB03756,1
DB00322,DB00448,1
DB06414,DB09198,1
DB00621,DB04938,1
DB00959,DB09048,1
DB00425,DB04957,0
DB01233,DB01264,1
DB00469,DB00201,0
DB00487,DB00956,0
DB04838,DB00896,0
DB00444,DB00818,1
DB01222,DB01086,0
DB00425,DB08873,1
DB05294,DB08873,1
DB06419,DB09039,1
DB01536,DB11672,1
DB06739,DB12130,0
DB00330,DB00589,1
DB00580,DB04216,1
DB04840,DB08864,1
DB00467,DB01214,0
DB03575,DB09065,0
DB01118,DB00553,0
DB01134,DB01223,0
DB01094,DB00959,0
DB09061,DB09237,1
DB01232,DB12978,1
DB00590,DB00694,1
DB00841,DB08895,0
DB00700,DB12218,0
DB01283,DB01411,1
DB00574,DB01087,1
DB12371,DB00557,0
DB00377,DB09232,0
DB01076,DB12582,1
DB01072,DB09128,1
DB00266,DB00439,1
DB01026,DB00764,0
DB01544,DB09063,1
DB08873,DB09048,1
DB01211,DB01357,1
DB09034,DB08867,0
DB01165,DB06729,0
DB06739,DB12466,1
DB00784,DB01069,1
DB11886,DB06267,0
DB03756,DB12184,0
DB00617,DB00744,1
DB01104,DB06626,1
DB12941,DB01238,0
DB00316,DB01274,1
DB00204,DB06678,0
DB00655,DB06292,0
DB00361,DB01591,1
DB00598,DB00877,0
DB00663,DB01406,1
DB01393,DB09327,0
DB00545,DB00717,0
DB06817,DB08896,1
DB01319,DB12543,0
DB00891,DB00711,0
DB00266,DB09198,1
DB01177,DB01624,1
DB11682,DB01067,0
DB00904,DB02703,1
DB01210,DB09143,0
DB00977,DB01536,0
DB00553,DB08798,0
DB01087,DB06605,1
DB02703,DB01337,0
DB01224,DB11586,1
DB00169,DB11943,0
DB08867,DB01295,0
DB00518,DB06603,1
DB00382,DB00918,0
DB00370,DB12301,0
DB00726,DB06414,1
DB01028,DB09327,1
DB00215,DB06702,1
DB12543,DB00877,0
DB01588,DB11574,0
DB12548,DB01233,0
DB06212,DB01076,0
DB00358,DB01076,1
DB00951,DB01171,1
DB01685,DB00668,0
DB09049,DB00738,0
DB00351,DB00288,0
DB09297,DB01708,0
DB00468,DB12010,0
DB01167,DB09330,1
DB00253,DB11712,0
DB09048,DB12582,1
DB00802,DB01087,1
DB00679,DB02789,0
DB00378,DB00753,0
DB00476,DB00726,1
DB00705,DB11791,1
DB06512,DB01062,0
DB00378,DB06603,0
DB00384,DB03756,0
DB00672,DB00818,1
DB09123,DB01130,0
DB00476,DB12301,0
DB03783,DB06203,1
DB00590,DB04574,1
DB00744,DB08995,1
DB00409,DB09079,0
DB00288,DB09204,0
DB09095,DB09083,0
DB00213,DB04835,0
DB00208,DB00317,1
DB00598,DB00250,0
DB00208,DB00978,1
DB00184,DB09167,1
DB04832,DB09065,1
DB00532,DB11978,1
DB01074,DB12887,0
DB00530,DB00850,1
DB08798,DB12674,0
DB00238,DB00910,0
DB01028,DB01117,1
DB01152,DB00437,0
DB00591,DB09185,1
DB00444,DB09185,1
DB00744,DB00422,0
DB00951,DB06595,1
DB01274,DB01252,0
DB01167,DB09216,1
DB00224,DB09223,1
DB00598,DB01191,1
DB01130,DB00486,0
DB08820,DB08827,1
DB00582,DB08798,1
DB08933,DB00759,0
DB00674,DB00969,0
DB06695,DB13003,0
DB00209,DB12161,1
DB00216,DB06726,1
DB00307,DB00678,1
DB00872,DB09183,1
DB00711,DB01098,0
DB12010,DB01065,0
DB00591,DB12020,0
DB09167,DB09099,0
DB06207,DB08873,1
DB00193,DB00622,1
DB11730,DB00545,0
DB00675,DB01412,1
DB11979,DB01152,0
DB00263,DB00843,1
DB05219,DB09288,0
DB01029,DB12141,1
DB00737,DB00978,0
DB00972,DB00977,1
DB05219,DB12693,0
DB00969,DB04725,1
DB00608,DB06595,1
DB00877,DB04856,1
DB11943,DB08816,0
DB00367,DB09227,1
DB00185,DB00317,1
DB04871,DB08931,0
DB09017,DB00896,0
DB00617,DB00796,1
DB01094,DB00343,0
DB01048,DB06712,0
DB01087,DB01406,1
DB02703,DB06678,1
DB12483,DB09013,0
DB00367,DB01873,0
DB00394,DB09183,0
DB01072,DB06605,1
DB04832,DB04839,1
DB01193,DB00220,0
DB12301,DB00320,0
DB06738,DB13174,1
DB02703,DB00978,0
DB09167,DB09288,1
DB00188,DB09128,1
DB00998,DB01155,1
DB00805,DB11963,1
DB00927,DB09213,0
DB09054,DB12235,1
DB01062,DB08867,0
DB03783,DB01018,0
DB01136,DB01242,1
DB06817,DB00738,0
DB09017,DB04854,0
DB01623,DB00244,0
DB00412,DB11730,1
DB01200,DB00836,0
DB01009,DB00379,0
DB00255,DB00704,0
DB06712,DB13179,1
DB00248,DB02789,0
DB01601,DB12130,1
DB04076,DB01708,0
DB12020,DB11574,0
DB00489,DB01096,1
DB00484,DB11901,0
DB00176,DB04356,1
DB00263,DB06678,0
DB00956,DB09291,1
DB00792,DB12466,0
DB01131,DB04725,1
DB00530,DB00590,1
DB01418,DB08875,1
DB08798,DB09090,0
DB01138,DB01405,0
DB02709,DB01047,0
DB06678,DB01134,0
DB11614,DB06412,0
DB00277,DB12471,0
DB00687,DB00933,0
DB01039,DB06212,1
DB01367,DB05885,0
DB00909,DB01418,1
DB00176,DB00627,1
DB08882,DB09195,1
DB00379,DB00694,0
DB00700,DB12141,0
DB00575,DB06210,1
DB01137,DB01201,0
DB01118,DB03515,1
DB09238,DB11817,0
DB00330,DB00365,1
DB00912,DB00737,0
DB11581,DB11619,1
DB01274,DB12513,0
DB01050,DB12597,1
DB00582,DB00862,1
DB00704,DB09063,0
DB00546,DB00533,0
DB04898,DB12319,1
DB01400,DB00288,0
DB12483,DB11691,0
DB00496,DB04871,1
DB05814,DB00437,0
DB01050,DB06595,1
DB01576,DB08933,0
DB00762,DB12301,1
DB00582,DB01337,0
DB03756,DB00699,0
DB01067,DB12597,1
DB00914,DB12332,1
DB09053,DB09237,1
DB00988,DB01192,0
DB00784,DB01176,1
DB00289,DB00810,1
DB00582,DB01054,1
DB00471,DB04557,1
DB12130,DB00589,0
DB00608,DB01075,1
DB00734,DB11652,1
DB00972,DB12371,1
DB00862,DB00872,1
DB06212,DB09099,1
DB00316,DB09236,0
DB00736,DB09198,1
DB00805,DB04216,0
DB00448,DB12267,1
DB00433,DB00615,0
DB01319,DB01035,0
DB05885,DB11730,1
DB00904,DB01059,1
DB00612,DB12483,0
DB00993,DB11575,0
DB00327,DB00862,1
DB00906,DB08808,0
DB05814,DB00543,0
DB04835,DB08808,0
DB04840,DB01645,0
DB00518,DB04896,1
DB01224,DB11979,1
DB01261,DB13179,1
DB00220,DB11560,0
DB04946,DB09065,1
DB00518,DB01624,1
DB00177,DB04884,0
DB04845,DB00933,0
DB00487,DB00744,1
DB01873,DB01068,0
DB04839,DB09143,1
DB04839,DB09063,1
DB00324,DB04871,0
DB00810,DB11682,0
DB04557,DB09280,1
DB05219,DB12001,0
DB08875,DB01410,0
DB01100,DB13179,1
DB00209,DB01412,0
DB12582,DB00897,0
DB01103,DB01171,0
DB00477,DB00598,1
DB01041,DB01412,0
DB01214,DB12332,0
DB00857,DB04725,1
DB01098,DB04572,1
DB11942,DB00489,0
DB05239,DB00865,0
DB00322,DB01132,0
DB12026,DB01395,0
DB01685,DB09030,1
DB00433,DB01191,1
DB01087,DB01410,1
DB11737,DB00849,0
DB00261,DB00831,1
DB11712,DB12301,1
DB00496,DB01036,1
DB00969,DB09273,1
DB00622,DB11730,1
DB11995,DB00195,0
DB06207,DB06210,1
DB09083,DB13874,0
DB00685,DB08877,0
DB00346,DB11837,1
DB00465,DB01062,1
DB01396,DB09063,1
DB01007,DB00796,0
DB00669,DB00827,0
DB00528,DB11951,1
DB05246,DB11689,1
DB01628,DB00104,0
DB06207,DB09288,0
DB12005,DB06693,0
DB00674,DB01611,1
DB01232,DB11574,1
DB09245,DB12548,0
DB00530,DB09389,0
DB01026,DB01095,1
DB00361,DB09167,1
DB00831,DB00969,1
DB08502,DB01410,0
DB00891,DB00528,0
DB01412,DB00317,0
DB05541,DB12332,1
DB01037,DB01098,1
DB01028,DB12332,1
DB06595,DB09063,1
DB09053,DB09054,1
DB00891,DB04828,0
DB00484,DB00601,1
DB09034,DB09065,1
DB00433,DB01026,1
DB01007,DB00434,0
DB00358,DB00695,0
DB00846,DB00433,0
DB00367,DB05219,0
DB00201,DB06626,1
DB09223,DB11967,0
DB00472,DB00977,1
DB00997,DB01224,1
DB01217,DB01393,1
DB02703,DB06237,1
DB00549,DB09198,1
DB09017,DB09065,1
DB01609,DB09061,0
DB00661,DB01232,1
DB00697,DB00337,0
DB00675,DB00972,1
DB00482,DB01320,1
DB00495,DB01104,1
DB08827,DB12267,1
DB06712,DB00209,0
DB00208,DB00173,0
DB00184,DB01007,0
DB00328,DB01263,0
DB00952,DB13879,0
DB00978,DB01194,0
DB08798,DB00349,0
DB00539,DB00932,1
DB00582,DB08875,1
DB00952,DB06654,1
DB00401,DB09185,1
DB05271,DB01261,0
DB00978,DB00998,1
DB04356,DB04894,0
DB01190,DB01708,1
DB04889,DB09053,1
DB01708,DB00700,0
DB00471,DB00388,0
DB00788,DB04911,1
DB00818,DB00240,0
DB00356,DB00533,1
DB08907,DB09185,1
DB00783,DB11672,1
DB00628,DB01384,0
DB09013,DB00737,0
DB00177,DB00444,1
DB00787,DB01236,0
DB00783,DB01095,1
DB06603,DB01214,0
DB09102,DB06292,0
DB06789,DB01168,0
DB08864,DB12245,1
DB00252,DB00976,1
DB00752,DB08439,1
DB00818,DB01048,1
DB00778,DB01558,0
DB00379,DB12147,0
DB00395,DB00570,0
DB04938,DB09241,1
DB00185,DB00877,0
DB00496,DB11718,1
DB00213,DB00661,1
DB00486,DB12141,0
DB00792,DB06701,0
DB01405,DB00184,0
DB00214,DB08931,1
DB00317,DB00656,1
DB12674,DB08807,0
DB01232,DB04356,0
DB06268,DB04896,0
DB06077,DB00324,0
DB00696,DB04896,1
DB00972,DB03783,1
DB00495,DB00799,1
DB00264,DB00615,0
DB00952,DB12026,0
DB01588,DB09102,0
DB11679,DB11693,0
DB00661,DB09102,1
DB00568,DB00636,1
DB04889,DB11689,1
DB00564,DB00700,1
DB12319,DB12513,0
DB01238,DB06789,1
DB00412,DB03701,0
DB00531,DB01392,0
DB00603,DB00969,1
DB00263,DB05708,0
DB00486,DB00531,1
DB06594,DB11652,0
DB00396,DB01259,1
DB00533,DB01191,1
DB00531,DB06228,1
DB01253,DB04977,0
DB00568,DB08882,1
DB01167,DB08877,1
DB00425,DB11967,1
DB00717,DB00864,1
DB01245,DB00266,0
DB00437,DB06701,0
DB00184,DB00897,0
DB00234,DB00250,0
DB00622,DB05541,1
DB01224,DB06412,0
DB00724,DB06207,0
DB08798,DB12001,0
DB01624,DB05814,1
DB00388,DB01577,1
DB06512,DB06237,0
DB00264,DB01104,1
DB06203,DB09224,1
DB00554,DB01131,1
DB00783,DB09185,1
DB05154,DB04889,0
DB00532,DB01259,1
DB01072,DB12026,1
DB06282,DB08882,1
DB06210,DB09232,0
DB06218,DB00629,0
DB00706,DB09555,1
DB13879,DB01200,0
DB00704,DB06636,0
DB00601,DB00810,0
DB06148,DB00253,0
DB00934,DB01254,1
DB00907,DB01028,1
DB00169,DB00216,1
DB09273,DB08873,0
DB00696,DB12301,1
DB00947,DB00629,0
DB00553,DB06148,1
DB04652,DB11855,0
DB00353,DB06712,1
DB09143,DB00445,0
DB00796,DB01588,0
DB00501,DB06148,1
DB12612,DB01035,0
DB06210,DB09296,1
DB01181,DB06712,1
DB08439,DB11995,1
DB00724,DB00784,0
DB05109,DB09290,0
DB00454,DB00773,1
DB00244,DB03701,0
DB13174,DB09102,0
DB00813,DB05812,0
DB11979,DB00978,0
DB11979,DB09327,0
DB01100,DB09291,1
DB00603,DB00194,0
DB00358,DB01536,0
DB00799,DB02187,0
DB00936,DB06803,1
DB00370,DB00914,1
DB01221,DB01103,0
DB00843,DB09198,1
DB00277,DB00731,1
DB01190,DB09054,1
DB00699,DB09034,0
DB00933,DB09167,1
DB00409,DB09238,1
DB01118,DB04975,1
DB00238,DB06729,1
DB01588,DB06712,1
DB08811,DB00568,0
DB01224,DB04856,1
DB00169,DB04896,1
DB01037,DB04572,1
DB01069,DB05812,1
DB00187,DB11979,1
DB11855,DB00384,0
DB00914,DB11718,1
DB08807,DB11718,1
DB00953,DB09290,0
DB09238,DB12978,1
DB01393,DB00322,0
DB12218,DB00327,0
DB06741,DB08896,1
DB01062,DB09128,1
DB00501,DB06203,1
DB01098,DB01248,1
DB01418,DB06603,0
DB00216,DB06636,1
DB00947,DB00412,0
DB00663,DB01254,0
DB01098,DB01242,1
DB12301,DB00234,0
DB06228,DB06287,1
DB00796,DB05219,0
DB04070,DB00758,0
DB00448,DB11837,1
DB01104,DB01259,1
DB04977,DB00927,0
DB00857,DB01645,1
DB12597,DB09232,0
DB00744,DB06756,0
DB08899,DB01405,0
DB00699,DB11560,0
DB12130,DB00861,0
DB00983,DB12612,0
DB00622,DB12612,1
DB00679,DB04889,1
DB08922,DB11986,0
DB00675,DB01198,1
DB13919,DB12887,0
DB08867,DB00330,0
DB01168,DB01062,0
DB00910,DB00951,1
DB01050,DB04216,1
DB00627,DB04946,1
DB00745,DB09244,0
DB01002,DB00792,0
DB00788,DB01191,1
DB06201,DB00328,0
DB11575,DB00327,0
DB01406,DB00187,0
DB01208,DB06789,0
DB00580,DB04076,0
DB00248,DB00932,1
DB01191,DB04920,1
DB00827,DB04574,1
DB06401,DB08899,0
DB01621,DB12693,1
DB09167,DB09183,1
DB00736,DB00909,1
DB09273,DB06228,0
DB00549,DB12319,1
DB01559,DB11652,1
DB00532,DB11679,1
DB00195,DB09065,1
DB08798,DB06777,0
DB04871,DB08864,1
DB00208,DB04216,1
DB00444,DB00700,1
DB09054,DB00589,0
DB04839,DB08895,1
DB12301,DB00629,0
DB12941,DB06144,0
DB06738,DB09123,0
DB11693,DB00482,0
DB00409,DB06729,1
DB01217,DB00273,0
DB00758,DB08860,1
DB12329,DB00289,0
DB01142,DB06595,1
DB01039,DB01248,1
DB00590,DB01079,1
DB08815,DB00851,0
DB01058,DB01155,1
DB00827,DB00279,0
DB04070,DB01409,0
DB12612,DB00685,0
DB01026,DB11652,1
DB00946,DB06729,1
DB03756,DB13919,1
DB00877,DB01152,1
DB00315,DB00730,1
DB00554,DB01132,1
DB00445,DB00934,0
DB00663,DB06712,1
DB00590,DB05271,1
DB01208,DB01412,1
DB00370,DB00946,1
DB00668,DB09071,1
DB00334,DB06287,1
DB00759,DB11796,0
DB00248,DB12674,0
DB00370,DB00908,1
DB00993,DB12582,0
DB12218,DB01044,0
DB00588,DB01369,0
DB00933,DB01536,0
DB00582,DB01394,1
DB00918,DB01012,1
DB01050,DB01132,1
DB01624,DB01132,0
DB01044,DB12147,0
DB01129,DB01583,0
DB03783,DB02709,0
DB00439,DB08933,0
DB00439,DB09048,1
DB01211,DB09128,1
DB00792,DB01227,0
DB00173,DB00195,0
DB11679,DB09290,0
DB00851,DB04861,0
DB00784,DB00843,1
DB00675,DB04356,1
DB00849,DB01283,0
DB00731,DB01171,1
DB01114,DB01126,1
DB00188,DB01114,1
DB00379,DB02134,1
DB00619,DB01183,0
DB05039,DB08873,1
DB09274,DB00465,0
DB06741,DB01259,0
DB13174,DB01152,0
DB11963,DB01168,0
DB00482,DB00976,1
DB06412,DB12245,0
DB00185,DB11730,1
DB00678,DB03010,0
DB00188,DB00788,1
DB09049,DB01165,0
DB03496,DB12005,0
DB06144,DB01165,0
DB01223,DB00966,0
DB11951,DB00361,0
DB12001,DB00953,0
DB04894,DB08896,1
DB06701,DB11613,0
DB00661,DB11586,1
DB00317,DB08807,1
DB00185,DB00668,0
DB00444,DB05219,0
DB04896,DB00845,0
DB00622,DB11682,1
DB00773,DB06148,1
DB06803,DB11718,1
DB01274,DB05812,1
DB00496,DB12161,1
DB08882,DB09216,1
DB02789,DB09063,0
DB00563,DB12235,1
DB02703,DB09095,1
DB11942,DB00508,0
DB06152,DB01098,0
DB00334,DB06626,1
DB04889,DB11967,1
DB06781,DB00487,0
DB00469,DB11581,0
DB00227,DB04871,1
DB00564,DB00731,1
DB00482,DB01264,1
DB00214,DB00675,1
DB01577,DB12267,0
DB00744,DB01032,1
DB00896,DB09290,0
DB00444,DB04889,0
DB00888,DB00549,0
DB00818,DB01029,1
DB01242,DB05109,1
DB01611,DB01628,1
DB00744,DB09099,0
DB03010,DB09225,0
DB01295,DB04894,0
DB00983,DB01195,1
DB04946,DB08912,1
DB01411,DB11718,0
DB04842,DB09065,1
DB01176,DB12301,0
DB00563,DB08827,1
DB00850,DB01873,0
DB11614,DB09327,0
DB00188,DB00250,1
DB04856,DB04946,1
DB08880,DB06730,0
DB01104,DB01406,1
DB00370,DB04835,0
DB00209,DB00180,0
DB01394,DB09054,1
DB01232,DB09048,1
DB00629,DB13874,1
DB12466,DB00209,0
DB01624,DB13174,1
DB00185,DB09185,1
DB08881,DB04975,0
DB00444,DB00908,1
DB00745,DB01283,1
DB00738,DB01191,1
DB01058,DB11712,1
DB01369,DB06626,1
DB00169,DB11730,1
DB00642,DB12978,0
DB00477,DB00571,1
DB00932,DB11574,1
DB01223,DB11757,1
DB01094,DB12674,0
DB09030,DB01059,0
DB00678,DB01131,1
DB06512,DB04975,0
DB01590,DB11886,1
DB00444,DB09198,1
DB00243,DB06218,1
DB00289,DB00570,1
DB01211,DB11581,1
DB01177,DB06268,1
DB01217,DB09291,0
DB02187,DB05219,0
DB11952,DB01067,0
DB11979,DB04574,0
DB00277,DB01410,1
DB01418,DB11967,1
DB01171,DB01264,1
DB01369,DB01050,0
DB00288,DB04794,0
DB00330,DB01259,1
DB00412,DB08873,1
DB01624,DB13874,1
DB09128,DB01117,0
DB00699,DB00860,0
DB00177,DB00327,1
DB01050,DB08881,1
DB00202,DB08895,0
DB00636,DB04957,0
DB00289,DB00914,1
DB00608,DB00661,1
DB00627,DB01587,0
DB01283,DB01320,1
DB01181,DB11915,1
DB06774,DB00328,0
DB00382,DB00934,1
DB01117,DB05812,0
DB00444,DB01274,1
DB00918,DB11581,1
DB05814,DB00776,0
DB00783,DB11679,1
DB00224,DB00333,1
DB00333,DB01035,1
DB01217,DB05814,0
DB00177,DB01181,1
DB00678,DB12218,0
DB01544,DB11560,1
DB00252,DB11757,1
DB00379,DB00714,1
DB11560,DB12597,1
DB00187,DB00726,1
DB01096,DB04356,0
DB00730,DB00796,0
DB01194,DB12141,0
DB01198,DB04911,1
DB01100,DB01238,1
DB00215,DB01130,0
DB00238,DB01409,1
DB00503,DB09241,1
DB00744,DB08816,1
DB00409,DB06212,0
DB05154,DB09143,1
DB11791,DB00897,0
DB00857,DB04829,1
DB05885,DB05154,0
DB01222,DB05814,0
DB00240,DB09389,0
DB01012,DB01192,1
DB01094,DB00593,0
DB06207,DB01050,0
DB00960,DB01026,1
DB13003,DB00792,0
DB12471,DB00494,0
DB01130,DB00792,0
DB00796,DB00496,0
DB00343,DB01086,1
DB11693,DB06726,0
DB01621,DB06603,1
DB00708,DB09185,1
DB00817,DB00304,0
DB01097,DB06401,0
DB01624,DB00378,0
DB01369,DB01232,0
DB04946,DB00553,0
DB12005,DB06789,0
DB00499,DB01095,1
DB00304,DB11619,0
DB00250,DB00675,1
DB09095,DB09274,0
DB01095,DB13179,1
DB06741,DB01295,0
DB00762,DB03575,1
DB01142,DB04898,1
DB01406,DB01369,0
DB00603,DB00712,1
DB09291,DB00851,0
DB00675,DB01601,1
DB00501,DB00533,1
DB00484,DB01032,0
DB01394,DB00205,0
DB04356,DB00104,0
DB01588,DB11730,1
DB12020,DB06817,0
DB04856,DB00627,0
DB03783,DB04898,1
DB01233,DB11837,1
DB12026,DB01577,0
DB00475,DB09048,0
DB01369,DB08880,0
DB05541,DB08875,1
DB00792,DB01028,1
DB13919,DB00751,0
DB00972,DB00978,1
DB00395,DB00983,1
DB08933,DB00169,0
DB04854,DB00553,0
DB01259,DB01395,1
DB00412,DB09061,1
DB06594,DB00655,0
DB00422,DB12245,0
DB09048,DB09204,1
DB00582,DB06603,1
DB00705,DB01355,1
DB06287,DB12332,1
DB00188,DB00574,1
DB01211,DB04920,1
DB00382,DB01388,1
DB00617,DB00736,0
DB01041,DB01274,1
DB06287,DB06700,1
DB01359,DB09280,0
DB00575,DB11915,1
DB04825,DB05708,0
DB00575,DB01274,1
DB08873,DB09095,1
DB00784,DB08864,1
DB08912,DB09245,0
DB11751,DB00388,0
DB00617,DB08901,1
DB00705,DB01103,1
DB09101,DB01283,0
DB08820,DB08895,1
DB11828,DB00945,0
DB11737,DB00324,0
DB00814,DB01039,1
DB01095,DB09232,0
DB00977,DB06725,1
DB00439,DB01611,1
DB00810,DB01035,1
DB01095,DB04844,1
DB06789,DB12245,0
DB00425,DB09039,1
DB01094,DB03783,1
DB01624,DB06268,1
DB00253,DB01708,0
DB00384,DB04845,0
DB00169,DB01297,1
DB13783,DB06817,0
DB00487,DB01400,0
DB03783,DB01253,0
DB01065,DB09123,0
DB00608,DB01591,1
DB00193,DB00699,1
DB01087,DB11942,1
DB00705,DB11823,1
DB04070,DB09053,1
DB00384,DB01384,0
DB00896,DB00549,0
DB12471,DB01029,0
DB00499,DB00668,0
DB06401,DB00817,0
DB04871,DB00799,0
DB00228,DB12161,0
DB00549,DB01036,1
DB01136,DB01708,0
DB00316,DB04855,1
DB00494,DB04216,1
DB00717,DB00730,0
DB00778,DB06700,1
DB00468,DB04841,1
DB00543,DB08901,1
DB13003,DB00776,0
DB00788,DB11753,1
DB00499,DB08865,1
DB01232,DB06148,1
DB00834,DB11823,1
DB01037,DB04216,1
DB11712,DB01472,0
DB01181,DB12301,1
DB00555,DB04630,0
DB01400,DB01319,0
DB00201,DB00467,1
DB04794,DB00851,0
DB01075,DB05990,0
DB05239,DB06654,0
DB00736,DB01058,1
DB00603,DB00802,0
DB06712,DB00574,0
DB11791,DB04829,0
DB01611,DB11652,1
DB00969,DB01026,1
DB01068,DB01087,1
DB00495,DB01075,1
DB11586,DB04652,0
DB00185,DB01100,1
DB00238,DB05109,1
DB00327,DB00668,1
DB08827,DB00805,0
DB09053,DB09227,1
DB00731,DB06636,1
DB00490,DB01263,1
DB00294,DB00977,0
DB00564,DB09102,1
DB01319,DB01395,1
DB01058,DB01166,1
DB00180,DB12130,0
DB00749,DB00849,0
DB00530,DB01198,1
DB00338,DB00518,1
DB00347,DB00352,0
DB00819,DB09039,1
DB09241,DB11751,1
DB06148,DB00163,0
DB01098,DB01232,1
DB03701,DB04832,1
DB01072,DB06702,1
DB00549,DB00554,1
DB00799,DB00932,0
DB01228,DB12674,0
DB04841,DB06419,0
DB04829,DB11581,1
DB05814,DB09053,1
DB01245,DB12147,0
DB00827,DB05990,0
DB00471,DB01095,1
DB04216,DB09223,0
DB01086,DB06267,0
DB00612,DB09124,0
DB09039,DB00454,0
DB09083,DB04076,0
DB08880,DB01369,0
DB01764,DB00439,0
DB00304,DB08868,0
DB00924,DB01303,1
DB01601,DB12543,1
DB00834,DB01096,0
DB05219,DB13179,0
DB01029,DB08918,0
DB00590,DB12147,1
DB03515,DB08808,0
DB08439,DB08860,1
DB01210,DB01232,0
DB00297,DB05812,1
DB00220,DB06414,1
DB00588,DB12612,1
DB13158,DB00813,0
DB00731,DB01039,1
DB06712,DB09330,1
DB00489,DB01008,0
DB01029,DB01095,1
DB00365,DB09227,1
DB01295,DB11757,1
DB09099,DB01002,0
DB00799,DB01126,0
DB00582,DB09124,1
DB04839,DB12267,1
DB00209,DB11718,1
DB00810,DB01295,1
DB00543,DB13874,1
DB11693,DB11823,0
DB00233,DB00425,0
DB00234,DB08807,1
DB08901,DB09173,1
DB00250,DB01028,1
DB02187,DB00864,0
DB00968,DB00949,0
DB00617,DB00678,1
DB00796,DB06594,1
DB05039,DB11737,0
DB00327,DB06636,1
DB01041,DB11575,0
DB00402,DB00495,1
DB01138,DB01357,1
DB03756,DB12005,1
DB09079,DB09173,0
DB00983,DB12001,0
DB09288,DB13179,1
DB01418,DB05109,1
DB01195,DB05990,1
DB12093,DB01008,0
DB00338,DB04894,0
DB04794,DB00615,0
DB00384,DB11828,0
DB00465,DB00621,1
DB00216,DB06414,1
DB09183,DB00806,0
DB06741,DB04840,0
DB00851,DB01065,1
DB00358,DB09238,0
DB04794,DB04839,0
DB00936,DB00993,1
DB00216,DB00270,1
DB12693,DB13179,0
DB06730,DB09048,1
DB01236,DB01048,0
DB00543,DB04889,1
DB04652,DB00687,0
DB12218,DB00315,0
DB00617,DB06803,1
DB00337,DB00228,0
DB05239,DB01068,0
DB09061,DB01044,0
DB00752,DB04946,1
DB00177,DB01198,1
DB00353,DB01198,1
DB01409,DB11837,1
DB02703,DB08918,1
DB04828,DB00896,0
DB09274,DB00539,0
DB00338,DB00307,0
DB00322,DB04898,1
DB00501,DB06603,1
DB00501,DB05109,1
DB00273,DB13003,0
DB00758,DB09225,1
DB00796,DB00361,0
DB00169,DB09227,1
DB01406,DB01168,0
DB01087,DB06725,0
DB01035,DB08881,1
DB08895,DB11915,0
DB00752,DB01058,1
DB12267,DB09389,0
DB00675,DB01126,1
DB00810,DB00347,0
DB00738,DB09173,1
DB11751,DB12010,1
DB00209,DB05271,1
DB00936,DB01168,0
DB00224,DB01028,1
DB00669,DB06817,0
DB01667,DB09225,1
DB00253,DB08868,0
DB00932,DB01234,1
DB00471,DB00494,0
DB09245,DB05219,0
DB00588,DB06401,0
DB08922,DB09039,1
DB00370,DB01166,1
DB12161,DB04835,0
DB12582,DB09232,0
DB05708,DB01132,0
DB06691,DB00730,0
DB00228,DB05708,0
DB04884,DB09330,1
DB06268,DB01211,0
DB00370,DB00482,1
DB00490,DB00773,1
DB00531,DB00802,1
DB00528,DB09102,1
DB00501,DB02134,1
DB00531,DB01405,0
DB09053,DB12548,0
DB00379,DB01044,1
DB00836,DB01167,1
DB00582,DB00759,1
DB08907,DB00947,0
DB00343,DB12457,1
DB04835,DB00323,0
DB00277,DB06144,1
DB00377,DB00622,1
DB01319,DB09071,1
DB01100,DB01136,1
DB00317,DB01087,1
DB00216,DB00477,1
DB00617,DB00983,1
DB00349,DB00711,0
DB00214,DB08864,1
DB00589,DB09053,1
DB00238,DB06678,1
DB00877,DB04884,1
DB01136,DB04844,1
DB00591,DB13179,1
DB00252,DB04898,1
DB12612,DB00104,0
DB00530,DB00546,0
DB04977,DB11796,0
DB01201,DB00694,0
DB00176,DB01026,1
DB08439,DB09048,1
DB00834,DB06803,1
DB00382,DB09167,1
DB11828,DB00708,0
DB06419,DB00533,0
DB00982,DB00184,0
DB06756,DB09225,0
DB00872,DB12466,0
DB00379,DB00751,1
DB00468,DB00933,1
DB01590,DB09039,1
DB00982,DB11730,1
DB00173,DB00184,0
DB04652,DB00818,0
DB01245,DB00966,0
DB00910,DB00554,0
DB01039,DB00952,0
DB01764,DB12319,0
DB00911,DB01044,0
DB00234,DB00627,0
DB00700,DB00845,1
DB12020,DB06201,0
DB01171,DB12483,0
DB01303,DB06148,1
DB06756,DB01595,0
DB09048,DB09223,1
DB09083,DB11791,0
DB01275,DB09071,1
DB11693,DB12020,0
DB09239,DB08995,0
DB09063,DB01117,0
DB06152,DB06626,0
DB11682,DB11560,0
DB00468,DB00533,1
DB00363,DB02187,1
DB00471,DB01118,1
DB01050,DB00391,0
DB01068,DB01263,1
DB00978,DB00250,0
DB00266,DB12713,0
DB01076,DB01621,0
DB06738,DB00185,0
DB12693,DB08899,0
DB00629,DB00817,1
DB00367,DB06419,1
DB00564,DB00983,1
DB00494,DB01412,0
DB01007,DB09238,0
DB04794,DB08865,1
DB01129,DB01131,1
DB01036,DB06654,0
DB01008,DB04552,0
DB08903,DB00759,0
DB05812,DB06636,1
DB01036,DB09039,1
DB00983,DB09173,1
DB00118,DB00394,0
DB04652,DB01047,0
DB01410,DB04832,1
DB00956,DB09236,0
DB00910,DB11952,0
DB00379,DB00779,1
DB00675,DB00977,1
DB00216,DB01062,1
DB12597,DB01685,0
DB09229,DB00910,0
DB00897,DB09065,1
DB01075,DB11995,1
DB00186,DB12332,0
DB01393,DB04832,1
DB01009,DB08860,1
DB06414,DB00445,0
DB00945,DB12978,0
DB06403,DB00574,0
DB00381,DB00448,1
DB00918,DB12026,1
DB00724,DB08881,0
DB00674,DB04835,0
DB00317,DB00810,1
DB01136,DB12597,1
DB00351,DB09227,1
DB01223,DB04216,1
DB00976,DB09223,1
DB00973,DB08807,0
DB01764,DB08910,1
DB09173,DB08865,0
DB09053,DB12713,0
DB04557,DB11823,1
DB00783,DB08864,1
DB00264,DB00907,1
DB00726,DB04829,1
DB00764,DB08860,1
DB00347,DB09101,1
DB00477,DB09227,1
DB01012,DB01580,1
DB00205,DB01380,0
DB00582,DB00337,0
DB00209,DB01177,1
DB00439,DB08807,1
DB00956,DB01405,0
DB01214,DB00745,0
DB00738,DB09053,1
DB00388,DB00936,0
DB00575,DB00412,0
DB04832,DB06207,1
DB00956,DB01873,0
DB01259,DB09048,1
DB01190,DB09232,0
DB01400,DB11943,0
DB00956,DB01380,0
DB01026,DB11693,1
DB00476,DB01396,0
DB00422,DB02134,0
DB00215,DB00993,1
DB04832,DB11679,1
DB08875,DB11682,1
DB04216,DB12371,1
DB05239,DB08922,0
DB00176,DB00448,1
DB01208,DB05885,0
DB09048,DB09238,1
DB00711,DB12941,0
DB01192,DB01297,1
DB00496,DB00487,0
DB00554,DB06636,1
DB00623,DB00381,0
DB01074,DB11823,1
DB00656,DB11586,1
DB01708,DB00857,0
DB00734,DB09102,1
DB00601,DB09280,0
DB08827,DB00205,0
DB11942,DB00358,0
DB03701,DB00334,0
DB00439,DB01075,1
DB00792,DB08893,1
DB00233,DB00391,0
DB12255,DB00888,0
DB06603,DB00228,0
DB00484,DB12130,0
DB00255,DB00749,1
DB00679,DB00863,1
DB00379,DB01009,0
DB00708,DB01097,0
DB01064,DB00817,0
DB11619,DB09198,0
DB00379,DB13174,1
DB00601,DB00969,0
DB00184,DB00193,1
DB00486,DB01117,1
DB00792,DB09389,0
DB08880,DB00545,0
DB00861,DB08901,0
DB00907,DB01384,0
DB00813,DB09065,1
DB09389,DB00796,0
DB08901,DB11757,1
DB08820,DB00730,0
DB00603,DB01118,1
DB00495,DB09227,1
DB00794,DB01406,0
DB00330,DB04725,1
DB00448,DB11967,1
DB06287,DB00487,0
DB01069,DB01079,1
DB00934,DB09185,1
DB00185,DB04911,1
DB00469,DB06594,1
DB01100,DB00749,0
DB00255,DB01075,1
DB06817,DB00570,0
DB04861,DB01190,0
DB12582,DB00741,0
DB00872,DB08875,1
DB09213,DB01588,0
DB00655,DB11581,0
DB00422,DB00434,0
DB03515,DB11689,0
DB12543,DB12978,0
DB00489,DB00918,1
DB04841,DB13158,0
DB00316,DB01405,1
DB00322,DB00283,0
DB06741,DB00268,0
DB06403,DB01764,0
DB01132,DB01211,1
DB00422,DB04896,0
DB01177,DB09244,0
DB05271,DB11586,1
DB01228,DB01002,0
DB01126,DB01232,1
DB09239,DB09034,0
DB00475,DB00700,0
DB00250,DB01177,1
DB01248,DB01263,1
DB01072,DB08893,1
DB01074,DB03575,1
DB01176,DB05812,0
DB00209,DB01392,1
DB00906,DB01166,0
DB01263,DB00677,0
DB00316,DB13179,1
DB00678,DB11689,1
DB00454,DB12941,0
DB04572,DB08846,0
DB00758,DB04855,1
DB09237,DB01410,0
DB00468,DB01410,1
DB01764,DB11689,0
DB04920,DB06803,1
DB04842,DB01098,0
DB00851,DB06739,0
DB00439,DB01132,1
DB11796,DB08895,0
DB04076,DB00724,0
DB01054,DB00180,0
DB00396,DB04957,1
DB00191,DB00317,0
DB00973,DB12329,0
DB04920,DB04652,0
DB00615,DB01118,1
DB00571,DB01096,1
DB02709,DB00897,0
DB00706,DB01008,0
DB00949,DB00973,0
DB00533,DB00857,1
DB00977,DB01259,1
DB00528,DB01190,1
DB00708,DB01181,0
DB00792,DB00758,0
DB06654,DB01035,0
DB00205,DB12245,0
DB04840,DB11979,1
DB00208,DB12693,1
DB00726,DB02489,0
DB00337,DB11737,0
DB12582,DB00927,0
DB00810,DB00495,0
DB06414,DB08798,1
DB12218,DB01138,0
DB06702,DB01223,0
DB00289,DB00834,1
DB04216,DB12161,0
DB00802,DB11963,0
DB01263,DB11619,1
DB00912,DB05812,1
DB00877,DB01058,1
DB00333,DB11586,1
DB00813,DB09102,1
DB09049,DB00621,0
DB00530,DB09102,1
DB09227,DB11614,1
DB06729,DB00443,0
DB00309,DB00936,0
DB04838,DB01559,0
DB00622,DB00796,1
DB12245,DB11575,0
DB00307,DB02703,1
DB00437,DB00724,0
DB01645,DB09102,0
DB01076,DB01114,1
DB00628,DB00288,0
DB05294,DB01410,0
DB00737,DB00839,0
DB01242,DB09101,1
DB00469,DB04856,1
DB00312,DB00973,0
DB08439,DB08865,1
DB00268,DB00496,0
DB00951,DB04652,1
DB00730,DB13874,1
DB00734,DB06739,0
DB02134,DB03010,1
DB01028,DB06218,1
DB00496,DB04832,1
DB13878,DB04975,0
DB00694,DB04889,0
DB01047,DB08815,0
DB00762,DB00909,1
DB01303,DB00711,0
DB00969,DB11560,1
DB01274,DB05271,1
DB01264,DB01411,1
DB06210,DB00862,0
DB01411,DB00866,0
DB00724,DB06152,0
DB11943,DB01065,0
DB00176,DB01167,1
DB00814,DB01195,1
DB00476,DB01591,1
DB01138,DB00959,0
DB00864,DB04854,0
DB01079,DB06512,1
DB09198,DB11679,1
DB00661,DB04938,1
DB09216,DB13874,0
DB06287,DB13783,0
DB00590,DB01263,1
DB00730,DB00784,1
DB00627,DB04829,1
DB00794,DB04216,1
DB00487,DB00518,1
DB03575,DB09239,0
DB06267,DB11951,1
DB00370,DB00608,1
DB00533,DB08502,1
DB12332,DB00860,0
DB00982,DB01403,0
DB06414,DB00490,0
DB08895,DB00757,0
DB00503,DB00598,1
DB01359,DB00973,0
DB01104,DB04794,0
DB01096,DB01238,1
DB00194,DB08867,0
DB00263,DB08816,0
DB01283,DB00888,0
DB00827,DB00496,0
DB00623,DB09048,1
DB12130,DB01067,0
DB00661,DB00998,1
DB00439,DB00549,1
DB00309,DB11712,0
DB01018,DB01601,1
DB00628,DB13874,0
DB01177,DB01252,0
DB00590,DB08881,1
DB11915,DB04725,0
DB00472,DB04794,0
DB00467,DB01100,1
DB00784,DB01117,1
DB00266,DB06594,1
DB00467,DB01129,0
DB00297,DB00496,1
DB00163,DB01152,0
DB00414,DB00802,0
DB00623,DB06595,0
DB00518,DB11712,0
DB00863,DB00949,0
DB12147,DB00608,0
DB00836,DB00820,0
DB04977,DB08868,0
DB01656,DB00914,0
DB01214,DB03575,0
DB00238,DB05708,1
DB01359,DB05812,1
DB03783,DB04977,1
DB01591,DB04911,1
DB04896,DB06267,1
DB00270,DB11951,1
DB08820,DB08865,1
DB00820,DB01259,1
DB06268,DB09030,1
DB00966,DB01201,0
DB00706,DB01223,0
DB00568,DB13158,0
DB00378,DB11672,1
DB01138,DB06738,1
DB01183,DB00215,0
DB04946,DB01394,0
DB00549,DB06594,1
DB00234,DB01195,1
DB00530,DB09065,1
DB00220,DB09183,1
DB01274,DB12245,1
DB00356,DB00501,1
DB00806,DB11689,1
DB00353,DB01536,0
DB00908,DB01094,1
DB00872,DB06203,1
DB00843,DB06228,0
DB00741,DB01210,0
DB01320,DB08502,1
DB04652,DB09204,0
DB01076,DB05814,1
DB05885,DB12612,0
DB01181,DB04856,1
DB00439,DB09223,0
DB00758,DB11652,1
DB00494,DB00655,0
DB00850,DB11979,1
DB01544,DB00810,0
DB00209,DB00204,0
DB05154,DB06725,0
DB01134,DB00598,0
DB00394,DB06712,1
DB00973,DB00440,0
DB00726,DB01117,1
DB01223,DB11952,1
DB00448,DB01221,1
DB01409,DB09227,1
DB00862,DB01263,1
DB12329,DB08895,0
DB00969,DB01195,1
DB00945,DB08875,1
DB00863,DB04356,1
DB00897,DB01708,0
DB01134,DB00528,0
DB01238,DB12471,0
DB12218,DB08811,0
DB04829,DB02489,0
DB08895,DB09327,0
DB00185,DB01591,1
DB03515,DB09101,1
DB08922,DB05294,0
DB08798,DB06603,0
DB00726,DB01195,1
DB00586,DB01074,1
DB04855,DB12887,1
DB00845,DB01041,1
DB00850,DB11791,1
DB00444,DB01072,1
DB09389,DB09237,0
DB00675,DB03756,1
DB00932,DB12543,1
DB05039,DB09198,0
DB01132,DB00751,0
DB00356,DB01611,1
DB06691,DB00872,0
DB00468,DB00872,1
DB00209,DB01095,1
DB00897,DB01254,1
DB00185,DB03575,0
DB00588,DB04861,0
DB01029,DB01611,1
DB00758,DB11586,1
DB00425,DB04572,0
DB00379,DB06739,1
DB05812,DB09048,1
DB05271,DB09204,1
DB09173,DB06693,0
DB08918,DB01208,0
DB04838,DB13158,0
DB00736,DB11978,0
DB01601,DB00388,0
DB12010,DB06419,0
DB00685,DB01103,0
DB01355,DB06218,1
DB00228,DB00827,0
DB00379,DB06412,0
DB00434,DB01048,0
DB00531,DB09297,1
DB01167,DB02187,1
DB00322,DB00843,1
DB00806,DB00927,1
DB06803,DB12332,1
DB00549,DB01410,0
DB01037,DB09061,1
DB06414,DB09195,0
DB12548,DB01064,0
DB00472,DB11672,1
DB00425,DB00661,1
DB00273,DB04630,0
DB00343,DB01190,1
DB01283,DB06414,1
DB03701,DB00324,0
DB00324,DB06207,0
DB00367,DB01283,0
DB01076,DB01248,1
DB00266,DB00169,0
DB09213,DB00253,0
DB00949,DB01047,0
DB09232,DB03756,0
DB00277,DB00495,1
DB00977,DB00563,0
DB00188,DB09238,1
DB00636,DB00787,0
DB00214,DB00969,1
DB12543,DB06287,0
DB00827,DB00590,0
DB00304,DB00334,1
DB01411,DB01047,0
DB06335,DB00546,0
DB04938,DB11823,1
DB00475,DB01132,0
DB13174,DB01126,0
DB01058,DB06335,1
DB04070,DB01194,0
DB02703,DB06691,1
DB01054,DB12147,0
DB08807,DB12001,0
DB00208,DB00382,1
DB00622,DB06729,1
DB00603,DB01259,1
DB00734,DB01096,1
DB01009,DB09183,1
DB06218,DB09185,1
DB01558,DB01193,0
DB04828,DB05990,0
DB00700,DB09173,0
DB00599,DB01259,1
DB04896,DB09128,1
DB06203,DB09053,1
DB00827,DB00252,0
DB00317,DB04832,1
DB05814,DB00433,0
DB01227,DB01009,0
DB01137,DB12329,0
DB00528,DB11581,1
DB01048,DB09296,1
DB08899,DB06691,0
DB03783,DB00865,0
DB00209,DB04889,1
DB00294,DB04829,0
DB00343,DB04889,1
DB01400,DB11943,0
DB00185,DB00532,1
DB00696,DB05294,1
DB04938,DB09053,1
DB01014,DB00745,0
DB00685,DB08910,1
DB11855,DB07615,0
DB00381,DB09013,0
DB00559,DB11979,0
DB01074,DB00764,0
DB00857,DB04840,1
DB00773,DB09063,1
DB01576,DB04855,1
DB01261,DB04938,0
DB00946,DB00214,0
DB01062,DB11986,1
DB01098,DB11915,1
DB06419,DB01104,0
DB00322,DB04840,0
DB08846,DB00422,0
DB08808,DB06777,0
DB00788,DB01118,1
DB01357,DB08901,1
DB08901,DB00294,0
DB00932,DB08808,1
DB01008,DB11979,0
DB01136,DB01411,1
DB09237,DB00382,0
DB00118,DB01136,1
DB06636,DB06725,1
DB01198,DB12978,0
DB00277,DB11915,1
DB06691,DB09099,0
DB11751,DB01013,0
DB13879,DB11679,0
DB00802,DB00322,0
DB00846,DB11586,0
DB01028,DB06712,1
DB00228,DB05039,0
DB00177,DB00343,1
DB00283,DB06741,0
DB06654,DB09128,1
DB02187,DB08865,1
DB00508,DB06228,0
DB01254,DB04896,1
DB00993,DB04855,0
DB12483,DB01155,0
DB08815,DB09095,0
DB00297,DB01035,1
DB01217,DB06287,0
DB09229,DB12301,0
DB00482,DB00737,1
DB00908,DB00891,0
DB00388,DB09223,0
DB00377,DB00752,1
DB00338,DB09198,1
DB00839,DB11952,0
DB00910,DB00208,0
DB00796,DB12267,1
DB01050,DB11718,1
DB13878,DB06701,0
DB09039,DB01367,0
DB01138,DB01873,0
DB01131,DB11718,1
DB00575,DB00787,1
DB00209,DB01104,1
DB00255,DB01026,1
DB09101,DB09297,1
DB01117,DB11574,0
DB12466,DB06756,0
DB12693,DB09063,0
DB00846,DB01079,0
DB00205,DB00448,1
DB00571,DB08846,0
DB00490,DB02703,1
DB00425,DB11679,1
DB06693,DB01228,0
DB12319,DB12887,0
DB00220,DB08816,1
DB00851,DB12332,1
DB01086,DB06803,1
DB01558,DB00173,0
DB01400,DB01873,0
DB01129,DB09049,0
DB00978,DB00737,0
DB01007,DB01100,0
DB00440,DB11574,0
DB00590,DB03756,1
DB03756,DB01232,0
DB00384,DB00307,0
DB08864,DB05885,0
DB00440,DB01223,0
DB00243,DB00696,1
DB00346,DB00619,1
DB00591,DB00872,1
DB01165,DB06700,0
DB00679,DB01062,1
DB01393,DB09053,0
DB00361,DB00699,1
DB00422,DB00619,0
DB02703,DB09236,1
DB00773,DB06144,0
DB01395,DB12887,1
DB06626,DB09183,1
DB08903,DB00484,0
DB04871,DB01536,0
DB00779,DB01181,0
DB00501,DB01590,1
DB00834,DB00704,0
DB00264,DB00598,1
DB00490,DB00543,1
DB00788,DB01558,1
DB00861,DB00888,0
DB00794,DB08995,1
DB00205,DB01221,1
DB09245,DB00762,0
DB00455,DB00872,1
DB04832,DB11574,1
DB00496,DB01079,1
DB01026,DB01409,1
DB01048,DB11586,0
DB04652,DB08846,0
DB06817,DB13158,0
DB09232,DB06605,0
DB00465,DB04557,1
DB00675,DB08808,1
DB01406,DB12329,1
DB00598,DB12597,1
DB01388,DB01217,0
DB01129,DB04861,1
DB12255,DB00629,0
DB00628,DB01118,1
DB00330,DB01097,1
DB00486,DB01590,0
DB01177,DB02187,0
DB01656,DB08995,1
DB11682,DB09073,0
DB01198,DB01275,1
DB00186,DB00205,0
DB11986,DB12371,1
DB00590,DB13879,1
DB00779,DB01303,1
DB00469,DB11614,1
DB01595,DB00559,0
DB00270,DB09017,1
DB00188,DB00831,1
DB01072,DB11613,1
DB00911,DB00261,0
DB04861,DB11718,1
DB00969,DB00968,0
DB00622,DB00924,1
DB01259,DB08877,1
DB00234,DB00619,1
DB00863,DB08807,1
DB00951,DB01395,1
DB01104,DB01181,1
DB11951,DB00663,0
DB01002,DB09030,0
DB00414,DB01588,0
DB00402,DB00977,1
DB08880,DB08899,1
DB08811,DB06595,0
DB09099,DB04825,0
DB01048,DB11855,0
DB00486,DB06725,1
DB04846,DB09049,0
DB00570,DB00555,0
DB00568,DB09241,1
DB00834,DB00897,1
DB00590,DB09183,1
DB00227,DB00857,1
DB00496,DB00422,0
DB00757,DB13174,1
DB04975,DB00908,0
DB00799,DB11753,1
DB01406,DB12235,1
DB00580,DB06414,1
DB00911,DB00253,0
DB00752,DB00934,1
DB00487,DB04356,1
DB08873,DB01075,0
DB01355,DB06414,1
DB08901,DB09101,1
DB01028,DB11581,1
DB12874,DB01337,0
DB01068,DB00455,0
DB00891,DB01274,1
DB09101,DB01126,0
DB00582,DB01129,1
DB00744,DB09225,1
DB00244,DB06594,0
DB04828,DB01621,0
DB06212,DB09065,1
DB00266,DB00422,1
DB00471,DB01544,1
DB00672,DB11952,0
DB01234,DB04832,1
DB04845,DB12141,1
DB00629,DB01166,1
DB00199,DB01166,1
DB08846,DB06678,0
DB00699,DB09296,0
DB06267,DB11613,0
DB00381,DB11614,1
DB01117,DB03783,1
DB00530,DB09079,1
DB01074,DB09048,1
DB06403,DB01409,0
DB11995,DB00599,0
DB00382,DB04889,1
DB00589,DB01074,1
DB11921,DB00448,0
DB00353,DB00851,0
DB00439,DB01601,1
DB01337,DB01283,0
DB00317,DB01190,1
DB00865,DB06414,0
DB00784,DB00173,0
DB00195,DB00315,1
DB00918,DB01167,1
DB00843,DB11942,0
DB01173,DB06268,0
DB00969,DB08865,1
DB04908,DB00445,0
DB00324,DB00704,0
DB00543,DB00773,0
DB12693,DB01165,0
DB01403,DB06218,0
DB00968,DB04911,0
DB08860,DB12612,1
DB00906,DB00932,1
DB00374,DB08864,1
DB00490,DB00810,1
DB00440,DB01134,0
DB06401,DB12874,1
DB06594,DB01369,0
DB00204,DB00294,0
DB06268,DB09099,0
DB00208,DB00559,1
DB04832,DB08864,1
DB01050,DB11652,1
DB00396,DB01126,1
DB00261,DB01191,1
DB03496,DB01591,0
DB00328,DB00862,1
DB00599,DB00752,1
DB00208,DB00745,1
DB05708,DB01138,0
DB00358,DB00361,0
DB00467,DB00468,1
DB01103,DB01181,1
DB00700,DB01072,1
DB00388,DB12329,0
DB01591,DB00546,0
DB06678,DB08880,0
DB01095,DB09224,1
DB06777,DB00949,0
DB00617,DB04216,1
DB06152,DB11672,1
DB00487,DB01097,1
DB09095,DB03575,0
DB00796,DB01177,1
DB00910,DB01086,0
DB01406,DB08907,1
DB00586,DB01062,1
DB00518,DB00377,0
DB00337,DB01174,0
DB00277,DB09039,1
DB00454,DB04839,1
DB00897,DB04957,1
DB00454,DB01026,1
DB00317,DB01114,1
DB09204,DB09389,0
DB01118,DB01395,1
DB11712,DB12471,0
DB04911,DB09245,0
DB00533,DB06292,0
DB04829,DB00487,0
DB00736,DB05246,1
DB11574,DB03010,0
DB05271,DB09274,0
DB13003,DB03575,0
DB00787,DB08922,0
DB01337,DB11689,0
DB01059,DB01181,0
DB00468,DB01409,1
DB01096,DB04838,0
DB09034,DB13874,1
DB01165,DB03496,0
DB00315,DB05885,0
DB01406,DB09034,1
DB04652,DB00277,0
DB03575,DB01667,0
DB00706,DB13874,1
DB00734,DB09079,0
DB01228,DB00621,0
DB01013,DB00740,0
DB04652,DB00675,0
DB00952,DB08846,0
DB09166,DB00827,0
DB04574,DB06803,1
DB00675,DB11712,1
DB00288,DB11581,0
DB08873,DB12026,1
DB00993,DB04975,0
DB08804,DB06701,0
DB00330,DB12147,1
DB11730,DB00484,0
DB01393,DB09213,1
DB00253,DB11737,0
DB00814,DB06803,1
DB00914,DB01624,1
DB00396,DB11915,1
DB06789,DB12161,1
DB00391,DB13179,0
DB00343,DB06335,1
DB06401,DB04911,0
DB00857,DB11757,1
DB01595,DB00559,0
DB09238,DB11967,1
DB12457,DB00850,0
DB00860,DB08931,0
DB01406,DB01097,0
DB00617,DB01406,1
DB04216,DB06803,1
DB04844,DB06726,1
DB00367,DB11730,1
DB00778,DB01029,0
DB01126,DB09241,1
DB01263,DB02703,1
DB09090,DB01210,0
DB00730,DB12483,0
DB01410,DB12026,0
DB01190,DB00918,0
DB00471,DB04898,1
DB01132,DB01134,0
DB00330,DB00726,1
DB00471,DB09299,0
DB09034,DB09090,0
DB00365,DB01181,0
DB01137,DB00352,0
DB00518,DB00712,0
DB00191,DB00227,1
DB00454,DB11828,1
DB00677,DB08931,0
DB01591,DB01394,0
DB01096,DB01195,1
DB00685,DB09185,0
DB08811,DB11574,0
DB00448,DB09238,1
DB00277,DB09183,1
DB06738,DB08865,1
DB06654,DB01129,0
DB00414,DB00471,1
DB00966,DB01181,0
DB01395,DB04977,0
DB06730,DB01544,0
DB06777,DB12184,0
DB04946,DB12005,1
DB00570,DB09099,1
DB00932,DB11901,1
DB00897,DB12483,1
DB00343,DB00563,1
DB01173,DB06774,1
DB00224,DB06207,1
DB01044,DB01166,1
DB01114,DB01263,1
DB08875,DB09183,1
DB05109,DB09048,1
DB12235,DB00969,0
DB00434,DB06419,0
DB00622,DB06605,1
DB01087,DB01232,1
DB08865,DB12329,1
DB01559,DB11613,1
DB00238,DB01136,1
DB11581,DB11915,1
DB00864,DB09389,0
DB00370,DB00706,1
DB02134,DB00454,0
DB00628,DB08873,1
DB12218,DB06738,0
DB00409,DB00582,0
DB00983,DB06287,1
DB01621,DB08816,0
DB00960,DB01190,0
DB08868,DB01095,0
DB04977,DB00997,0
DB01395,DB04977,0
DB01259,DB09167,1
DB01100,DB01406,1
DB01412,DB11689,1
DB00706,DB08867,0
DB04938,DB11614,1
DB00353,DB06210,0
DB00317,DB11679,1
DB00294,DB00696,1
DB00173,DB00264,0
DB00564,DB01095,1
DB00264,DB00959,0
DB01002,DB04356,1
DB12301,DB06781,0
DB01072,DB01094,1
DB00352,DB00228,0
DB00220,DB01126,1
DB01058,DB09327,0
DB00982,DB01072,1
DB00365,DB00857,1
DB09225,DB00778,0
DB00907,DB11921,0
DB04552,DB12010,1
DB00315,DB01609,1
DB00444,DB06605,1
DB00195,DB00531,0
DB01037,DB12978,0
DB11796,DB00208,0
DB00213,DB00721,0
DB01132,DB08922,1
DB00946,DB12978,0
DB00188,DB08439,1
DB00570,DB00751,1
DB00865,DB11613,1
DB00810,DB00792,0
DB00751,DB00910,0
DB08931,DB00414,0
DB00335,DB01590,1
DB01167,DB08910,1
DB00934,DB11613,0
DB00412,DB01254,0
DB00425,DB00685,1
DB06725,DB12301,0
DB09291,DB00949,0
DB00752,DB11757,1
DB06729,DB11886,0
DB00857,DB11560,1
DB01079,DB01096,1
DB01393,DB06603,0
DB00668,DB04856,0
DB01380,DB00966,0
DB00187,DB11581,0
DB00946,DB11817,0
DB01079,DB09013,0
DB00374,DB04557,1
DB00712,DB06741,1
DB00912,DB09079,0
DB00250,DB00622,1
DB00263,DB01177,1
DB00187,DB00932,1
DB01210,DB08893,0
DB01086,DB06781,0
DB01037,DB01223,1
DB00629,DB00202,0
DB05271,DB08816,0
DB06595,DB01403,0
DB12582,DB12329,0
DB00486,DB01098,1
DB01117,DB01137,0
DB04552,DB12612,0
DB01137,DB00924,0
DB01129,DB09227,0
DB01014,DB06789,0
DB00590,DB01166,1
DB04856,DB00377,0
DB01764,DB12612,0
DB00367,DB04957,1
DB00188,DB01039,1
DB04835,DB04896,1
DB00951,DB04911,0
DB00316,DB00736,0
DB00425,DB09291,1
DB01054,DB04832,1
DB05294,DB00409,0
DB00273,DB01177,0
DB00792,DB01242,1
DB01054,DB01601,1
DB00615,DB01167,1
DB00717,DB09237,1
DB01195,DB01410,1
DB00697,DB01254,1
DB00675,DB01195,1
DB00347,DB00629,0
DB00187,DB01087,1
DB01274,DB06739,1
DB01134,DB00724,0
DB01181,DB09167,1
DB08931,DB01252,0
DB00377,DB00496,1
DB12543,DB01380,0
DB00477,DB00532,1
DB00304,DB01628,1
DB12218,DB05109,0
DB09049,DB04725,0
DB00173,DB11986,0
DB04854,DB01236,0
DB01200,DB00773,0
DB00475,DB12235,0
DB12147,DB01054,0
DB00706,DB00843,1
DB01254,DB01396,1
DB00784,DB12020,0
DB00205,DB00482,1
DB09225,DB11712,0
DB00445,DB08881,0
DB06739,DB09183,1
DB02703,DB13179,1
DB01072,DB06712,1
DB00674,DB04725,0
DB00169,DB00337,0
DB00734,DB00864,1
DB00422,DB01076,0
DB04665,DB00792,0
DB00402,DB02489,0
DB01227,DB08827,1
DB00976,DB01233,1
DB00338,DB00966,1
DB09065,DB12001,1
DB00617,DB06636,1
DB01069,DB11979,1
DB00163,DB04552,0
DB00570,DB00184,0
DB01041,DB01132,0
DB12184,DB01132,0
DB00476,DB08922,1
DB01036,DB01069,1
DB01104,DB06603,1
DB00327,DB11828,0
DB00220,DB04908,1
DB00531,DB06267,1
DB00489,DB00863,1
DB06817,DB04938,0
DB00857,DB01274,1
DB01264,DB00787,0
DB12301,DB11823,0
DB00402,DB00568,0
DB06738,DB00367,0
DB04911,DB00947,0
DB01211,DB13874,1
DB00495,DB01195,1
DB06212,DB13179,1
DB11581,DB00737,0
DB00553,DB09013,0
DB08815,DB09013,0
DB01198,DB06739,1
DB00324,DB11828,0
DB01367,DB09296,0
DB00696,DB01221,1
DB06725,DB00714,0
DB00316,DB00983,1
DB11837,DB12978,1
DB00169,DB01392,1
DB00993,DB09167,1
DB00677,DB00169,0
DB00951,DB01623,1
DB01029,DB01176,1
DB00705,DB12093,1
DB00495,DB06605,1
DB00361,DB00283,0
DB00277,DB01621,1
DB06267,DB11986,0
DB01367,DB11791,1
DB06287,DB09079,1
DB13158,DB00945,0
DB00960,DB01035,1
DB01072,DB04884,1
DB01221,DB12466,1
DB06419,DB00704,0
DB01667,DB04946,0
DB08893,DB04794,0
DB00850,DB04845,0
DB01394,DB09063,1
DB08827,DB01536,0
DB00749,DB11886,0
DB01406,DB01236,0
DB01087,DB11614,1
DB01192,DB11817,0
DB12161,DB01064,0
DB00482,DB00956,1
DB00330,DB00758,1
DB00758,DB06419,1
DB00788,DB09034,0
DB00608,DB04856,1
DB00263,DB00554,1
DB09227,DB00532,0
DB00601,DB00685,0
DB00642,DB00817,1
DB08875,DB04070,0
DB01685,DB11614,1
DB00570,DB00338,0
DB00590,DB06218,1
DB06626,DB11952,1
DB00277,DB00721,0
DB11560,DB06401,0
DB00694,DB13158,0
DB06282,DB01098,0
DB11712,DB00180,0
DB00627,DB06789,0
DB00802,DB01095,1
DB08875,DB00792,0
DB01130,DB01214,0
DB01591,DB09195,1
DB00932,DB08827,1
DB00448,DB09227,1
DB00216,DB00621,1
DB00952,DB01190,0
DB01032,DB00589,0
DB01254,DB11967,1
DB01369,DB00799,0
DB01067,DB08846,0
DB12332,DB00968,0
DB00382,DB00309,0
DB00283,DB09102,0
DB11619,DB00717,0
DB00712,DB11979,1
DB00346,DB01621,0
DB00669,DB00788,0
DB00669,DB00539,0
DB04884,DB12887,1
DB01233,DB00118,0
DB12161,DB09296,0
DB00227,DB12001,1
DB00819,DB00482,0
DB01002,DB01079,1
DB00675,DB05246,1
DB00897,DB01132,0
DB00621,DB11986,0
DB00904,DB01412,1
DB09063,DB01103,0
DB06282,DB09101,1
DB03496,DB00734,0
DB01097,DB08816,1
DB00495,DB00668,1
DB00559,DB11730,1
DB00543,DB00240,0
DB00787,DB11837,1
DB00988,DB08922,0
DB00487,DB04076,1
DB00532,DB00699,1
DB00307,DB01214,0
DB00983,DB12245,1
DB04977,DB09274,0
DB06701,DB00288,0
DB00433,DB08901,1
DB01544,DB00953,0
DB01274,DB06595,0
DB00328,DB11979,1
DB01217,DB09183,1
DB01193,DB05271,1
DB09244,DB00675,0
DB12548,DB09030,0
DB01558,DB04825,0
DB00969,DB12161,0
DB05814,DB09030,1
DB00663,DB00705,1
DB00866,DB06817,0
DB09054,DB00471,0
DB00773,DB06693,0
DB00118,DB01384,0
DB00672,DB13174,1
DB00549,DB00316,0
DB06701,DB06726,0
DB01018,DB01380,0
DB09290,DB11614,0
DB06741,DB06725,0
DB01097,DB04920,1
DB00706,DB00228,0
DB08873,DB00201,0
DB06756,DB12612,0
DB00993,DB11689,1
DB01142,DB01303,1
DB00947,DB00678,0
DB04856,DB11581,1
DB00699,DB01069,1
DB04920,DB04938,1
DB01238,DB11979,1
DB09063,DB00228,0
DB00924,DB12713,0
DB12267,DB00338,0
DB00490,DB12693,1
DB00589,DB11560,0
DB01195,DB01233,1
DB11697,DB09095,0
DB08896,DB00891,0
DB01039,DB00346,0
DB06144,DB00353,0
DB00527,DB09555,0
DB02489,DB06626,1
DB00549,DB00706,0
DB01062,DB00615,0
DB00952,DB00806,0
DB01195,DB06636,1
DB01075,DB09065,1
DB00277,DB00998,1
DB06148,DB08873,1
DB08873,DB09291,1
DB01392,DB01410,1
DB00193,DB01217,0
DB00907,DB00268,0
DB01039,DB09213,1
DB13879,DB00297,0
DB01418,DB06148,1
DB00813,DB11921,0
DB00349,DB00627,0
DB08439,DB00724,0
DB00250,DB00783,1
DB00924,DB09101,1
DB00736,DB00327,0
DB01233,DB08502,0
DB04835,DB01275,0
DB00531,DB11915,1
DB00264,DB00439,1
DB00705,DB09143,1
DB00909,DB12130,1
DB08881,DB00191,0
DB00277,DB00487,1
DB00533,DB11697,1
DB00316,DB00656,1
DB06700,DB12301,1
DB01035,DB11963,1
DB00343,DB00367,1
DB04557,DB00530,0
DB05271,DB09297,0
DB00629,DB00863,1
DB00622,DB01103,1
DB00496,DB01014,0
DB00199,DB12693,0
DB08864,DB02134,0
DB11697,DB00394,0
DB01359,DB06605,0
DB01054,DB11828,0
DB00494,DB01576,1
DB00802,DB04957,1
DB01166,DB06789,1
DB01412,DB12329,0
DB00266,DB11837,0
DB00401,DB00564,1
DB00188,DB09101,1
DB00724,DB01028,0
DB00434,DB01609,1
DB01103,DB00533,0
DB01193,DB00993,0
DB00978,DB08995,0
DB09167,DB11613,1
DB04552,DB08896,1
DB09143,DB00740,0
DB01058,DB01173,1
DB13003,DB01253,0
DB00195,DB02703,1
DB09071,DB11751,0
DB01114,DB01191,1
DB09216,DB08811,0
DB09327,DB12141,0
DB00678,DB00288,0
DB00668,DB06605,1
DB00392,DB00240,0
DB01192,DB00471,0
DB03701,DB04216,0
DB01050,DB01393,1
DB01098,DB01173,1
DB04557,DB00184,0
DB01072,DB01074,1
DB00568,DB00601,0
DB00757,DB01074,1
DB11682,DB00187,0
DB04829,DB05990,0
DB05154,DB04835,0
DB01095,DB00787,0
DB00494,DB00503,1
DB00675,DB00810,1
DB01544,DB06218,1
DB01079,DB00588,0
DB00783,DB01588,0
DB01396,DB00495,0
DB01026,DB08907,1
DB00934,DB01191,1
DB00204,DB03756,0
DB00508,DB04957,0
DB01047,DB00669,0
DB08798,DB00661,0
DB00484,DB00392,0
DB01037,DB01410,1
DB01319,DB06741,0
DB00850,DB11672,1
DB00861,DB00448,0
DB00333,DB01072,1
DB00437,DB05708,0
DB02703,DB12483,1
DB00734,DB11689,1
DB06693,DB01580,0
DB00264,DB08807,1
DB00374,DB00495,1
DB11751,DB00455,0
DB06702,DB06729,1
DB04889,DB09290,1
DB06730,DB09166,1
DB01238,DB08901,1
DB00532,DB01275,0
DB00201,DB00977,1
DB01072,DB11679,1
DB12141,DB00304,0
DB00678,DB01032,1
DB08502,DB12278,0
DB00717,DB01395,1
DB00316,DB00495,1
DB00731,DB09555,1
DB01009,DB09280,0
DB00972,DB11614,1
DB01222,DB13174,0
DB00564,DB00877,1
DB03701,DB00571,0
DB09063,DB01094,0
DB00261,DB00575,1
DB00220,DB12010,1
DB01041,DB09296,0
DB00250,DB04856,1
DB01103,DB06077,0
DB00320,DB01764,1
DB00208,DB09039,1
DB00377,DB00834,1
DB00668,DB09227,0
DB01076,DB01412,0
DB00377,DB09229,0
DB01130,DB01656,0
DB04825,DB00740,0
DB12161,DB00381,0
DB01100,DB09555,1
DB01252,DB11718,0
DB01392,DB00687,0
DB00582,DB01248,1
DB09173,DB00367,0
DB08502,DB00176,0
DB11679,DB00243,0
DB01405,DB01409,0
DB00215,DB08867,0
DB12319,DB00956,0
DB01136,DB11837,1
DB00570,DB09204,1
DB00598,DB00966,1
DB01079,DB01142,1
DB00304,DB06636,1
DB00914,DB06148,1
DB00896,DB12612,0
DB01236,DB05109,1
DB00843,DB01191,1
DB00590,DB01074,1
DB04977,DB00687,0
DB00323,DB09049,0
DB00734,DB06595,1
DB00788,DB00836,1
DB00724,DB06817,0
DB00215,DB12483,1
DB00656,DB09291,1
DB00983,DB01008,0
DB11837,DB00759,0
DB00253,DB00608,0
DB00949,DB09213,1
DB09143,DB00866,0
DB00264,DB01392,1
DB00531,DB00862,1
DB00323,DB00621,0
DB01263,DB04825,1
DB00330,DB04841,1
DB04835,DB00683,0
DB00472,DB04845,1
DB01193,DB06228,0
DB01873,DB00951,0
DB00678,DB01183,0
DB00384,DB12597,0
DB00699,DB01096,1
DB01536,DB00330,0
DB01210,DB00752,0
DB00946,DB08827,1
DB04938,DB06693,0
DB00776,DB04630,0
DB01248,DB09049,0
DB00906,DB06636,1
DB00872,DB01410,1
DB00317,DB09090,0
DB00437,DB00425,0
DB06412,DB01036,0
DB08901,DB09296,1
DB00486,DB01248,0
DB00806,DB06148,1
DB01039,DB09555,0
DB06678,DB12332,1
DB00347,DB00976,1
DB01058,DB12161,1
DB08502,DB04574,0
DB09039,DB11753,1
DB09296,DB03783,0
DB13158,DB00810,0
DB00851,DB00802,0
DB00983,DB05541,1
DB01009,DB01012,0
DB09223,DB01103,0
DB01072,DB06335,1
DB01409,DB04794,0
DB11963,DB02134,0
DB01227,DB13783,0
DB00240,DB01152,0
DB01087,DB01114,1
DB04216,DB12245,1
DB00195,DB00261,1
DB01224,DB09185,1
DB12141,DB12267,1
DB00508,DB00338,0
DB00338,DB08903,0
DB12543,DB02134,0
DB00209,DB01037,1
DB00382,DB05294,0
DB00201,DB12245,1
DB00180,DB01074,0
DB01062,DB08922,1
DB01708,DB00806,0
DB00960,DB01645,0
DB04855,DB09128,1
DB00205,DB06605,1
DB01472,DB04889,1
DB00486,DB11718,1
DB01214,DB00589,0
DB12471,DB01041,0
DB01142,DB09291,1
DB00440,DB00539,0
DB01297,DB00947,0
DB04920,DB00817,0
DB12319,DB01155,0
DB01039,DB01685,1
DB00841,DB09290,0
DB00204,DB00932,1
DB01167,DB09090,1
DB01283,DB08873,0
DB01392,DB13879,0
DB01087,DB09071,1
DB01200,DB11712,0
DB01536,DB00304,0
DB00740,DB01059,1
DB09166,DB12278,0
DB07615,DB00518,0
DB00327,DB00396,1
DB00202,DB06595,0
DB04070,DB04844,0
DB03756,DB12457,0
DB01045,DB09245,0
DB09232,DB01588,0
DB08912,DB01577,0
DB06817,DB06148,0
DB02134,DB00757,0
DB09224,DB00946,0
DB01173,DB02703,1
DB01096,DB02703,1
DB00972,DB04845,0
DB00951,DB01174,1
DB04070,DB09071,1
DB00872,DB11581,1
DB09049,DB01044,0
DB09101,DB00601,0
DB00384,DB12693,0
DB08922,DB00266,0
DB00322,DB01645,0
DB00580,DB01355,1
DB06237,DB06636,1
DB00717,DB00845,1
DB08502,DB08922,1
DB00252,DB01275,0
DB00663,DB01263,1
DB01072,DB01873,1
DB00932,DB11952,1
DB01177,DB00759,0
DB00559,DB01394,0
DB00904,DB08864,1
DB00255,DB01086,1
DB00966,DB04898,0
DB00741,DB00959,0
DB00734,DB00792,1
DB00860,DB01192,0
DB00253,DB00574,0
DB00757,DB04840,1
DB04920,DB01253,0
DB00947,DB00352,0
DB09065,DB11942,1
DB11796,DB00945,0
DB00213,DB01685,1
DB01263,DB01544,1
DB04835,DB00557,0
DB06603,DB00906,0
DB00309,DB09073,1
DB06678,DB02789,0
DB00699,DB04855,1
DB01086,DB01357,0
DB00208,DB11718,1
DB00316,DB01059,1
DB00185,DB01576,1
DB00783,DB01059,1
DB00805,DB00104,0
DB00661,DB01384,1
DB06419,DB01274,0
DB02709,DB04855,0
DB00861,DB06817,0
DB00173,DB00908,0
DB06626,DB11672,1
DB06730,DB01134,0
DB00482,DB11586,1
DB01248,DB04975,0
DB00973,DB00704,0
DB11697,DB00749,0
DB01062,DB01263,1
DB00216,DB11979,1
DB00969,DB06152,0
DB04828,DB06712,1
DB01211,DB01392,1
DB09030,DB00623,0
DB01369,DB13874,1
DB09291,DB01384,0
DB00910,DB09236,0
DB00220,DB04838,1
DB00268,DB08901,0
DB01167,DB09030,1
DB00188,DB09063,1
DB00394,DB01232,1
DB12582,DB00982,0
DB00317,DB00699,1
DB06419,DB11560,0
DB00370,DB09063,1
DB01536,DB06207,0
DB01165,DB00395,0
DB00377,DB11652,1
DB04855,DB00553,0
DB00333,DB00674,1
DB11737,DB03756,0
DB00741,DB11942,0
DB08867,DB00773,0
DB06414,DB08816,1
DB00951,DB02187,1
DB00590,DB00839,1
DB01065,DB11691,0
DB05294,DB00315,0
DB01418,DB04835,0
DB00574,DB00582,1
DB00705,DB00437,0
DB00543,DB01075,1
DB01087,DB01403,1
DB04894,DB08798,0
DB09173,DB00443,0
DB01559,DB09167,1
DB01054,DB11757,1
DB00477,DB09167,1
DB06268,DB12887,1
DB12130,DB00850,0
DB00590,DB01418,1
DB00779,DB00228,0
DB01656,DB12147,1
DB00897,DB00365,0
DB11978,DB04841,0
DB00972,DB11979,1
DB06691,DB00324,0
DB01252,DB00586,0
DB11652,DB12329,1
DB00338,DB00297,0
DB00762,DB08807,0
DB00845,DB01198,1
DB00199,DB09185,1
DB03756,DB11718,1
DB05885,DB09101,1
DB09239,DB08502,0
DB06282,DB13179,1
DB00697,DB01012,1
DB00580,DB01069,1
DB00518,DB12147,1
DB00730,DB00194,0
DB00467,DB09223,0
DB00799,DB09185,0
DB00696,DB00818,1
DB05812,DB02187,0
DB00850,DB01132,0
DB01026,DB04840,1
DB00677,DB00213,0
DB01012,DB04832,1
DB00307,DB00866,0
DB00591,DB01118,1
DB00530,DB05708,1
DB01029,DB06691,0
DB00169,DB04552,0
DB11978,DB02709,0
DB00402,DB06218,0
DB01253,DB11979,0
DB01072,DB05814,1
DB00365,DB00993,1
DB08864,DB00240,0
DB01114,DB09183,1
DB00361,DB09227,1
DB01193,DB09061,1
DB00191,DB11652,1
DB08895,DB04835,0
DB06401,DB09183,1
DB00776,DB01129,1
DB04894,DB13874,1
DB01406,DB01591,1
DB06730,DB04574,0
DB00412,DB09241,1
DB04839,DB12483,1
DB00706,DB01114,1
DB00911,DB01118,1
DB00264,DB00699,1
DB00818,DB12319,1
DB06678,DB06789,0
DB01012,DB04725,0
DB00173,DB06210,1
DB00471,DB09296,1
DB01591,DB03783,1
DB00910,DB01583,0
DB00586,DB00951,1
DB03496,DB00395,0
DB00675,DB01211,1
DB01103,DB00591,0
DB01103,DB06512,0
DB00834,DB01028,1
DB00266,DB01577,0
DB00188,DB09173,1
DB01242,DB09555,1
DB09030,DB11730,1
DB04911,DB04938,1
DB09102,DB06729,0
DB00708,DB01129,0
DB00843,DB12245,1
DB06678,DB01223,0
DB00792,DB01228,1
DB01131,DB08864,1
DB01190,DB00997,0
DB08807,DB00977,0
DB00118,DB11718,0
DB04630,DB01068,0
DB00440,DB00799,1
DB06781,DB00250,0
DB00391,DB09053,0
DB06729,DB01194,0
DB00205,DB00864,0
DB00951,DB09227,1
DB00603,DB00726,1
DB00752,DB00843,1
DB11823,DB00384,0
DB01132,DB04216,1
DB00334,DB06605,1
DB00322,DB00582,1
DB00636,DB11672,1
DB00554,DB12245,1
DB00484,DB09241,1
DB01012,DB01412,1
DB04828,DB06636,1
DB01134,DB08882,1
DB01708,DB01050,0
DB00402,DB04070,1
DB00193,DB01384,1
DB00351,DB01026,1
DB01228,DB00741,0
DB05239,DB04652,0
DB00323,DB09039,0
DB00244,DB00663,0
DB00283,DB09053,1
DB04725,DB09198,1
DB11921,DB00737,0
DB00437,DB01095,0
DB00215,DB01095,1
DB00501,DB01028,1
DB05271,DB13874,1
DB00784,DB06738,1
DB01536,DB00608,0
DB01036,DB04845,0
DB05154,DB06774,1
DB00352,DB00934,0
DB01126,DB09101,0
DB03701,DB09095,0
DB01118,DB06228,1
DB00978,DB00240,0
DB01126,DB00213,0
DB00266,DB00471,1
DB11837,DB08933,0
DB00330,DB00564,1
DB00759,DB00726,0
DB00717,DB09185,1
DB00705,DB00910,1
DB00501,DB04884,1
DB00724,DB06695,0
DB06419,DB00374,0
DB01062,DB06203,1
DB00907,DB04856,0
DB06267,DB00377,0
DB06789,DB09128,0
DB00590,DB00949,1
DB00320,DB13179,1
DB01039,DB04557,1
DB00501,DB08807,1
DB00571,DB00927,1
DB12483,DB00628,0
DB00851,DB12026,1
DB00912,DB08875,1
DB00202,DB00518,0
DB09099,DB00998,0
DB00309,DB00969,0
DB01577,DB01380,0
DB06237,DB06594,1
DB01319,DB01406,1
DB12543,DB09039,0
DB01095,DB00337,0
DB00549,DB12597,1
DB00494,DB12245,1
DB00499,DB03783,1
DB04908,DB00530,0
DB05885,DB06756,0
DB00945,DB12978,0
DB01131,DB11823,1
DB01168,DB01014,0
DB00334,DB09048,1
DB00468,DB00471,1
DB06267,DB01708,0
DB00796,DB11823,1
DB00374,DB12026,1
DB04889,DB04842,0
DB00802,DB01268,1
DB01035,DB01065,0
DB01191,DB01195,1
DB00395,DB01656,0
DB00705,DB06403,1
DB06237,DB11560,1
DB01171,DB09128,1
DB00734,DB01232,1
DB00370,DB11581,1
DB01176,DB06335,0
DB01275,DB00927,0
DB04861,DB09167,1
DB01009,DB00238,0
DB00252,DB04977,1
DB00947,DB01544,1
DB00897,DB06636,1
DB01171,DB11979,1
DB00983,DB01035,1
DB01195,DB11979,1
DB06403,DB00997,0
DB00705,DB00738,1
DB06237,DB06693,0
DB04957,DB08896,0
DB00857,DB01050,1
DB00675,DB00475,0
DB04884,DB13003,0
DB00757,DB01590,1
DB00214,DB12466,1
DB00335,DB04070,0
DB00924,DB05990,1
DB08502,DB00288,0
DB08860,DB00685,0
DB00277,DB00593,1
DB00266,DB00273,0
DB06789,DB01559,0
DB00966,DB01303,0
DB00608,DB00877,1
DB04898,DB01026,0
DB00744,DB01037,1
DB06789,DB09291,0
DB00330,DB01074,1
DB01685,DB12235,1
DB08804,DB09245,0
DB00582,DB06148,1
DB00697,DB03756,0
DB00381,DB00788,1
DB00213,DB00347,1
DB00784,DB00993,1
DB00904,DB01126,1
DB00518,DB01026,1
DB01018,DB01012,0
DB00973,DB09327,0
DB01238,DB01583,0
DB00661,DB01059,1
DB01200,DB11652,1
DB00304,DB01232,1
DB01096,DB01166,1
DB00533,DB00629,1
DB00908,DB08865,1
DB00250,DB00263,1
DB06626,DB09079,1
DB01096,DB01008,0
DB00266,DB00448,1
DB00912,DB00234,0
DB00422,DB06401,0
DB00205,DB12513,0
DB01214,DB00845,0
DB00593,DB12005,0
DB00377,DB04855,1
DB00188,DB01359,1
DB00836,DB00180,0
DB09274,DB07615,0
DB04835,DB00945,0
DB00851,DB03783,1
DB00758,DB09198,1
DB01074,DB00563,0
DB00250,DB00818,1
DB01035,DB03515,0
DB11886,DB04975,0
DB00503,DB00679,1
DB01183,DB09327,0
DB00726,DB00163,0
DB00528,DB00448,0
DB06412,DB08846,0
DB09288,DB12026,1
DB01044,DB05812,0
DB01072,DB01192,1
DB01193,DB09280,0
DB06693,DB01132,0
DB01191,DB00495,0
DB06603,DB01007,0
DB00843,DB09065,1
DB01064,DB04838,0
DB01075,DB08864,1
DB11679,DB06212,0
DB01047,DB00708,0
DB00213,DB00233,0
DB12582,DB09216,0
DB01012,DB00603,0
DB00817,DB12026,1
DB12513,DB06512,0
DB00193,DB11581,1
DB01026,DB01297,1
DB08877,DB11952,1
DB00891,DB09167,0
DB00467,DB05541,0
DB00304,DB00845,0
DB01176,DB08907,0
DB00312,DB04216,1
DB00836,DB01191,0
DB00908,DB09128,1
DB00819,DB08798,0
DB00636,DB04832,1
DB00455,DB00465,1
DB00568,DB01117,1
DB00244,DB00745,0
DB00255,DB00726,1
DB01201,DB00952,0
DB01395,DB09235,1
DB04839,DB11672,1
DB00788,DB12466,1
DB00675,DB01667,1
DB00897,DB05219,0
DB01079,DB00324,0
DB01211,DB11963,1
DB06595,DB00740,0
DB11828,DB00751,0
DB00570,DB00674,1
DB00731,DB00872,1
DB00402,DB00496,0
DB00799,DB08896,0
DB00617,DB09227,1
DB00697,DB00621,0
DB02187,DB01152,0
DB11886,DB11574,0
DB08895,DB12278,0
DB12001,DB12371,1
DB09034,DB11697,1
DB12887,DB06725,0
DB01656,DB09290,1
DB00180,DB09225,0
DB00849,DB00799,0
DB00969,DB00978,1
DB09049,DB01171,0
DB06626,DB06730,1
DB13879,DB05814,0
DB00361,DB00983,1
DB00412,DB06605,1
DB00820,DB11689,1
DB06700,DB11737,1
DB01227,DB08865,1
DB05219,DB00947,0
DB04652,DB06152,0
DB00379,DB09053,1
DB01018,DB11952,0
DB00956,DB12218,0
DB04356,DB11697,1
DB01396,DB03496,0
DB04889,DB08901,1
DB08867,DB00546,0
DB07615,DB13179,1
DB01380,DB13878,0
DB01232,DB01580,1
DB00169,DB06702,1
DB00184,DB01039,1
DB00338,DB01259,1
DB00749,DB04911,1
DB00696,DB01198,1
DB00208,DB08910,1
DB04889,DB06702,1
DB00745,DB02703,1
DB01576,DB13874,1
DB00482,DB06512,1
DB00531,DB00209,0
DB00598,DB01086,1
DB00448,DB00977,1
DB00363,DB11652,1
DB12020,DB04908,0
DB01095,DB13878,1
DB01007,DB01472,0
DB01211,DB08815,1
DB00872,DB12141,1
DB00255,DB01232,1
DB00297,DB12693,1
DB01268,DB05990,0
DB00201,DB13783,0
DB01072,DB04572,1
DB05239,DB00850,0
DB01396,DB06335,0
DB09065,DB01059,0
DB00465,DB00910,0
DB01685,DB04861,1
DB09065,DB00240,0
DB00343,DB13158,0
DB01685,DB11613,1
DB12267,DB09143,0
DB00972,DB09101,1
DB00530,DB01295,1
DB00661,DB00820,1
DB09229,DB09330,0
DB00214,DB00590,1
DB04946,DB03515,0
DB00704,DB00487,0
DB04977,DB00335,0
DB00396,DB01388,1
DB00414,DB06739,1
DB04825,DB01194,0
DB09195,DB09238,1
DB00589,DB08901,1
DB00228,DB01252,0
DB06774,DB01406,0
DB01406,DB09063,1
DB01232,DB00288,0
DB00737,DB01628,1
DB00799,DB08901,1
DB04838,DB06626,0
DB01067,DB01138,1
DB09291,DB11619,0
DB00708,DB00946,0
DB01079,DB11963,1
DB01211,DB06701,0
DB01037,DB01232,1
DB00678,DB01072,1
DB02789,DB05812,0
DB00216,DB01228,1
DB00908,DB01117,0
DB00927,DB06218,0
DB01217,DB08901,1
DB09065,DB12245,1
DB04856,DB11689,1
DB12466,DB01412,0
DB00972,DB00736,0
DB12141,DB00936,0
DB02134,DB00263,0
DB00414,DB00778,0
DB00751,DB00324,0
DB00412,DB05109,1
DB09225,DB00621,0
DB11791,DB00378,0
DB00724,DB00294,0
DB00571,DB12693,1
DB00758,DB01583,0
DB01068,DB06403,0
DB04845,DB09227,1
DB01264,DB09048,1
DB01069,DB00773,0
DB06419,DB00601,0
DB01254,DB01194,0
DB00338,DB12147,0
DB00603,DB01177,1
DB00546,DB12141,0
DB01193,DB11886,0
DB11652,DB00936,0
DB00253,DB00908,0
DB03515,DB11652,1
DB00476,DB09238,1
DB00598,DB09167,1
DB12597,DB00668,0
DB01263,DB01624,1
DB00655,DB12301,0
DB00543,DB08922,1
DB04861,DB00603,0
DB06412,DB09039,1
DB00201,DB00888,0
DB01059,DB06210,1
DB01132,DB00333,0
DB00700,DB01103,1
DB01667,DB06203,0
DB13174,DB01588,0
DB00224,DB11574,1
DB00907,DB06077,0
DB06712,DB01130,0
DB09101,DB09232,1
DB00568,DB00603,1
DB05708,DB06237,0
DB01037,DB08807,1
DB00753,DB08875,0
DB00762,DB01058,1
DB11967,DB00753,0
DB00533,DB00799,1
DB00391,DB11575,0
DB01104,DB01590,1
DB12483,DB06077,0
DB11614,DB12693,1
DB04854,DB00907,0
DB01174,DB09241,1
DB01131,DB09327,0
DB01367,DB00352,0
DB09216,DB01134,0
DB11682,DB01248,0
DB06700,DB12245,1
DB01152,DB00244,0
DB00753,DB11837,1
DB00496,DB08882,1
DB04557,DB01193,0
DB05812,DB06739,1
DB09124,DB00861,0
DB01134,DB01232,1
DB06700,DB12001,1
DB00758,DB00959,0
DB09223,DB00792,0
DB06729,DB11614,1
DB00932,DB11817,1
DB00177,DB01418,1
DB01405,DB04574,1
DB00839,DB09048,1
DB00448,DB00936,1
DB00333,DB11886,1
DB00176,DB06212,1
DB00668,DB06738,1
DB00324,DB00629,0
DB00983,DB04216,1
DB06228,DB04630,0
DB00277,DB01224,1
DB01611,DB05271,1
DB06268,DB00539,0
DB00745,DB01588,0
DB01609,DB00813,0
DB00532,DB07615,1
DB00704,DB12319,0
DB00356,DB00762,0
DB00773,DB01095,1
DB11828,DB00978,0
DB05814,DB00283,0
DB09185,DB11855,1
DB00738,DB04356,0
DB00378,DB01656,0
DB01409,DB08865,1
DB09071,DB13879,1
DB00642,DB00969,1
DB01198,DB01369,1
DB00356,DB09173,1
DB00612,DB09048,1
DB13003,DB01591,0
DB00973,DB00434,0
DB00857,DB04557,1
DB06725,DB12332,1
DB01223,DB12543,0
DB00469,DB12026,0
DB00338,DB00704,0
DB01114,DB01264,1
DB01223,DB00434,0
DB00347,DB00374,1
DB00205,DB01357,1
DB00656,DB12483,1
DB00773,DB04832,1
DB00176,DB01405,1
DB00443,DB11751,0
DB00471,DB09061,1
DB00270,DB01012,1
DB00365,DB11791,1
DB00661,DB01227,1
DB00642,DB06267,0
DB06605,DB00906,0
DB00704,DB00736,0
DB00736,DB11823,1
DB00752,DB05154,0
DB00532,DB00401,0
DB00687,DB11581,1
DB00379,DB00663,0
DB00382,DB11672,1
DB00476,DB00608,1
DB00327,DB00388,0
DB11652,DB11691,0
DB06335,DB11712,1
DB08865,DB11693,1
DB09225,DB12329,0
DB01588,DB01583,0
DB00378,DB06595,1
DB09073,DB06282,0
DB00487,DB00377,0
DB12267,DB09216,0
DB09065,DB11693,1
DB00776,DB00796,0
DB12329,DB11586,0
DB00356,DB09238,1
DB00240,DB09213,0
DB01168,DB04652,0
DB00850,DB01118,1
DB08807,DB00402,0
DB00796,DB06218,1
DB01068,DB00309,0
DB01259,DB05109,1
DB01072,DB06595,1
DB06292,DB02489,0
DB01191,DB04938,1
DB00471,DB11682,1
DB09039,DB09198,0
DB00530,DB06693,1
DB04725,DB11995,1
DB00932,DB01223,1
DB00796,DB12020,0
DB04574,DB06594,1
DB01029,DB04856,1
DB01167,DB11619,1
DB04845,DB00379,0
DB01583,DB01558,0
DB11915,DB00685,0
DB00317,DB08816,1
DB00862,DB01050,1
DB01355,DB01007,0
DB00914,DB11693,0
DB00328,DB01369,0
DB01026,DB12141,1
DB01264,DB12161,1
DB01621,DB04889,1
DB00590,DB00186,0
DB01131,DB12371,1
DB13003,DB00374,0
DB13179,DB01472,0
DB00778,DB06702,0
DB01764,DB01211,0
DB00191,DB08875,0
DB00169,DB09073,0
DB01086,DB04855,1
DB01587,DB01601,1
DB02134,DB12026,1
DB08811,DB00711,0
DB00612,DB00969,0
DB00617,DB09054,0
DB00549,DB00969,1
DB04946,DB01645,0
DB00496,DB13879,0
DB09241,DB13179,0
DB00927,DB00704,0
DB12371,DB03515,0
DB06148,DB08865,1
DB06210,DB00591,0
DB01166,DB09065,1
DB01259,DB11586,1
DB00288,DB00559,0
DB01217,DB00263,0
DB00891,DB13174,0
DB00714,DB11679,1
DB08865,DB06817,0
DB00471,DB00745,1
DB04844,DB12332,1
DB11757,DB01129,0
DB09128,DB06412,0
DB01036,DB08901,1
DB00248,DB09039,1
DB00820,DB01190,1
DB00527,DB01098,0
DB00933,DB00309,0
DB00425,DB01645,1
DB01411,DB06781,0
DB00932,DB06678,1
DB01214,DB12218,0
DB05039,DB09327,0
DB00862,DB08882,1
DB01558,DB01536,0
DB00482,DB01192,1
DB06626,DB09237,1
DB00661,DB11737,1
DB00347,DB12267,1
DB00163,DB00532,0
DB01114,DB12319,0
DB00679,DB00982,0
DB00762,DB06626,1
DB06282,DB08816,0
DB06817,DB00911,0
DB00334,DB00712,1
DB01558,DB09039,0
DB00346,DB08877,0
DB05239,DB00810,0
DB09274,DB01131,0
DB00501,DB11560,1
DB12020,DB00949,0
DB00907,DB04898,0
DB09204,DB00240,0
DB00661,DB00757,1
DB00330,DB00843,1
DB06287,DB09389,0
DB01595,DB06712,1
DB01595,DB04861,0
DB00433,DB00730,0
DB09017,DB06414,0
DB01026,DB01236,1
DB01100,DB06803,1
DB12483,DB06738,0
DB08868,DB00253,0
DB00477,DB06595,1
DB00382,DB02489,1
DB08880,DB06725,0
DB00726,DB08877,1
DB01059,DB06148,1
DB01388,DB09195,1
DB06678,DB06741,0
DB00180,DB06152,0
DB00253,DB03515,0
DB00277,DB06210,1
DB05990,DB04957,0
DB00240,DB00448,0
DB13174,DB01275,0
DB00704,DB02489,0
DB00737,DB02703,1
DB00700,DB00834,1
DB01223,DB11652,1
DB00951,DB11796,1
DB00228,DB00621,0
DB00176,DB01623,1
DB00617,DB08903,0
DB00288,DB00615,0
DB00188,DB06605,1
DB01059,DB01100,1
DB01403,DB08896,0
DB04957,DB06228,1
DB00557,DB01264,1
DB12612,DB09216,0
DB09290,DB01103,0
DB11901,DB01576,0
DB00714,DB06729,1
DB08912,DB11652,1
DB01873,DB09297,0
DB01384,DB00553,0
DB09079,DB12693,0
DB01036,DB03783,1
DB01009,DB01086,0
DB00518,DB08808,0
DB01764,DB08846,0
DB00909,DB06414,1
DB12548,DB01645,0
DB00499,DB06292,0
DB00717,DB08901,1
DB00872,DB11791,1
DB01177,DB12332,1
DB00261,DB01058,1
DB12457,DB01587,0
DB09299,DB00194,0
DB00827,DB00863,1
DB00806,DB01074,0
DB00433,DB12235,0
DB00270,DB06403,1
DB00752,DB02489,0
DB00220,DB00307,1
DB00199,DB00914,0
DB00307,DB00704,0
DB09291,DB01054,0
DB08868,DB09241,0
DB00784,DB06636,1
DB00193,DB00363,1
DB00575,DB01059,1
DB01173,DB09330,1
DB00379,DB09273,1
DB00327,DB00495,1
DB00642,DB00353,0
DB00277,DB12466,1
DB01136,DB09061,1
DB00706,DB01191,1
DB05708,DB09071,1
DB00227,DB01174,1
DB01177,DB09241,1
DB13783,DB00724,0
DB01190,DB06695,0
DB00180,DB01297,0
DB01069,DB09183,1
DB12693,DB11995,0
DB02703,DB12147,1
DB00969,DB07615,1
DB13158,DB00700,0
DB00908,DB01026,1
DB01136,DB11757,1
DB00599,DB00642,0
DB01138,DB12301,0
DB00934,DB12713,0
DB01624,DB08995,1
DB05239,DB09330,1
DB11682,DB00322,0
DB06512,DB06702,1
DB01228,DB01764,0
DB12130,DB04898,0
DB00374,DB01252,0
DB00568,DB00998,1
DB01074,DB01232,1
DB00907,DB00897,0
DB01227,DB01007,0
DB01165,DB01104,0
DB12471,DB06781,0
DB00783,DB09213,1
DB04574,DB08860,1
DB00846,DB12332,0
DB01588,DB11796,0
DB01623,DB12612,0
DB00717,DB00382,0
DB00315,DB01412,1
DB00266,DB09555,0
DB00374,DB05812,1
DB00289,DB00737,1
DB00195,DB00827,1
DB01068,DB06268,0
DB00603,DB00679,0
DB04838,DB12161,0
DB04070,DB00779,0
DB01275,DB11586,0
DB00862,DB01388,1
DB00379,DB09389,0
DB01041,DB08439,1
DB00554,DB11652,1
DB00623,DB00699,1
DB06626,DB04838,0
DB01297,DB04911,1
DB00186,DB01074,0
DB01103,DB00998,0
DB00381,DB01628,1
DB01054,DB01072,1
DB00367,DB00543,0
DB00674,DB01114,1
DB00759,DB01667,0
DB09143,DB00642,0
DB04572,DB01405,0
DB06700,DB01165,0
DB00872,DB00792,0
DB00234,DB01583,0
DB11619,DB11855,0
DB00169,DB00288,0
DB00973,DB13179,0
DB01032,DB01076,1
DB08807,DB09173,1
DB00590,DB04845,1
DB00443,DB00195,0
DB00622,DB09054,1
DB00927,DB01394,0
DB01544,DB08439,1
DB08846,DB01395,0
DB00983,DB11967,0
DB00752,DB04871,1
DB03783,DB08816,1
DB12582,DB00554,0
DB00412,DB00949,1
DB00580,DB01337,0
DB11886,DB01228,0
DB00195,DB00910,0
DB09013,DB09034,0
DB00619,DB11689,1
DB00255,DB01072,1
DB00214,DB00472,1
DB12218,DB09071,0
DB01583,DB09099,0
DB12278,DB04665,0
DB00532,DB12319,1
DB00924,DB00294,0
DB01026,DB08439,1
DB01275,DB04557,0
DB00294,DB01263,1
DB01409,DB04946,1
DB01177,DB01211,0
DB11581,DB12093,1
DB01087,DB09167,1
DB01013,DB06803,0
DB01409,DB04840,1
DB00228,DB01126,0
DB00193,DB01131,1
DB01232,DB08918,1
DB01208,DB04076,1
DB00320,DB01232,1
DB08816,DB13919,1
DB09053,DB13874,1
DB00188,DB09299,1
DB00264,DB00501,1
DB11581,DB00335,0
DB08933,DB00721,0
DB00717,DB09063,1
DB02703,DB11978,1
DB00467,DB11575,0
DB01026,DB01252,1
DB00476,DB04977,0
DB00334,DB00784,1
DB00333,DB01074,1
DB00317,DB00737,1
DB00195,DB06603,1
DB08933,DB01645,0
DB00317,DB06152,0
DB00712,DB11689,1
DB06738,DB12371,1
DB00593,DB09101,1
DB01059,DB11757,1
DB00704,DB12978,1
DB06207,DB13179,1
DB00730,DB00956,0
DB00227,DB01032,1
DB01012,DB01392,1
DB01264,DB00629,0
DB00978,DB00952,0
DB00270,DB05812,1
DB02789,DB04838,0
DB00216,DB08798,1
DB00363,DB04975,1
DB01338,DB06335,0
DB00518,DB01217,0
DB00188,DB00554,1
DB01355,DB00864,0
DB00193,DB00412,1
DB00862,DB05814,1
DB09017,DB00378,0
DB01367,DB08860,0
DB00238,DB04846,1
DB00532,DB11757,1
DB00208,DB04846,1
DB00177,DB11672,0
DB01181,DB06803,1
DB01076,DB01253,0
DB00758,DB04572,1
DB00627,DB08868,1
DB00642,DB00857,1
DB09017,DB00104,0
DB00543,DB05812,1
DB04946,DB12130,1
DB01198,DB01764,1
DB00752,DB12483,0
DB00834,DB13179,1
DB00897,DB01259,1
DB00675,DB01035,1
DB00866,DB11560,0
DB04911,DB04070,0
DB01228,DB00304,0
DB09167,DB11855,1
DB01295,DB05271,1
DB00527,DB12371,0
DB00814,DB04938,1
DB00730,DB00806,1
DB01238,DB04856,1
DB00946,DB01409,0
DB00343,DB00706,1
DB00533,DB00783,1
DB00934,DB01303,1
DB01238,DB04832,1
DB00220,DB09185,1
DB08873,DB08881,1
DB00731,DB01576,1
DB06702,DB09101,1
DB01645,DB04938,1
DB00213,DB00549,1
DB00784,DB06693,0
DB00960,DB00947,0
DB01075,DB01100,1
DB03783,DB08910,1
DB00557,DB04840,1
DB06282,DB08865,1
DB00472,DB00627,1
DB00330,DB01096,0
DB00555,DB04938,0
DB00467,DB00252,0
DB00475,DB00590,0
DB01037,DB02703,1
DB09204,DB12332,1
DB00283,DB12005,1
DB00998,DB00910,0
DB00784,DB06741,1
DB00787,DB04908,0
DB00553,DB01645,1
DB00240,DB00910,0
DB00617,DB00279,0
DB12026,DB06144,0
DB00697,DB00764,0
DB00678,DB00736,1
DB00784,DB05239,1
DB00619,DB00924,1
DB00501,DB00851,1
DB01118,DB12612,1
DB07615,DB01096,0
DB00316,DB00622,1
DB01037,DB11730,1
DB01039,DB12597,1
DB00347,DB12020,1
DB12026,DB13919,1
DB00799,DB00557,0
DB01211,DB09239,1
DB08865,DB09183,1
DB09073,DB01577,0
DB01623,DB11697,1
DB00946,DB01369,1
DB00857,DB01198,1
DB01100,DB01580,1
DB08896,DB00475,0
DB01039,DB09227,1
DB00949,DB04977,0
DB08995,DB01873,0
DB00910,DB07615,0
DB01410,DB04861,1
DB08867,DB04975,0
DB01076,DB08807,0
DB01138,DB11672,1
DB12026,DB00163,0
DB00425,DB01095,1
DB00862,DB00897,1
DB06414,DB09061,1
DB00751,DB09039,1
DB00448,DB01392,1
DB05814,DB00367,0
DB01029,DB06218,1
DB00370,DB00663,0
DB01072,DB12147,1
DB00330,DB09183,1
DB00571,DB04216,1
DB09090,DB00553,0
DB00731,DB09053,1
DB06419,DB06789,1
DB09083,DB00549,0
DB09034,DB00214,0
DB00629,DB00934,1
DB00201,DB08910,1
DB00586,DB13174,1
DB00628,DB01536,0
DB01274,DB01007,0
DB00315,DB01656,1
DB00623,DB05109,1
DB00983,DB06777,1
DB00177,DB00549,1
DB06626,DB01621,0
DB06595,DB11619,1
DB01268,DB11837,1
DB06712,DB11679,1
DB00482,DB08873,1
DB00656,DB01062,1
DB01198,DB12026,1
DB01192,DB13158,0
DB11886,DB00467,0
DB00532,DB00622,1
DB00201,DB00642,1
DB00806,DB06626,1
DB01103,DB12874,1
DB11915,DB11979,1
DB00250,DB00912,1
DB00568,DB01039,1
DB00744,DB06210,1
DB01210,DB08882,0
DB12010,DB00998,0
DB00201,DB09239,0
DB00469,DB09280,1
DB01026,DB01558,1
DB00191,DB00224,1
DB00425,DB11672,1
DB00412,DB00699,0
DB04884,DB09090,0
DB00337,DB00494,0
DB04829,DB08903,0
DB00813,DB02703,1
DB00588,DB08931,1
DB00752,DB00814,1
DB01214,DB00736,0
DB01065,DB01601,0
DB00409,DB09039,1
DB00951,DB04957,1
DB01656,DB12319,0
DB00467,DB00904,1
DB00857,DB01132,1
DB04920,DB01405,0
DB11652,DB12548,1
DB01007,DB01242,0
DB08875,DB06654,0
DB01014,DB06077,0
DB01136,DB04794,1
DB01217,DB00672,0
DB00988,DB01411,0
DB04957,DB11915,1
DB00778,DB08827,1
DB01167,DB01175,1
DB00598,DB09061,1
DB01338,DB00877,0
DB01393,DB00677,0
DB00528,DB11915,1
DB02703,DB06144,1
DB12329,DB00738,0
DB08867,DB00778,0
DB01002,DB00973,0
DB01406,DB00988,0
DB00976,DB01074,1
DB00904,DB11682,0
DB00444,DB09065,1
DB01064,DB00946,0
DB00862,DB05541,1
DB00367,DB04938,0
DB01254,DB06403,1
DB01396,DB00946,0
DB00201,DB00425,1
DB00749,DB01131,1
DB00213,DB09128,0
DB11828,DB00266,0
DB00593,DB01007,0
DB00740,DB01418,1
DB00952,DB01095,0
DB00619,DB03701,0
DB02709,DB00392,0
DB01259,DB01611,1
DB04938,DB00392,0
DB04861,DB03701,0
DB01094,DB00599,0
DB01400,DB09229,0
DB00224,DB01587,1
DB01026,DB01259,1
DB04572,DB12887,1
DB00861,DB00694,0
DB09273,DB01175,0
DB00396,DB01074,1
DB04856,DB00851,0
DB00503,DB01118,1
DB00238,DB09273,1
DB06403,DB13158,0
DB09039,DB00443,0
DB09049,DB09229,0
DB01167,DB04938,1
DB09079,DB11886,1
DB00250,DB00704,0
DB11574,DB00615,0
DB00315,DB00495,0
DB00977,DB04861,1
DB11823,DB11837,1
DB05708,DB06210,1
DB01217,DB09296,1
DB00628,DB12674,0
DB00696,DB01181,1
DB00758,DB00180,0
DB11886,DB13179,1
DB12674,DB00934,0
DB01472,DB11979,1
DB05990,DB09128,0
DB06605,DB08798,1
DB00908,DB05271,1
DB00717,DB06700,1
DB09299,DB11730,1
DB00338,DB00468,1
DB00814,DB12471,0
DB00752,DB11693,0
DB01320,DB09099,1
DB01028,DB00382,0
DB12471,DB00679,0
DB00518,DB01079,1
DB00734,DB08864,1
DB00469,DB01190,0
DB09167,DB00910,0
DB06726,DB01072,0
DB13158,DB00850,0
DB00425,DB00191,0
DB00270,DB00706,1
DB11942,DB01303,0
DB04572,DB00484,0
DB00495,DB00433,0
DB09236,DB06774,0
DB04665,DB04920,1
DB11614,DB06777,0
DB09273,DB00224,0
DB01177,DB12218,0
DB00700,DB01406,1
DB01559,DB00253,0
DB00814,DB00623,0
DB04652,DB11737,0
DB00346,DB08896,1
DB08860,DB12267,1
DB00277,DB01233,1
DB09555,DB04839,0
DB00549,DB00788,1
DB01297,DB01393,0
DB00527,DB08798,0
DB00850,DB01059,1
DB03010,DB06218,1
DB00201,DB00338,0
DB00978,DB01059,1
DB00717,DB12010,1
DB01472,DB08816,0
DB01074,DB09065,1
DB00255,DB00381,0
DB09048,DB09224,1
DB00574,DB01074,1
DB00289,DB12235,0
DB00279,DB01236,0
DB01029,DB06636,1
DB00304,DB00253,0
DB01403,DB06729,1
DB01252,DB08880,0
DB00255,DB00758,1
DB01214,DB00486,0
DB04216,DB04841,1
DB00187,DB09030,0
DB08922,DB00337,0
DB09095,DB09185,1
DB00454,DB11672,1
DB00627,DB09299,1
DB01094,DB04794,0
DB11619,DB00683,0
DB00379,DB01177,1
DB00503,DB01228,1
DB08816,DB00778,0
DB00448,DB01601,1
DB00831,DB00978,1
DB00255,DB00425,1
DB00622,DB04975,1
DB01194,DB05109,0
DB12713,DB01152,0
DB00721,DB00749,0
DB01018,DB00860,0
DB00704,DB00762,0
DB00872,DB11817,1
DB03783,DB05271,1
DB00998,DB00185,0
DB09327,DB00814,0
DB01588,DB01628,0
DB00969,DB01667,1
DB01058,DB00163,0
DB09389,DB09239,0
DB00289,DB01174,0
DB00951,DB01029,1
DB00334,DB00806,1
DB01601,DB04896,1
DB01028,DB06605,1
DB01211,DB01558,0
DB00334,DB00180,0
DB00914,DB00250,0
DB00549,DB06335,0
DB01412,DB11697,1
DB00554,DB12543,0
DB06741,DB00539,0
DB03701,DB01297,0
DB00439,DB04889,1
DB04894,DB06212,1
DB01036,DB08922,1
DB00545,DB01656,0
DB00454,DB08995,1
DB00191,DB01259,0
DB00454,DB04840,0
DB00330,DB01171,1
DB12693,DB00741,0
DB00343,DB11682,1
DB00627,DB04070,0
DB00409,DB00932,1
DB00959,DB09101,1
DB00906,DB13879,1
DB00433,DB00932,1
DB00330,DB12513,0
DB09065,DB01338,0
DB05708,DB11967,1
DB00696,DB01624,1
DB00699,DB09238,1
DB12548,DB04894,0
DB00379,DB05039,0
DB01623,DB12020,0
DB00628,DB00379,0
DB00193,DB13179,1
DB00209,DB11614,1
DB01268,DB01400,0
DB00752,DB01191,1
DB01536,DB00234,0
DB04794,DB11689,1
DB11753,DB01126,0
DB00736,DB01118,1
DB00988,DB09291,0
DB00582,DB08811,0
DB06594,DB09288,1
DB00472,DB11921,0
DB00445,DB01014,0
DB00195,DB00744,1
DB01062,DB01621,1
DB00277,DB01232,1
DB00188,DB03756,1
DB04832,DB06626,1
DB00575,DB01126,1
DB09224,DB00629,0
DB09013,DB06335,0
DB06218,DB01012,0
DB06414,DB01405,0
DB00695,DB01026,1
DB00730,DB00934,1
DB01319,DB01224,0
DB00947,DB01221,0
DB00338,DB06212,0
DB00661,DB04574,1
DB08995,DB09185,0
DB00173,DB08846,0
DB00588,DB00661,1
DB11581,DB09290,0
DB06268,DB03575,0
DB06595,DB11952,1
DB01177,DB08922,1
DB00843,DB12005,1
DB08933,DB00663,0
DB00338,DB09224,0
DB01029,DB06712,1
DB00334,DB00240,0
DB00201,DB01058,1
DB00288,DB00351,0
DB00365,DB01601,1
DB00180,DB00553,0
DB12329,DB11951,0
DB00440,DB11757,1
DB01394,DB00250,0
DB00549,DB00388,0
DB00439,DB09241,1
DB00454,DB06268,1
DB01087,DB11575,1
DB01048,DB12020,0
DB06403,DB09185,1
DB06678,DB03515,0
DB04946,DB02187,0
DB00316,DB01155,1
DB01183,DB09013,0
DB01086,DB12026,1
DB00475,DB00841,0
DB00778,DB01227,1
DB01050,DB11978,1
DB00675,DB06335,1
DB00968,DB00744,0
DB01138,DB00180,0
DB01234,DB01303,0
DB00553,DB00629,1
DB00642,DB02489,1
DB00484,DB08899,0
DB01210,DB09173,0
DB00976,DB01193,0
DB00214,DB08896,1
DB01263,DB12887,1
DB01190,DB04832,1
DB11952,DB00888,0
DB01583,DB09101,1
DB09173,DB04845,0
DB01039,DB00496,0
DB01211,DB12141,1
DB08811,DB00328,0
DB01394,DB03010,1
DB00395,DB11679,1
DB09099,DB12319,0
DB00472,DB12483,1
DB00726,DB02703,1
DB00699,DB08867,0
DB05814,DB00787,0
DB04911,DB04920,1
DB00283,DB00289,1
DB00857,DB01136,1
DB01037,DB02489,1
DB00545,DB00575,0
DB00193,DB01590,1
DB00304,DB04216,1
DB01253,DB08880,0
DB00619,DB11886,1
DB00240,DB01392,0
DB08922,DB12332,1
DB00501,DB08816,1
DB01355,DB06210,0
DB00877,DB00475,0
DB00324,DB01238,0
DB00617,DB06268,1
DB00927,DB01058,1
DB00779,DB01058,1
DB00351,DB00947,0
DB00982,DB11575,0
DB00445,DB00283,0
DB00721,DB00730,0
DB01026,DB01254,1
DB01245,DB06803,0
DB00674,DB06678,1
DB00337,DB04838,0
DB00982,DB09232,0
DB00796,DB04938,1
DB00471,DB00675,1
DB06777,DB08860,1
DB01094,DB00745,0
DB00976,DB01254,1
DB00699,DB01173,1
DB00277,DB00705,1
DB01087,DB08931,1
DB00177,DB11652,0
DB00744,DB09071,1
DB00356,DB08846,1
DB00563,DB06218,1
DB00227,DB00234,1
DB00788,DB09083,0
DB00228,DB01191,1
DB06691,DB00394,0
DB06148,DB08846,0
DB00850,DB03701,0
DB04076,DB13874,1
DB01047,DB04829,0
DB00799,DB00553,0
DB00193,DB01369,1
DB00518,DB00910,0
DB00846,DB01032,0
DB00982,DB01384,0
DB00741,DB11575,0
DB01601,DB13179,1
DB00316,DB00487,1
DB11951,DB08804,0
DB01667,DB00440,0
DB00663,DB00745,0
DB00621,DB08995,0
DB00448,DB00494,0
DB00997,DB09232,0
DB01380,DB06700,1
DB00877,DB01173,1
DB09225,DB00668,0
DB08502,DB00627,0
DB00448,DB01409,1
DB04896,DB08867,1
DB01624,DB01764,1
DB09053,DB09128,1
DB00327,DB09013,0
DB00758,DB01142,1
DB09173,DB05246,0
DB01412,DB02134,1
DB00627,DB01177,1
DB00784,DB01065,1
DB00918,DB13919,1
DB08865,DB12267,1
DB00248,DB00863,0
DB09236,DB01104,0
DB00685,DB00968,0
DB09225,DB00253,0
DB00751,DB01195,1
DB00184,DB00253,0
DB00549,DB06237,1
DB04894,DB00433,0
DB00820,DB06700,1
DB01380,DB01367,0
DB00661,DB01041,1
DB04652,DB01580,0
DB01174,DB00841,0
DB00532,DB00553,1
DB09079,DB11952,1
DB09079,DB11963,1
DB00475,DB06774,0
DB05990,DB06726,0
DB01195,DB04938,1
DB00717,DB01118,1
DB00590,DB01357,1
DB00850,DB12005,1
DB00696,DB09073,1
DB01130,DB01173,0
DB08860,DB09288,1
DB12874,DB12267,0
DB08873,DB11886,1
DB09389,DB12371,0
DB00392,DB01048,0
DB00486,DB08896,1
DB00185,DB00685,0
DB01268,DB00323,0
DB00582,DB12130,1
DB00333,DB00705,1
DB00487,DB00831,1
DB00476,DB01118,1
DB09061,DB12005,1
DB04839,DB00335,0
DB00642,DB05708,1
DB00469,DB06237,1
DB01087,DB01198,1
DB01393,DB04829,0
DB01297,DB08922,1
DB06741,DB00726,0
DB00753,DB13879,0
DB00180,DB11942,0
DB01591,DB11837,1
DB00402,DB06729,1
DB00169,DB13874,1
DB01118,DB09213,1
DB00176,DB04957,1
DB00118,DB00945,0
DB04856,DB06730,1
DB01472,DB09555,1
DB00877,DB01588,0
DB01238,DB09555,1
DB00936,DB00721,0
DB01590,DB09225,0
DB06693,DB02789,0
DB00608,DB11682,1
DB00347,DB00412,1
DB01175,DB06267,0
DB00496,DB00757,1
DB00437,DB00805,0
DB11751,DB00469,0
DB00347,DB01129,1
DB00199,DB00346,1
DB08808,DB11757,1
DB11672,DB00973,0
DB01357,DB01576,0
DB12329,DB01013,0
DB00627,DB01193,1
DB00622,DB09173,1
DB00213,DB12147,0
DB09034,DB00244,0
DB00448,DB04911,1
DB00779,DB13158,0
DB09039,DB01303,0
DB11951,DB06803,0
DB00176,DB04975,1
DB01656,DB05294,1
DB01583,DB01214,0
DB11823,DB00799,0
DB00758,DB13174,1
DB00388,DB00531,0
DB08820,DB08868,0
DB00173,DB00199,0
DB00726,DB00977,1
DB00621,DB00977,1
DB00622,DB04828,1
DB00363,DB08846,0
DB00717,DB00972,1
DB09204,DB00615,0
DB00627,DB01036,1
DB00806,DB00924,1
DB11995,DB11967,0
DB01394,DB00741,0
DB00209,DB01601,0
DB01050,DB13874,1
DB01411,DB06725,1
DB01036,DB06678,1
DB00947,DB00819,0
DB04898,DB08881,1
DB00717,DB09102,1
DB00487,DB00601,0
DB00255,DB09198,1
DB01177,DB06512,1
DB04856,DB08873,1
DB00370,DB12130,0
DB00530,DB01536,0
DB00402,DB01268,1
DB01275,DB00238,0
DB00248,DB00911,0
DB01075,DB11855,1
DB00228,DB06603,0
DB00953,DB00599,0
DB00177,DB06144,0
DB00589,DB00518,0
DB01238,DB06654,1
DB01591,DB11574,0
DB03496,DB11915,0
DB00582,DB06789,1
DB12147,DB01210,0
DB00818,DB09213,1
DB01253,DB00444,0
DB00827,DB01134,0
DB12235,DB00409,0
DB00378,DB00976,1
DB06403,DB00378,0
DB00696,DB06636,1
DB03756,DB06789,0
DB00568,DB12245,1
DB00582,DB11712,1
DB00489,DB11586,1
DB01588,DB01181,0
DB06741,DB00533,0
DB00433,DB02187,0
DB00860,DB01259,0
DB06803,DB12255,1
DB00969,DB00615,0
DB00527,DB02489,0
DB12184,DB01103,0
DB08880,DB00475,0
DB01012,DB06144,1
DB09099,DB12978,1
DB00952,DB01103,0
DB00333,DB06789,0
DB00678,DB08882,1
DB00328,DB00843,1
DB00494,DB12713,0
DB00294,DB13179,1
DB01283,DB04070,0
DB00623,DB01129,0
DB00414,DB08901,0
DB00588,DB09183,1
DB01118,DB04832,1
DB00549,DB00891,1
DB00642,DB06738,0
DB00906,DB01126,0
DB06725,DB01094,0
DB01367,DB12978,0
DB05812,DB00184,0
DB06678,DB01130,0
DB11737,DB00487,0
DB00590,DB13179,1
DB00118,DB06774,0
DB00978,DB00545,0
DB04574,DB04840,0
DB12130,DB06701,0
DB12026,DB00253,0
DB00316,DB00471,1
DB00977,DB04946,1
DB00361,DB04216,0
DB11837,DB00545,0
DB11737,DB00580,0
DB01054,DB01062,1
DB01100,DB06203,1
DB12674,DB00934,0
DB00814,DB00494,0
DB00675,DB01098,1
DB00817,DB09241,1
DB08804,DB06702,0
DB04894,DB01032,0
DB01062,DB11574,1
DB01233,DB11963,1
DB00316,DB09241,1
DB00169,DB04846,1
DB04975,DB00361,0
DB01126,DB00906,0
DB01412,DB13174,1
DB00570,DB00932,1
DB01405,DB01558,1
DB00243,DB06712,1
DB00499,DB06267,1
DB00445,DB01583,0
DB00621,DB00845,0
DB01628,DB11697,1
DB00118,DB00202,0
DB00533,DB00617,1
DB00784,DB00433,0
DB00726,DB08807,1
DB00361,DB09048,1
DB00675,DB00827,1
DB00752,DB01580,1
DB01609,DB11718,1
DB00924,DB12001,0
DB09101,DB09236,1
DB04840,DB06203,1
DB00317,DB01095,1
DB00557,DB00784,0
DB11942,DB01138,0
DB00661,DB08933,0
DB00810,DB01075,1
DB00783,DB11757,1
DB01028,DB04871,1
DB00252,DB12612,1
DB09330,DB12371,1
DB08439,DB01076,0
DB01393,DB09048,1
DB00334,DB04557,1
DB09065,DB13003,1
DB00277,DB00978,1
DB00347,DB06729,1
DB04977,DB04911,0
DB05812,DB11942,0
DB01026,DB01591,1
DB00714,DB01394,0
DB00918,DB06726,1
DB09195,DB11619,0
DB08895,DB01192,0
DB00849,DB01583,0
DB01136,DB00947,0
DB11581,DB11837,1
DB11921,DB01210,0
DB01195,DB09183,1
DB09291,DB03756,0
DB00586,DB00906,0
DB00370,DB01388,1
DB01152,DB05039,0
DB04652,DB00437,0
DB01117,DB03756,1
DB04920,DB09555,1
DB01037,DB04557,1
DB01595,DB00563,0
DB01096,DB06212,0
DB00863,DB03701,0
DB00656,DB11712,1
DB00395,DB00264,0
DB01242,DB06218,1
DB00496,DB01086,1
DB09185,DB13874,1
DB01007,DB11574,0
DB00557,DB01095,1
DB00440,DB04896,1
DB01131,DB09063,1
DB11751,DB01054,0
DB00261,DB11967,1
DB00951,DB01065,1
DB01369,DB06218,1
DB00317,DB01588,0
DB00736,DB04652,0
DB00409,DB13174,1
DB00297,DB00568,1
DB00250,DB01079,1
DB01595,DB00263,0
DB00379,DB04844,1
DB00530,DB01134,0
DB00495,DB00744,1
DB00163,DB00554,0
DB01411,DB00679,0
DB00531,DB00696,1
DB00960,DB02703,1
DB04725,DB11978,1
DB00872,DB08896,1
DB00726,DB04889,1
DB11751,DB12582,0
DB00810,DB09173,1
DB09049,DB00959,0
DB00888,DB00402,0
DB00655,DB09238,0
DB00865,DB00253,0
DB00352,DB09034,0
DB06594,DB08912,1
DB03701,DB00734,0
DB04572,DB12693,0
DB00792,DB01611,1
DB00674,DB00857,1
DB04898,DB01103,0
DB02187,DB00316,0
DB11963,DB01405,0
DB01472,DB08877,0
DB01392,DB09143,0
DB09225,DB09216,0
DB00568,DB00818,1
DB04665,DB01708,0
DB01193,DB00744,0
DB13158,DB04552,0
DB00582,DB00264,0
DB01152,DB00982,0
DB01095,DB06335,1
DB05990,DB11943,0
DB00589,DB06603,1
DB01165,DB01117,0
DB01137,DB06152,0
DB00322,DB01873,0
DB00593,DB00976,1
DB11921,DB01621,0
DB00448,DB04846,1
DB01536,DB00575,0
DB00191,DB06201,0
DB04356,DB00582,0
DB00304,DB00444,1
DB00531,DB00580,1
DB01394,DB00346,0
DB04861,DB00663,0
DB11691,DB01254,0
DB00201,DB00330,1
DB00531,DB01131,1
DB08873,DB09073,1
DB00471,DB01609,1
DB00949,DB01183,0
DB00532,DB11979,1
DB01275,DB09039,1
DB11978,DB04070,0
DB00255,DB00818,1
DB01008,DB02703,1
DB01559,DB01032,0
DB11613,DB12245,1
DB01166,DB13878,0
DB00224,DB00622,1
DB00817,DB00857,1
DB00213,DB11614,0
DB00590,DB08922,1
DB01248,DB08865,1
DB00304,DB06725,1
DB01319,DB11823,0
DB00788,DB01062,1
DB00503,DB06210,1
DB01195,DB08875,1
DB13003,DB01065,0
DB00496,DB00590,1
DB00778,DB00787,0
DB00674,DB06691,1
DB08867,DB01198,0
DB00263,DB01039,0
DB06693,DB09123,0
DB00264,DB01409,1
DB00846,DB00289,0
DB13783,DB00904,0
DB00983,DB13174,1
DB09143,DB11614,0
DB00346,DB09213,0
DB09290,DB09235,0
DB00819,DB06412,0
DB00382,DB01118,1
DB09185,DB00799,0
DB01094,DB09167,1
DB09245,DB01026,0
DB06738,DB06739,1
DB00378,DB01369,0
DB00627,DB09013,0
DB01380,DB00623,0
DB11652,DB06725,0
DB01152,DB01412,1
DB06403,DB11915,1
DB00622,DB01068,1
DB00448,DB00914,1
DB13879,DB06678,0
DB00501,DB05294,1
DB01274,DB09049,0
DB00820,DB00912,0
DB00857,DB01173,1
DB00334,DB01094,1
DB00227,DB08875,1
DB00213,DB00906,0
DB00857,DB01002,1
DB01142,DB04557,1
DB00726,DB00783,1
DB00912,DB11979,1
DB00448,DB01252,0
DB00997,DB00799,0
DB00330,DB00762,1
DB00545,DB00714,0
DB00977,DB09048,1
DB00494,DB05109,1
DB06777,DB01708,0
DB12147,DB00315,0
DB00388,DB06695,0
DB01137,DB01393,0
DB04898,DB01667,0
DB04794,DB01303,0
DB11672,DB06292,0
DB00685,DB01214,0
DB12471,DB00440,0
DB00169,DB06712,1
DB00379,DB00382,1
DB00757,DB00914,1
DB01171,DB01032,0
DB00377,DB01211,1
DB00264,DB12674,0
DB00283,DB06817,0
DB00440,DB05271,0
DB01142,DB09183,1
DB00471,DB00805,0
DB04894,DB02709,0
DB00346,DB00997,1
DB01238,DB11574,1
DB00489,DB11963,1
DB00758,DB00527,0
DB05990,DB00445,0
DB00627,DB00753,1
DB01472,DB09063,0
DB01667,DB01873,1
DB08875,DB00283,0
DB09223,DB00414,0
DB04652,DB12674,0
DB01708,DB08918,0
DB08931,DB01405,0
DB06817,DB00215,0
DB00330,DB01058,1
DB00238,DB12319,1
DB00395,DB00677,0
DB12471,DB09274,0
DB00330,DB00549,1
DB01026,DB01303,1
DB09183,DB00553,0
DB00810,DB06605,0
DB00193,DB01259,1
DB05271,DB01645,0
DB05812,DB08860,1
DB00277,DB00554,1
DB09048,DB13174,1
DB09128,DB11837,1
DB00675,DB11942,0
DB00831,DB11979,0
DB07615,DB12026,0
DB00412,DB04898,1
DB00487,DB08811,0
DB04840,DB12612,0
DB01873,DB08893,0
DB00672,DB00983,1
DB00455,DB09065,1
DB09273,DB11697,1
DB00642,DB11682,0
DB00347,DB00736,1
DB00758,DB00834,1
DB11751,DB00422,0
DB12887,DB00378,0
DB01410,DB08808,1
DB11679,DB01405,0
DB01259,DB09054,1
DB09090,DB08867,0
DB01261,DB09185,1
DB00788,DB11682,1
DB09241,DB11614,1
DB01130,DB03783,0
DB00730,DB13174,1
DB00966,DB11697,0
DB00857,DB06210,1
DB00570,DB02489,0
DB00570,DB01576,1
DB01167,DB09389,1
DB01388,DB01611,1
DB01319,DB06636,1
DB08860,DB08901,1
DB00580,DB04911,1
DB11682,DB00467,0
DB00872,DB11652,1
DB00216,DB03756,1
DB01094,DB01173,1
DB01029,DB12332,1
DB11581,DB12235,1
DB01044,DB01412,1
DB00334,DB11560,1
DB01228,DB01222,0
DB00734,DB09238,1
DB00784,DB04889,1
DB00674,DB08901,1
DB00590,DB06636,1
DB12978,DB01069,0
DB01355,DB09198,1
DB04894,DB09241,0
DB00409,DB01079,1
DB00810,DB01591,1
DB00250,DB00532,1
DB06774,DB00469,0
DB00945,DB12245,1
DB09273,DB00982,0
DB00574,DB00932,1
DB09291,DB00445,0
DB00891,DB01275,0
DB01400,DB00531,0
DB00973,DB04552,0
DB00679,DB00744,0
DB04216,DB01245,0
DB13878,DB01303,0
DB00475,DB08880,0
DB00315,DB11575,0
DB00444,DB01764,1
DB00805,DB11679,0
DB00850,DB04356,1
DB04356,DB12693,0
DB00382,DB04845,0
DB00792,DB01873,0
DB08502,DB08931,1
DB05541,DB11581,1
DB01544,DB08860,1
DB08816,DB12483,1
DB12184,DB01096,0
DB01029,DB11614,1
DB01217,DB01388,0
DB01076,DB13919,1
DB01029,DB09198,1
DB01152,DB06218,1
DB00328,DB08875,1
DB00289,DB00297,1
DB01028,DB06695,0
DB12332,DB09095,0
DB09555,DB01013,0
DB00382,DB01155,1
DB00978,DB01558,1
DB00628,DB06693,0
DB01224,DB01410,1
DB00700,DB06287,1
DB00866,DB00704,0
DB00377,DB09555,1
DB01171,DB11614,1
DB00250,DB09237,1
DB00864,DB04957,1
DB00177,DB01069,1
DB00518,DB00202,0
DB04844,DB11672,1
DB01337,DB12319,0
DB05294,DB00377,0
DB01048,DB12020,0
DB00717,DB09244,0
DB02703,DB04794,0
DB01210,DB00582,0
DB04908,DB00675,0
DB02187,DB11730,1
DB01118,DB12543,1
DB06218,DB11689,1
DB02187,DB09235,0
DB00234,DB00661,1
DB09166,DB01076,0
DB00384,DB01268,0
DB05246,DB08864,1
DB09167,DB08868,0
DB01029,DB01138,1
DB00661,DB01072,1
DB12874,DB00663,0
DB00412,DB01264,1
DB08933,DB01026,0
DB00361,DB00872,1
DB00863,DB11753,1
DB00476,DB08864,1
DB04829,DB08865,1
DB09237,DB00527,0
DB01079,DB01201,0
DB00788,DB01656,1
DB00696,DB04076,0
DB09238,DB00799,0
DB04832,DB01007,0
DB11886,DB13879,1
DB00737,DB00953,0
DB06729,DB11753,0
DB00188,DB01155,1
DB00911,DB00949,0
DB00545,DB00706,0
DB01264,DB03701,1
DB06412,DB00796,0
DB00953,DB06287,0
DB00214,DB01075,1
DB00396,DB00401,1
DB01472,DB09039,1
DB00224,DB05294,1
DB00297,DB12471,0
DB02703,DB03010,0
DB00563,DB05239,1
DB09223,DB11613,0
DB00465,DB00783,1
DB08918,DB06401,0
DB04856,DB00908,0
DB00744,DB04855,1
DB01221,DB11730,1
DB01026,DB01406,1
DB00617,DB01283,1
DB00501,DB00744,1
DB00972,DB01190,1
DB09013,DB00907,0
DB01100,DB01166,1
DB00476,DB01012,1
DB00993,DB01142,1
DB09232,DB06729,0
DB00439,DB06210,1
DB00208,DB01224,1
DB00180,DB01406,1
DB00494,DB09063,0
DB01252,DB01609,1
DB13878,DB00839,0
DB00490,DB00977,1
DB00717,DB00757,0
DB00619,DB00711,0
DB00270,DB12332,1
DB08901,DB00395,0
DB01254,DB09128,0
DB00327,DB04652,0
DB01167,DB00724,0
DB00734,DB04977,0
DB00590,DB01114,1
DB00471,DB00553,1
DB00532,DB01396,0
DB06756,DB01396,0
DB00588,DB01126,1
DB00530,DB09195,1
DB06691,DB06595,0
DB00757,DB01611,1
DB00705,DB00745,1
DB01667,DB08893,0
DB00338,DB00477,0
DB00213,DB00396,1
DB01074,DB00953,0
DB00469,DB09099,0
DB12582,DB04908,0
DB01764,DB06210,0
DB04665,DB11757,1
DB09327,DB05109,0
DB01611,DB08860,1
DB00932,DB04845,1
DB01295,DB01590,1
DB08868,DB00978,0
DB01405,DB11679,0
DB04884,DB01013,0
DB00270,DB09101,1
DB00814,DB01069,1
DB06636,DB11682,1
DB00622,DB06287,1
DB00382,DB00744,1
DB00261,DB12329,0
DB00908,DB00983,1
DB09048,DB12887,1
DB04938,DB06712,1
DB01587,DB09101,1
DB00627,DB01621,1
DB12978,DB12329,0
DB06678,DB06693,0
DB01183,DB00448,0
DB00468,DB01142,1
DB01248,DB08864,1
DB00736,DB06595,1
DB00482,DB01232,1
DB01050,DB02134,0
DB01275,DB08882,1
DB01155,DB00988,0
DB09225,DB12245,1
DB01039,DB09124,0
DB00661,DB00745,1
DB01130,DB05814,0
DB00422,DB01667,0
DB00758,DB01032,1
DB08893,DB01418,0
DB06691,DB09238,0
DB01394,DB00324,0
DB00700,DB00779,0
DB00752,DB11586,1
DB04835,DB09054,0
DB00951,DB11886,1
DB00571,DB00717,1
DB00717,DB01026,1
DB00238,DB01114,1
DB01590,DB09079,1
DB00608,DB04889,1
DB01191,DB01591,1
DB00953,DB01086,0
DB00214,DB01131,1
DB00477,DB00568,1
DB00737,DB12130,0
DB08827,DB00490,0
DB00495,DB12301,0
DB08903,DB11689,0
DB00382,DB00998,1
DB00185,DB00333,1
DB01155,DB06702,0
DB09102,DB00283,0
DB12147,DB01214,0
DB08811,DB06702,0
DB11921,DB00949,0
DB12548,DB00888,0
DB00201,DB00820,0
DB00717,DB00813,1
DB00904,DB00888,0
DB00704,DB01026,1
DB12329,DB01621,0
DB01137,DB04076,1
DB12184,DB01183,0
DB00176,DB00982,1
DB00392,DB11757,0
DB00784,DB01223,1
DB01259,DB00969,0
DB00714,DB01261,1
DB00976,DB01064,0
DB08502,DB00224,0
DB00904,DB06636,1
DB00740,DB00621,0
DB09213,DB00508,0
DB12319,DB11682,0
DB01248,DB11712,1
DB00628,DB12612,0
DB00846,DB01395,0
DB09274,DB00205,0
DB08895,DB09124,0
DB00590,DB00261,0
DB01261,DB01214,0
DB00906,DB11560,0
DB00582,DB12319,1
DB00751,DB00322,0
DB00865,DB04938,1
DB06777,DB11886,0
DB01173,DB09183,1
DB01590,DB06636,1
DB00388,DB00351,0
DB00188,DB00396,1
DB09079,DB00294,0
DB03515,DB00185,0
DB00783,DB04076,1
DB01611,DB09223,0
DB01129,DB11679,1
DB01103,DB01259,1
DB00169,DB09185,1
DB00440,DB09291,0
DB05219,DB12466,0
DB01136,DB01685,1
DB04861,DB05541,0
DB00343,DB00574,1
DB01591,DB06207,0
DB01037,DB04908,1
DB00188,DB01472,1
DB00277,DB09167,1
DB00169,DB09049,0
DB00503,DB01171,1
DB00706,DB00907,1
DB01195,DB09128,1
DB04572,DB01117,0
DB08865,DB01252,0
DB00193,DB01406,1
DB05271,DB06626,0
DB00788,DB01059,1
DB00289,DB00503,1
DB00751,DB01035,1
DB02187,DB01190,0
DB04845,DB08864,1
DB00872,DB06237,1
DB00851,DB04574,1
DB00268,DB04855,0
DB00169,DB01132,0
DB00932,DB08903,1
DB12941,DB00817,0
DB00738,DB11757,1
DB00425,DB00784,1
DB11952,DB01067,0
DB00891,DB01873,0
DB06401,DB00379,0
DB01131,DB01217,0
DB00661,DB01621,1
DB05239,DB00749,0
DB04845,DB00484,0
DB01223,DB00711,0
DB00187,DB00724,0
DB00176,DB04977,0
DB04898,DB01114,0
DB09241,DB12332,1
DB00337,DB04946,0
DB01253,DB00927,0
DB04889,DB09297,0
DB00315,DB11757,1
DB11560,DB12026,0
DB01117,DB00851,0
DB00266,DB00347,1
DB00972,DB08816,1
DB01166,DB09225,1
DB01242,DB11672,1
DB09216,DB12147,0
DB00589,DB09291,1
DB01400,DB12026,0
DB06292,DB00445,0
DB00947,DB09225,0
DB08868,DB00998,0
DB04894,DB09291,0
DB00297,DB00608,1
DB11921,DB00753,0
DB00215,DB04076,1
DB01037,DB09183,1
DB00694,DB00906,0
DB00674,DB01198,0
DB04356,DB11791,1
DB00531,DB04839,1
DB01558,DB11753,1
DB00297,DB09296,0
DB09236,DB09073,0
DB00714,DB06267,1
DB00346,DB01097,0
DB00496,DB08807,1
DB12612,DB06077,0
DB01026,DB01035,1
DB00699,DB09291,1
DB00582,DB00726,1
DB01013,DB09204,0
DB12141,DB00201,0
DB00945,DB12026,0
DB01222,DB01134,0
DB05812,DB00952,0
DB00619,DB01166,1
DB00687,DB04908,0
DB00988,DB04844,0
DB06702,DB08864,1
DB00836,DB01264,1
DB00846,DB12161,0
DB00201,DB01590,1
DB09013,DB00365,0
DB06595,DB06700,1
DB00194,DB06700,0
DB01406,DB00330,0
DB01232,DB06210,1
DB00683,DB01609,0
DB00810,DB01393,0
DB00712,DB01075,1
DB00846,DB00471,0
DB00201,DB04825,0
DB00976,DB12278,1
DB05814,DB11952,1
DB01406,DB01611,1
DB00240,DB01054,0
DB06756,DB00270,0
DB00335,DB01320,0
DB01142,DB00367,0
DB00749,DB00891,1
DB00396,DB07615,1
DB06412,DB00988,0
DB00396,DB00813,1
DB13874,DB06412,0
DB00758,DB02703,1
DB01193,DB01411,0
DB06287,DB06419,1
DB09213,DB06412,0
DB00622,DB09299,1
DB00381,DB00554,1
DB00656,DB09053,1
DB00343,DB00932,1
DB01221,DB01611,1
DB01104,DB01410,1
DB00891,DB01559,0
DB01044,DB00621,0
DB09128,DB09227,1
DB09183,DB12245,1
DB00762,DB06152,0
DB06144,DB13874,1
DB01369,DB06148,0
DB01190,DB00472,0
DB00396,DB00976,1
DB01152,DB00554,0
DB00608,DB08865,1
DB06701,DB00627,0
DB00297,DB01609,0
DB04630,DB11718,0
DB00490,DB08827,0
DB01167,DB02703,1
DB00784,DB00694,0
DB00857,DB12278,0
DB01621,DB00487,0
DB12543,DB08808,0
DB00238,DB00328,1
DB00425,DB01012,1
DB00412,DB00593,1
DB00636,DB06803,0
DB09048,DB09102,1
DB00696,DB11751,0
DB04898,DB01403,0
DB01393,DB01359,0
DB00204,DB01039,1
DB00959,DB01583,0
DB00699,DB12161,1
DB06739,DB00352,0
DB06594,DB12371,1
DB01096,DB06636,0
DB01583,DB06774,0
DB11855,DB04725,0
DB06741,DB00396,0
DB00334,DB11679,1
DB06207,DB00440,0
DB00762,DB01103,1
DB01396,DB01409,0
DB00588,DB08816,1
DB11679,DB01558,0
DB00487,DB01685,0
DB00486,DB06777,0
DB09327,DB05219,0
DB01764,DB12978,1
DB00216,DB09227,1
DB01591,DB05812,1
DB08865,DB12941,1
DB00622,DB01406,1
DB09238,DB12332,1
DB00696,DB01223,1
DB09273,DB00982,0
DB12582,DB00977,0
DB00972,DB01079,1
DB05109,DB08865,1
DB01232,DB01411,1
DB11886,DB08918,0
DB00619,DB01173,1
DB00674,DB01263,1
DB00401,DB00209,0
DB00575,DB00779,1
DB00352,DB11757,0
DB00263,DB01045,0
DB00176,DB00191,1
DB00589,DB01214,0
DB00215,DB01406,1
DB00361,DB00751,1
DB01210,DB00163,0
DB00215,DB08880,0
DB04846,DB11682,0
DB00590,DB09238,1
DB00906,DB00448,0
DB00377,DB11619,0
DB01685,DB08864,1
DB01200,DB06803,0
DB11575,DB01009,0
DB01228,DB12001,0
DB00933,DB08868,0
DB00908,DB09065,1
DB09123,DB00933,0
DB01208,DB01580,0
DB00932,DB05039,1
DB09049,DB00977,0
DB09034,DB00184,0
DB00779,DB00205,0
DB01167,DB06781,0
DB11753,DB00764,0
DB12329,DB01193,0
DB04070,DB11753,0
DB00195,DB00910,0
DB00978,DB09167,1
DB01087,DB04884,1
DB00736,DB01338,0
DB08868,DB01394,0
DB01131,DB01007,0
DB01210,DB12278,0
DB00636,DB01142,0
DB00327,DB00180,0
DB01201,DB01369,0
DB00619,DB01076,1
DB00501,DB01171,1
DB00238,DB01242,1
DB00998,DB01076,0
DB00582,DB01591,1
DB12278,DB01104,0
DB00818,DB11967,1
DB13919,DB00591,0
DB00678,DB08933,0
DB00176,DB00528,1
DB05219,DB12513,0
DB00297,DB01032,0
DB00395,DB01039,1
DB00356,DB04216,1
DB01406,DB00668,0
DB01173,DB09101,1
DB01577,DB01007,0
DB00924,DB01357,0
DB00674,DB00932,1
DB02709,DB01536,0
DB01708,DB12471,0
DB00813,DB01248,1
DB00243,DB00810,1
DB09244,DB01155,0
DB00918,DB02187,0
DB01072,DB11943,1
DB00118,DB04825,0
DB00851,DB00927,1
DB05154,DB04871,0
DB01018,DB09143,0
DB00448,DB12020,1
DB00818,DB12457,0
DB00757,DB00337,0
DB01233,DB02489,1
DB11942,DB01079,0
DB00396,DB01136,1
DB01410,DB00896,0
DB00263,DB00745,0
DB00233,DB00228,0
DB00454,DB01126,0
DB04839,DB09166,0
DB01062,DB11586,1
DB00849,DB11575,0
DB01074,DB12978,0
DB01176,DB01058,0
DB08864,DB09073,1
DB00444,DB00731,1
DB00184,DB01369,0
DB00549,DB11560,1
DB11718,DB11823,1
DB00568,DB11586,1
DB01198,DB06595,1
DB01191,DB04871,1
DB00173,DB12548,0
DB00814,DB11619,0
DB00176,DB00261,1
DB00911,DB01263,1
DB13874,DB02789,0
DB00379,DB06738,1
DB11682,DB12612,1
DB01576,DB12332,1
DB00518,DB12267,1
DB11796,DB01587,0
DB06738,DB11757,1
DB06603,DB11963,1
DB01118,DB12010,1
DB07615,DB01064,0
DB01134,DB01136,0
DB00949,DB00741,0
DB00629,DB00730,1
DB00636,DB08808,0
DB01685,DB06605,1
DB09065,DB09195,1
DB12941,DB09143,0
DB00204,DB13179,1
DB00234,DB09048,1
DB00661,DB04884,1
DB06654,DB02489,0
DB01069,DB01591,1
DB00918,DB12267,1
DB00721,DB01238,1
DB11757,DB00896,0
DB00918,DB11689,1
DB00439,DB00918,1
DB00674,DB00726,1
DB01628,DB05246,1
DB00277,DB09224,1
DB06210,DB11672,1
DB00627,DB11979,1
DB12874,DB00163,0
DB01131,DB01611,1
DB00361,DB00656,1
DB04665,DB06726,0
DB00255,DB00863,0
DB00475,DB11737,0
DB00745,DB09061,1
DB01559,DB11757,1
DB01079,DB09288,1
DB00947,DB12093,0
DB00629,DB01369,0
DB00118,DB00177,0
DB00215,DB00627,1
DB01087,DB00266,0
DB01406,DB11967,0
DB00343,DB11915,1
DB00783,DB12301,1
DB12329,DB00973,0
DB00906,DB09227,1
DB12978,DB08875,0
DB01587,DB02789,0
DB01208,DB03010,0
DB00169,DB12466,0
DB01536,DB00202,0
DB01227,DB06595,1
DB00993,DB00528,0
DB00841,DB00487,0
DB09013,DB06401,0
DB00163,DB00555,0
DB00891,DB08931,0
DB01337,DB01873,0
DB12471,DB00836,0
DB00412,DB00617,1
DB12235,DB11817,0
DB04829,DB04839,0
DB00414,DB00532,1
DB00549,DB11652,0
DB00381,DB11967,1
DB00187,DB09173,1
DB00896,DB11823,0
DB00805,DB06603,1
DB01095,DB08922,1
DB01074,DB01181,1
DB00668,DB00897,0
DB11855,DB06789,0
DB00330,DB00745,0
DB00589,DB09245,1
DB12543,DB09274,0
DB01611,DB04725,1
DB00402,DB08502,1
DB01097,DB11823,1
DB00367,DB04856,1
DB01192,DB12010,0
DB12466,DB08820,0
DB01320,DB12319,1
DB00810,DB04840,1
DB00201,DB11672,1
DB00377,DB11586,1
DB04898,DB08995,1
DB04911,DB00591,0
DB00186,DB01132,0
DB00557,DB11995,0
DB00482,DB11689,1
DB01685,DB06738,1
DB00834,DB11730,1
DB00518,DB09166,1
DB01041,DB03783,1
DB09198,DB09274,0
DB00636,DB00253,0
DB01359,DB03783,1
DB00173,DB00214,0
DB03496,DB01198,0
DB01254,DB02703,1
DB01134,DB11886,0
DB00997,DB09274,0
DB00936,DB08875,1
DB03701,DB00745,0
DB06512,DB00582,0
DB00539,DB01009,0
DB03010,DB08820,0
DB02703,DB12141,1
DB01155,DB01667,1
DB09061,DB12161,1
DB09039,DB00988,0
DB00617,DB11672,1
DB04794,DB06626,1
DB00346,DB12245,1
DB00546,DB00700,0
DB00802,DB00184,0
DB01177,DB13919,1
DB00608,DB11619,0
DB12147,DB09053,0
DB00353,DB01191,0
DB00696,DB01392,1
DB06729,DB08439,1
DB00956,DB00205,0
DB00932,DB06203,1
DB08868,DB12026,0
DB06144,DB11672,1
DB00185,DB00227,1
DB01393,DB01580,0
DB04840,DB00213,0
DB00549,DB01131,1
DB00977,DB11963,1
DB04552,DB00888,0
DB00496,DB01167,1
DB01008,DB01131,0
DB09229,DB12005,0
DB01131,DB01645,1
DB00799,DB00642,0
DB00263,DB01028,1
DB00731,DB11581,1
DB01075,DB01228,1
DB00629,DB04835,0
DB00363,DB00499,1
DB00248,DB01076,1
DB00907,DB09213,0
DB00586,DB01223,1
DB08882,DB12332,1
DB04884,DB09173,1
DB09166,DB00968,0
DB00533,DB00668,1
DB05541,DB01591,0
DB00365,DB11942,0
DB01103,DB12130,1
DB00216,DB00839,1
DB01667,DB13174,1
DB00675,DB11757,1
DB01050,DB08864,1
DB00571,DB00757,1
DB02709,DB00620,0
DB04871,DB04894,0
DB06594,DB06605,1
DB00304,DB00758,1
DB01097,DB06803,1
DB00367,DB12457,0
DB12020,DB09101,0
DB01136,DB11823,1
DB01228,DB11679,0
DB00757,DB00253,0
DB11619,DB09071,0
DB12161,DB00636,0
DB00615,DB00338,0
DB00487,DB00642,1
DB00751,DB00851,0
DB00553,DB09280,0
DB00751,DB09227,1
DB01588,DB08816,0
DB01065,DB04630,0
DB01191,DB01558,1
DB12005,DB06741,0
DB00860,DB09227,1
DB06595,DB06738,1
DB05039,DB03010,0
DB00951,DB12141,1
DB01086,DB04861,1
DB01337,DB11575,0
DB06228,DB08901,1
DB00169,DB11614,1
DB00849,DB06741,0
DB00392,DB00570,0
DB01032,DB01138,0
DB00623,DB00983,1
DB01656,DB05708,1
DB00740,DB04557,0
DB00468,DB09167,1
DB01134,DB00395,0
DB12887,DB06693,0
DB00199,DB09204,0
DB00184,DB12597,0
DB01044,DB01142,1
DB01026,DB03496,1
DB08811,DB01014,0
DB09245,DB00792,0
DB05246,DB12130,0
DB01232,DB04861,1
DB04894,DB00401,0
DB00603,DB01559,0
DB00866,DB11737,0
DB06605,DB12483,1
DB00422,DB00568,0
DB01097,DB00496,0
DB00490,DB00608,1
DB00972,DB11855,1
DB00176,DB00213,1
DB06817,DB00194,0
DB01411,DB00834,0
DB00191,DB01129,0
DB00685,DB06594,1
DB00679,DB01039,1
DB00444,DB00490,1
DB00315,DB01079,1
DB04572,DB09065,1
DB00675,DB08895,1
DB00118,DB04871,0
DB01181,DB09227,1
DB09237,DB00163,0
DB04855,DB08865,1
DB00539,DB00936,0
DB09071,DB12978,1
DB01194,DB13878,0
DB00335,DB00468,1
DB00622,DB11712,1
DB12612,DB00672,0
DB00396,DB04844,1
DB00228,DB09296,0
DB00737,DB00367,0
DB00255,DB00202,0
DB01254,DB08864,1
DB00333,DB08882,1
DB01167,DB08815,1
DB11952,DB00580,0
DB00439,DB04844,1
DB00851,DB00263,0
DB00675,DB11574,1
DB00240,DB08877,0
DB00294,DB11828,0
DB01095,DB12001,0
DB00395,DB01583,0
DB04855,DB12245,1
DB00945,DB11672,0
DB00361,DB06152,0
DB00455,DB00891,0
DB00608,DB11963,1
DB00283,DB00704,0
DB00490,DB01406,1
DB00685,DB09071,1
DB01142,DB05109,1
DB00395,DB01058,1
DB01393,DB08922,1
DB00730,DB11718,1
DB04825,DB09195,0
DB00343,DB06636,1
DB00677,DB01418,0
DB00792,DB00663,0
DB05708,DB11828,0
DB00696,DB04920,1
DB01418,DB12026,1
DB00455,DB00749,0
DB00910,DB00978,0
DB01059,DB00531,0
DB01087,DB11679,1
DB00180,DB11730,1
DB00598,DB05814,0
DB00465,DB09198,1
DB01601,DB11757,1
DB12245,DB13179,1
DB01173,DB00603,0
DB00787,DB00827,1
DB00669,DB00741,0
DB00570,DB12887,1
DB12693,DB01357,0
DB01245,DB08903,0
DB00696,DB00751,1
DB01035,DB12693,1
DB12235,DB01130,0
DB00307,DB00699,0
DB00312,DB00467,0
DB09280,DB00993,0
DB00933,DB09173,1
DB00799,DB13158,0
DB01194,DB09327,0
DB00949,DB08995,1
DB05239,DB00528,0
DB00622,DB00699,1
DB00496,DB08933,0
DB00813,DB00307,0
DB03515,DB06603,0
DB00193,DB00846,0
DB00819,DB00796,0
DB00495,DB00661,1
DB03515,DB09216,0
DB11995,DB00861,0
DB00850,DB00907,1
DB04861,DB01411,0
DB09017,DB11652,1
DB08931,DB11682,1
DB00469,DB01039,1
DB00227,DB01395,1
DB06700,DB11837,1
DB00622,DB11737,1
DB04574,DB00865,0
DB00327,DB09063,1
DB00731,DB09167,1
DB00857,DB02134,1
DB00191,DB00730,0
DB01623,DB04889,1
DB00590,DB04794,1
DB00805,DB09123,0
DB06228,DB01074,0
DB00972,DB05990,1
DB00749,DB00834,1
DB00599,DB09238,1
DB00180,DB00543,0
DB13879,DB01130,0
DB06282,DB12301,0
DB04871,DB04975,1
DB00255,DB12161,0
DB00384,DB04898,0
DB06210,DB12235,0
DB00792,DB01195,1
DB01050,DB01195,1
DB01192,DB11712,0
DB01253,DB09229,0
DB01236,DB12267,0
DB00575,DB01076,1
DB02187,DB12457,0
DB00533,DB01155,1
DB04911,DB06700,1
DB01253,DB09124,0
DB00849,DB01214,0
DB00527,DB09389,0
DB00783,DB01054,1
DB01167,DB04957,1
DB00568,DB04574,1
DB00255,DB00620,1
DB02489,DB03783,1
DB00118,DB01685,0
DB01166,DB11652,1
DB00563,DB00250,0
DB01211,DB01595,1
DB00846,DB09227,0
DB00471,DB01395,0
DB00745,DB06605,1
DB00846,DB01580,0
DB06626,DB09099,1
DB06739,DB00358,0
DB00379,DB12582,0
DB00740,DB00672,0
DB00476,DB00615,0
DB06738,DB12026,1
DB01079,DB08922,1
DB00215,DB01076,1
DB00333,DB08804,0
DB00333,DB00489,1
DB00603,DB06152,0
DB01472,DB00194,0
DB01214,DB00617,0
DB01254,DB11712,1
DB00468,DB01359,1
DB01248,DB04832,1
DB00214,DB12319,1
DB00745,DB04894,0
DB06729,DB06803,1
DB00270,DB00304,1
DB00636,DB11817,0
DB00208,DB01259,1
DB06595,DB09288,1
DB00201,DB11837,1
DB01132,DB11697,0
DB00696,DB00757,1
DB11791,DB09555,0
DB00615,DB00906,0
DB00997,DB01577,1
DB11581,DB01274,0
DB00827,DB04977,0
DB00347,DB06414,1
DB00617,DB00945,1
DB00289,DB00679,1
DB09296,DB00627,0
DB05039,DB01656,0
DB00712,DB12245,1
DB00202,DB09073,0
DB00924,DB12026,1
DB00927,DB01628,1
DB00706,DB02703,1
DB00412,DB00969,1
DB00213,DB00977,1
DB00557,DB00533,0
DB00620,DB12235,1
DB01392,DB09238,1
DB07615,DB00294,0
DB08910,DB00663,0
DB00982,DB06712,1
DB04894,DB01576,0
DB00717,DB06701,0
DB13158,DB06712,0
DB12582,DB01253,0
DB00851,DB01142,1
DB00487,DB12026,1
DB00737,DB00629,0
DB00977,DB09185,1
DB09237,DB11652,1
DB00482,DB00530,1
DB00191,DB11672,1
DB01074,DB06144,1
DB00993,DB00590,0
DB01263,DB04838,1
DB12612,DB01536,0
DB00784,DB04841,1
DB00851,DB09232,0
DB01388,DB11679,1
DB01254,DB01369,1
DB00185,DB08827,0
DB04841,DB01208,0
DB00327,DB09048,1
DB00759,DB08798,0
DB05039,DB06774,0
DB00623,DB00706,1
DB00503,DB01075,1
DB00851,DB01173,1
DB01406,DB08882,1
DB01217,DB06702,0
DB06412,DB01248,0
DB00322,DB11963,1
DB04840,DB01198,0
DB00758,DB01211,1
DB00528,DB00185,0
DB00471,DB01388,0
DB01167,DB09095,1
DB00563,DB09071,1
DB00906,DB08864,0
DB00696,DB01238,1
DB00608,DB04938,1
DB01012,DB00392,0
DB00448,DB06218,1
DB00554,DB01217,1
DB09204,DB11837,1
DB09166,DB01210,0
DB01208,DB12582,0
DB08895,DB00730,0
DB00679,DB00705,1
DB00191,DB11679,0
DB01181,DB01194,0
DB00960,DB11718,1
DB00501,DB01131,1
DB09034,DB04889,0
DB01628,DB00283,0
DB00696,DB01076,1
DB04898,DB08933,0
DB00475,DB01577,0
DB00118,DB01609,0
DB00968,DB02709,0
DB00762,DB01577,0
DB00539,DB00629,0
DB00846,DB00656,0
DB01008,DB01764,1
DB00741,DB04856,1
DB00261,DB12245,1
DB00328,DB04574,1
DB12457,DB00700,0
DB09297,DB00677,0
DB00374,DB01195,1
DB06414,DB12332,1
DB00591,DB06700,1
DB00443,DB04908,0
DB00238,DB08860,1
DB00762,DB01355,0
DB04835,DB00945,0
DB01044,DB00911,0
DB08882,DB04854,0
DB00208,DB11979,1
DB00677,DB00734,0
DB00382,DB01412,1
DB00788,DB08995,1
DB01035,DB11828,0
DB01142,DB04938,1
DB00679,DB00591,0
DB01544,DB04574,1
DB00977,DB00655,0
DB00787,DB01233,1
DB06414,DB06781,0
DB06218,DB00508,0
DB00367,DB13879,0
DB00343,DB00745,1
DB01117,DB02703,1
DB00471,DB00549,1
DB12713,DB04652,0
DB09273,DB01536,0
DB00317,DB00679,1
DB06693,DB04908,0
DB00621,DB00794,1
DB00250,DB00402,1
DB00668,DB08875,1
DB02489,DB00699,0
DB00489,DB00787,0
DB03010,DB08820,0
DB01412,DB09030,0
DB01191,DB04845,0
DB00374,DB01097,1
DB01232,DB06726,1
DB09143,DB11712,0
DB00188,DB00496,1
DB00214,DB00714,1
DB04839,DB00792,0
DB00956,DB00778,0
DB00252,DB01064,0
DB00788,DB04856,1
DB01261,DB00744,0
DB01591,DB09039,1
DB00914,DB09224,1
DB00969,DB00976,1
DB00751,DB11730,1
DB09274,DB08893,0
DB08933,DB01369,0
DB01223,DB12141,1
DB01558,DB00877,0
DB01075,DB06725,1
DB04216,DB08901,1
DB00224,DB00358,1
DB00998,DB12301,0
DB01263,DB09185,1
DB00734,DB09167,1
DB06605,DB09099,0
DB00977,DB09238,1
DB00675,DB01297,1
DB11995,DB00714,0
DB00841,DB01210,0
DB00946,DB01409,0
DB04835,DB00289,0
DB09389,DB00904,0
DB00455,DB12301,0
DB00104,DB06267,0
DB00740,DB09079,0
DB05990,DB06781,0
DB04856,DB03575,0
DB06693,DB00201,0
DB00204,DB09048,1
DB00841,DB00250,0
DB00863,DB00304,0
DB00490,DB08807,1
DB09071,DB11672,1
DB00402,DB01685,1
DB00335,DB11757,1
DB00857,DB04861,1
DB00188,DB11672,1
DB01007,DB00288,0
DB00476,DB13874,1
DB01132,DB12612,1
DB00489,DB01028,1
DB01072,DB01174,1
DB01118,DB01392,1
DB05541,DB11837,1
DB00448,DB01094,0
DB06595,DB11613,1
DB00467,DB01233,1
DB04832,DB13174,0
DB00863,DB01086,1
DB00224,DB11886,1
DB01007,DB00741,0
DB00751,DB00959,0
DB00757,DB08882,1
DB00177,DB01041,1
DB00347,DB12582,0
DB06702,DB00779,0
DB00307,DB01411,1
DB00864,DB11952,1
DB00778,DB01395,1
DB08827,DB00655,0
DB09143,DB06725,0
DB01242,DB06803,1
DB00334,DB01035,1
DB00327,DB01536,0
DB00993,DB00734,0
DB00530,DB00993,1
DB01211,DB12161,1
DB04911,DB00173,0
DB00927,DB12471,0
DB00818,DB06739,1
DB01190,DB06603,0
DB00897,DB00966,0
DB00490,DB01118,1
DB06412,DB06268,0
DB00495,DB00752,1
DB01601,DB11652,1
DB00845,DB08820,1
DB00678,DB00714,1
DB04908,DB08868,0
DB00448,DB00487,0
DB01232,DB13179,1
DB01412,DB01268,0
DB00945,DB08995,1
DB01873,DB04356,1
DB09013,DB11901,0
DB01062,DB08933,0
DB01190,DB01067,0
DB00317,DB01410,1
DB00574,DB09555,1
DB08860,DB11967,0
DB00590,DB00288,0
DB02703,DB06730,1
DB04356,DB01384,0
DB00414,DB00484,0
DB00224,DB11986,1
DB09034,DB00983,0
DB00827,DB01623,1
DB11693,DB01536,0
DB01409,DB01576,1
DB09048,DB11823,1
DB00468,DB12319,1
DB00799,DB06701,0
DB00977,DB01559,0
DB12483,DB06678,0
DB01621,DB01152,0
DB11979,DB12267,1
DB01645,DB11921,0
DB01173,DB08827,1
DB11560,DB09290,0
DB12093,DB00307,0
DB00726,DB00687,0
DB00440,DB08816,1
DB01559,DB11672,1
DB00570,DB01114,1
DB05239,DB00467,0
DB00672,DB12371,1
DB00367,DB11575,0
DB01048,DB00188,0
DB04911,DB12674,0
DB04894,DB12235,1
DB02789,DB00623,0
DB00757,DB05219,0
DB01142,DB04856,1
DB01045,DB09274,1
DB00993,DB04871,1
DB01338,DB00736,0
DB00571,DB05814,0
DB01624,DB12693,1
DB00590,DB13874,1
DB01114,DB01232,1
DB01198,DB12245,1
DB00472,DB01303,1
DB01406,DB06691,0
DB00612,DB01264,1
DB00806,DB11672,1
DB00603,DB00589,0
DB06401,DB08912,1
DB01176,DB13174,0
DB01190,DB09079,0
DB04856,DB00988,0
DB00877,DB01274,0
DB01068,DB13179,1
DB01472,DB00412,0
DB05708,DB00337,0
DB00731,DB04725,1
DB00328,DB05039,1
DB12713,DB01181,0
DB00818,DB01242,1
DB09238,DB00846,0
DB00261,DB02489,1
DB06738,DB01194,0
DB12978,DB06148,0
DB00619,DB00796,1
DB06267,DB11963,0
DB00776,DB01297,0
DB05109,DB09238,1
DB00972,DB00194,0
DB01171,DB01191,1
DB00184,DB04884,0
DB08903,DB08827,0
DB01036,DB08827,0
DB00619,DB06701,0
DB00422,DB01609,0
DB01232,DB00784,0
DB00467,DB04911,0
DB00758,DB02187,0
DB00486,DB01611,0
DB09065,DB09330,1
DB00193,DB05812,1
DB01072,DB04794,1
DB09244,DB00307,0
DB00227,DB01069,1
DB06228,DB12329,0
DB00877,DB00998,0
DB00668,DB01039,1
DB04975,DB00468,0
DB00608,DB01601,1
DB04652,DB11652,1
DB06594,DB08439,1
DB01268,DB09065,1
DB04840,DB05271,1
DB03756,DB06594,1
DB00489,DB13874,1
DB00914,DB00484,0
DB00495,DB09236,0
DB00843,DB02187,0
DB00908,DB12674,0
DB01667,DB00751,0
DB06636,DB09236,1
DB00195,DB00238,1
DB01087,DB09063,1
DB08893,DB00741,0
DB00956,DB04572,1
DB00234,DB09183,1
DB04920,DB06729,1
DB00953,DB01369,0
DB00932,DB01384,1
DB00734,DB01409,1
DB00912,DB00969,0
DB00590,DB00672,1
DB01208,DB08875,0
DB00176,DB12874,1
DB11586,DB00555,0
DB06282,DB06712,1
DB01048,DB01098,0
DB00330,DB11581,1
DB09071,DB11581,1
DB06414,DB13919,1
DB00764,DB13174,0
DB00628,DB00810,0
DB11915,DB08827,0
DB00642,DB11689,1
DB02134,DB01104,0
DB09049,DB00960,0
DB00238,DB01392,1
DB00315,DB00365,1
DB00608,DB00914,1
DB00185,DB00908,1
DB00283,DB00731,1
DB01129,DB06729,0
DB00951,DB01076,1
DB00582,DB00731,1
DB08827,DB01075,0
DB01013,DB00663,0
DB00496,DB01228,1
DB00563,DB06207,0
DB00574,DB11689,1
DB01609,DB01583,0
DB04896,DB11614,1
DB01268,DB04832,1
DB01388,DB13174,0
DB00185,DB09291,1
DB04856,DB00338,0
DB00831,DB01079,1
DB00501,DB00570,1
DB00240,DB12582,0
DB01656,DB11986,1
DB00914,DB01536,0
DB00851,DB01418,1
DB00374,DB00972,1
DB00977,DB01100,1
DB00193,DB00773,1
DB01035,DB05239,0
DB00563,DB08865,1
DB03515,DB00367,0
DB00528,DB08910,0
DB00904,DB04840,1
DB00213,DB01062,0
DB00448,DB00909,1
DB01087,DB01274,1
DB00559,DB01406,1
DB00227,DB00384,0
DB00863,DB01591,1
DB00978,DB04356,1
DB00712,DB01210,0
DB06210,DB05109,0
DB01367,DB01645,1
DB09236,DB00209,0
DB09167,DB12887,0
DB13174,DB01032,0
DB00933,DB05109,1
DB00908,DB04889,1
DB09124,DB01177,0
DB00699,DB06218,0
DB03496,DB00545,0
DB01132,DB13179,1
DB01026,DB09232,1
DB00320,DB04946,1
DB00674,DB01667,0
DB00394,DB01072,1
DB04630,DB00753,0
DB00603,DB04938,1
DB12941,DB09327,0
DB00627,DB12245,1
DB04829,DB04725,0
DB00731,DB11855,1
DB00582,DB05812,1
DB00911,DB09389,0
DB00911,DB01171,0
DB00857,DB01764,0
DB01211,DB11901,1
DB00445,DB01708,0
DB06739,DB01623,0
DB00738,DB06691,1
DB06144,DB12147,0
DB00208,DB12005,1
DB13179,DB06756,0
DB04725,DB11979,1
DB04938,DB09204,1
DB00448,DB01393,1
DB00374,DB01026,1
DB01100,DB06702,1
DB05154,DB12329,0
DB04557,DB00706,0
DB01624,DB01685,1
DB01410,DB01007,0
DB00951,DB00655,0
DB00674,DB02709,0
DB00813,DB00263,0
DB00911,DB11757,0
DB00328,DB00704,1
DB01026,DB01628,1
DB00731,DB04871,1
DB00363,DB11679,1
DB00679,DB01058,1
DB00468,DB06603,1
DB01165,DB04835,0
DB00381,DB11574,0
DB00973,DB11560,0
DB00228,DB03783,0
DB00412,DB00836,1
DB00187,DB00361,1
DB01595,DB12001,0
DB06777,DB01223,0
DB00792,DB09039,1
DB04855,DB06789,1
DB01393,DB09053,0
DB00897,DB01264,1
DB12612,DB00392,0
DB00201,DB00532,1
DB12582,DB00792,0
DB00956,DB06287,1
DB13003,DB04871,0
DB00553,DB05708,1
DB01320,DB04665,1
DB00796,DB01096,0
DB05219,DB01611,0
DB04845,DB11837,1
DB00433,DB12267,0
DB09244,DB01007,0
DB12026,DB09143,0
DB00363,DB01357,1
DB00731,DB01029,1
DB01069,DB01096,1
DB01069,DB09167,1
DB00496,DB08910,0
DB00255,DB00608,1
DB00783,DB01405,1
DB00927,DB09225,1
DB01211,DB01418,1
DB00185,DB00530,1
DB01418,DB12245,1
DB00668,DB01036,1
DB04975,DB04884,0
DB00530,DB00598,1
DB00696,DB01100,1
DB01685,DB00283,0
DB11574,DB01002,0
DB06207,DB00819,0
DB00717,DB12483,1
DB00932,DB12141,1
DB01012,DB09288,1
DB01183,DB01041,0
DB11652,DB00623,0
DB06401,DB01048,0
DB00857,DB04552,0
DB00304,DB13919,1
DB12887,DB01611,0
DB01068,DB01264,1
DB00234,DB00982,0
DB00224,DB12887,1
DB09185,DB11837,1
DB00358,DB00972,0
DB01263,DB08439,1
DB00455,DB00788,1
DB01403,DB06210,0
DB00705,DB01536,1
DB13158,DB08439,0
DB04070,DB00448,0
DB11901,DB08995,0
DB00396,DB06594,1
DB01097,DB01411,1
DB00444,DB06282,0
DB00862,DB00437,0
DB00629,DB01086,1
DB04844,DB09195,1
DB01355,DB06605,1
DB00661,DB00897,1
DB04356,DB05708,1
DB01048,DB02489,0
DB00176,DB11886,1
DB00118,DB00678,0
DB00912,DB11730,1
DB00841,DB01320,0
DB11581,DB00861,0
DB00499,DB00675,1
DB00642,DB01645,1
DB08877,DB13879,1
DB00731,DB00527,0
DB00888,DB00250,0
DB11737,DB01198,0
DB11817,DB06726,0
DB01062,DB01193,1
DB02709,DB12597,0
DB00850,DB04574,1
DB01076,DB06207,0
DB00532,DB01628,1
DB11921,DB00283,0
DB00623,DB00629,0
DB00952,DB03010,0
DB00455,DB12026,1
DB06700,DB11986,1
DB00213,DB04832,1
DB06605,DB13874,1
DB00911,DB12874,0
DB00683,DB00655,0
DB11837,DB00495,0
DB06636,DB06738,1
DB01224,DB05109,1
DB00337,DB00751,0
DB00439,DB09185,1
DB01174,DB08995,1
DB00983,DB01096,1
DB01036,DB08875,1
DB06148,DB01261,0
DB00553,DB01405,1
DB00912,DB11613,1
DB00741,DB01114,1
DB00328,DB06636,1
DB12010,DB00857,0
DB06287,DB01068,0
DB12941,DB02489,0
DB04841,DB05708,1
DB00598,DB09048,1
DB01405,DB06817,0
DB00783,DB00983,1
DB06212,DB00799,0
DB09291,DB11979,1
DB01138,DB00906,0
DB01222,DB06726,0
DB00214,DB01228,0
DB01214,DB11942,0
DB00209,DB00591,0
DB04572,DB00546,0
DB12020,DB04794,0
DB00764,DB09223,0
DB00327,DB01685,1
DB00563,DB11581,1
DB00814,DB00972,1
DB00177,DB00227,1
DB12713,DB00699,0
DB01194,DB12674,0
DB04938,DB06729,1
DB00549,DB01138,1
DB00472,DB02134,1
DB04845,DB09274,0
DB00238,DB04725,1
DB00827,DB02134,1
DB00740,DB00194,0
DB00444,DB00738,1
DB00220,DB00297,1
DB00288,DB00972,0
DB05990,DB00294,0
DB00363,DB00401,1
DB04356,DB09073,0
DB01295,DB00906,0
DB00379,DB12161,1
DB01303,DB00891,0
DB09073,DB00734,0
DB06203,DB11730,1
DB00358,DB00173,0
DB00482,DB09227,1
DB00580,DB11757,1
DB00532,DB09039,1
DB11691,DB03783,0
DB00330,DB12010,0
DB00454,DB09101,1
DB00327,DB00590,1
DB01409,DB00817,0
DB09273,DB11560,0
DB01037,DB12218,0
DB01588,DB09048,1
DB11689,DB00489,0
DB00279,DB09061,0
DB00214,DB11652,1
DB00238,DB03783,1
DB00503,DB08807,1
DB00346,DB09244,0
DB00327,DB00888,0
DB00401,DB06738,0
DB01181,DB01472,0
DB00414,DB01274,1
DB00598,DB00976,0
DB09225,DB00448,0
DB01210,DB04825,0
DB08901,DB09183,1
DB00914,DB06729,1
DB01152,DB00973,0
DB00188,DB01245,0
DB00250,DB06401,0
DB00328,DB00737,0
DB11712,DB00347,0
DB01183,DB04884,0
DB00642,DB04070,0
DB00238,DB00412,1
DB01242,DB08816,1
DB01074,DB03496,0
DB00910,DB00263,0
DB06678,DB11614,1
DB08896,DB09101,1
DB00191,DB06729,0
DB00712,DB01117,1
DB02709,DB05154,0
DB00787,DB09273,1
DB01014,DB04839,0
DB13179,DB01069,0
DB01028,DB12597,1
DB00717,DB00736,0
DB06756,DB12301,0
DB09274,DB06268,0
DB00784,DB12255,1
DB09071,DB03756,0
DB06412,DB00334,0
DB00593,DB09237,0
DB08933,DB11737,0
DB00402,DB08798,0
DB06712,DB11693,1
DB00317,DB00918,1
DB00409,DB00489,1
DB00621,DB00788,1
DB00744,DB04856,1
DB12674,DB11682,0
DB00744,DB01059,1
DB06803,DB06267,0
DB04845,DB00813,0
DB00202,DB11613,0
DB08502,DB09013,0
DB01268,DB00356,0
DB04884,DB05812,1
DB04920,DB04908,0
DB01181,DB04977,1
DB00240,DB00489,0
DB00439,DB00568,1
DB05239,DB06412,0
DB12887,DB00744,0
DB05239,DB00947,0
DB00443,DB01032,0
DB00263,DB00531,1
DB00846,DB09101,0
DB01059,DB00866,0
DB04828,DB12582,0
DB01079,DB01319,0
DB01009,DB11791,0
DB01131,DB00685,0
DB08933,DB00401,0
DB08922,DB11952,0
DB00591,DB00623,0
DB06403,DB01008,0
DB00528,DB12026,0
DB00912,DB01217,1
DB00783,DB12371,1
DB00549,DB08808,0
DB04894,DB00778,0
DB01072,DB01559,1
DB00425,DB01388,1
DB01079,DB12693,1
DB04841,DB01259,0
DB12582,DB00490,0
DB08933,DB01228,0
DB01380,DB00934,0
DB00358,DB00758,0
DB00717,DB03010,1
DB00745,DB01097,1
DB00656,DB11942,0
DB04825,DB01098,0
DB00409,DB00482,1
DB00744,DB00966,0
DB00250,DB00588,1
DB01118,DB04871,1
DB00494,DB11614,1
DB00668,DB06739,1
DB00683,DB00304,0
DB00467,DB01217,0
DB00972,DB01211,1
DB09048,DB13874,1
DB08816,DB09227,1
DB06595,DB08439,1
DB00598,DB00904,1
DB00799,DB11652,1
DB04911,DB06144,1
DB09049,DB09123,0
DB01086,DB08808,1
DB00469,DB01118,1
DB00872,DB01628,1
DB01263,DB08877,1
DB08907,DB04076,0
DB04898,DB09034,0
DB12026,DB06678,0
DB01609,DB00706,0
DB00335,DB00402,0
DB00118,DB00669,0
DB00283,DB00699,1
DB00330,DB04855,1
DB00960,DB01087,1
DB06741,DB12301,0
DB08846,DB00668,0
DB06725,DB09143,0
DB00857,DB01242,1
DB00857,DB01072,1
DB00320,DB04794,1
DB00220,DB00784,0
DB00846,DB00753,0
DB00787,DB09290,1
DB01044,DB01098,0
DB06695,DB09238,0
DB00270,DB00776,0
DB00949,DB00173,0
DB00469,DB06803,1
DB12010,DB00617,0
DB00337,DB00836,0
DB00857,DB01628,1
DB06781,DB01297,0
DB01036,DB11574,0
DB01012,DB12874,0
DB00191,DB12020,0
DB08846,DB01367,0
DB08895,DB01208,0
DB00347,DB01191,1
DB00377,DB04840,1
DB00543,DB09167,1
DB01369,DB01395,1
DB00745,DB08502,0
DB01558,DB12026,1
DB04896,DB06237,1
DB06512,DB12513,0
DB01096,DB11855,1
DB04828,DB09185,1
DB01283,DB09274,0
DB01211,DB01221,1
DB01018,DB08882,1
DB00482,DB00696,1
DB04889,DB09048,1
DB04898,DB11823,1
DB00914,DB01274,1
DB08933,DB01062,0
DB00227,DB12235,1
DB02134,DB02489,1
DB09274,DB00757,0
DB00668,DB04946,1
DB01369,DB12371,1
DB06700,DB09235,1
DB00872,DB08901,1
DB00201,DB01396,0
DB01134,DB13179,1
DB01026,DB09017,1
DB00533,DB01131,1
DB00289,DB09224,1
DB00309,DB01392,0
DB09227,DB01069,0
DB08995,DB06512,0
DB00952,DB01130,0
DB09039,DB11730,1
DB11560,DB12466,0
DB00188,DB09273,1
DB06702,DB06730,0
DB00976,DB09054,1
DB06701,DB04076,0
DB04845,DB00323,0
DB00976,DB09049,1
DB01190,DB09227,1
DB11693,DB00839,0
DB01403,DB05812,1
DB00454,DB12483,1
DB04908,DB06335,0
DB00176,DB12582,0
DB09013,DB00471,0
DB00934,DB00846,0
DB01228,DB00194,0
DB09216,DB09053,0
DB00787,DB09071,1
DB00973,DB01628,0
DB06403,DB12329,0
DB00264,DB01171,1
DB08502,DB13874,1
DB00908,DB01131,1
DB04829,DB06729,1
DB01035,DB11614,1
DB09034,DB12332,1
DB00224,DB11730,1
DB00392,DB05239,0
DB01367,DB11757,1
DB00976,DB04975,1
DB08933,DB09195,0
DB09216,DB00233,0
DB01208,DB00244,0
DB12301,DB00969,0
DB00810,DB00972,1
DB00518,DB01155,1
DB00910,DB09273,0
DB00317,DB01392,1
DB09071,DB11967,1
DB01029,DB04557,1
DB00439,DB00273,0
DB00608,DB00617,1
DB09013,DB08933,0
DB00213,DB11672,1
DB00622,DB08860,1
DB00238,DB06636,1
DB01367,DB00778,0
DB00850,DB01191,1
DB00601,DB01544,0
DB00744,DB09065,1
DB00663,DB11581,1
DB01412,DB04845,1
DB00215,DB00783,1
DB00773,DB11967,1
DB11952,DB01132,0
DB01303,DB09034,0
DB00315,DB00788,1
DB01079,DB11689,1
DB00448,DB06693,0
DB00233,DB00656,0
DB00836,DB06700,1
DB00448,DB01359,1
DB00240,DB01248,0
DB04832,DB06789,1
DB00706,DB00527,0
DB00947,DB12235,0
DB04070,DB11823,0
DB04829,DB04938,1
DB00454,DB00586,1
DB12674,DB07615,0
DB00612,DB13158,0
DB01393,DB06712,1
DB00553,DB04842,0
DB00224,DB09143,1
DB00946,DB00628,0
DB01264,DB05039,1
DB00486,DB04938,1
DB09030,DB09185,1
DB00194,DB04574,0
DB00834,DB01072,1
DB00402,DB06712,1
DB00352,DB00468,0
DB01232,DB06654,1
DB01183,DB01193,0
DB04846,DB09048,1
DB01069,DB05109,1
DB04846,DB04871,1
DB01171,DB11689,1
DB01232,DB12457,1
DB01117,DB08439,1
DB00968,DB01764,0
DB12543,DB00841,0
DB00736,DB02703,1
DB00477,DB06726,1
DB00850,DB12332,1
DB01393,DB06605,1
DB08922,DB09238,1
DB01165,DB01198,0
DB00384,DB12693,0
DB01369,DB00796,0
DB01076,DB01152,1
DB01007,DB04825,0
DB01026,DB01544,1
DB01628,DB11979,1
DB00169,DB00918,1
DB03496,DB09237,0
DB00685,DB08895,0
DB11751,DB04884,0
DB04854,DB11886,0
DB00866,DB12255,0
DB00704,DB04977,0
DB00696,DB00982,1
DB00927,DB04652,0
DB00866,DB01036,1
DB00194,DB00180,0
DB11823,DB11697,0
DB00374,DB11963,1
DB00726,DB09123,0
DB09227,DB12020,0
DB00574,DB01103,0
DB00734,DB08877,0
DB06738,DB01035,0
DB01576,DB11915,1
DB00678,DB06268,1
DB00731,DB01403,1
DB00263,DB11901,0
DB00575,DB00687,0
DB01621,DB06712,1
DB00749,DB04216,1
DB09198,DB00751,0
DB12026,DB01177,0
DB01166,DB06267,1
DB00717,DB12332,1
DB00717,DB01259,1
DB00361,DB11952,1
DB08798,DB00575,0
DB00367,DB01076,1
DB01018,DB06412,0
DB00891,DB08865,0
DB06210,DB09099,0
DB08811,DB00444,0
DB03575,DB01118,0
DB00603,DB00784,1
DB00330,DB06210,1
DB00440,DB01595,0
DB12713,DB04871,0
DB08502,DB11652,1
DB01100,DB09198,1
DB01580,DB00205,0
DB05885,DB00214,0
DB11952,DB00827,0
DB00530,DB00571,1
DB00589,DB00706,1
DB00477,DB04846,1
DB00843,DB04898,1
DB00370,DB01181,1
DB00973,DB00813,0
DB00468,DB00843,1
DB05246,DB06636,1
DB00831,DB01303,1
DB00843,DB06712,1
DB01058,DB06267,1
DB01087,DB05039,1
DB12978,DB12267,0
DB00187,DB04630,0
DB00949,DB13179,1
DB12301,DB00591,0
DB06756,DB12093,0
DB00849,DB01131,1
DB06287,DB09213,0
DB01047,DB00233,0
DB08873,DB00392,0
DB04938,DB06594,1
DB01171,DB13174,1
DB00588,DB12235,1
DB11796,DB11942,0
DB04975,DB09073,0
DB00910,DB01165,0
DB04861,DB11581,1
DB11886,DB06412,0
DB11886,DB00674,0
DB11967,DB01190,0
DB00227,DB00425,1
DB01411,DB00593,0
DB00382,DB00530,1
DB03515,DB11697,0
DB00396,DB01403,1
DB01320,DB06595,1
DB00216,DB04725,1
DB00277,DB00425,1
DB00381,DB09183,0
DB00381,DB11757,1
DB04957,DB00865,0
DB06152,DB00997,0
DB11575,DB00508,0
DB04856,DB00973,0
DB04957,DB01177,0
DB01624,DB08896,1
DB00533,DB04911,1
DB11942,DB09195,0
DB00327,DB09083,0
DB00381,DB00599,1
DB00469,DB01195,1
DB00381,DB01303,0
DB01137,DB01400,0
DB00496,DB08868,0
DB00455,DB00988,0
DB00749,DB12147,1
DB06207,DB09101,1
DB00227,DB01175,1
DB00896,DB04572,0
DB01152,DB01395,1
DB06268,DB08816,1
DB00347,DB00668,1
DB00976,DB01411,1
DB00201,DB00445,0
DB04552,DB00263,0
DB08820,DB00851,0
DB01194,DB01037,0
DB00568,DB00810,1
DB01253,DB00205,0
DB01086,DB06712,1
DB00714,DB08899,1
DB00391,DB09330,0
DB00708,DB11586,0
DB00738,DB01190,1
DB00304,DB00850,0
DB09229,DB00574,0
DB00496,DB01012,1
DB00495,DB11652,1
DB00176,DB06401,0
DB00978,DB11689,1
DB04725,DB01764,0
DB00734,DB01072,1
DB00204,DB00601,0
DB00370,DB01094,1
DB00476,DB06702,1
DB00317,DB13174,1
DB01095,DB12874,1
DB00425,DB11963,1
DB09198,DB00187,0
DB00530,DB06595,1
DB00983,DB00437,0
DB00322,DB00378,0
DB00773,DB00799,0
DB00669,DB00721,1
DB00936,DB00338,0
DB04842,DB01583,0
DB00947,DB03515,0
DB00736,DB06777,0
DB00518,DB01263,1
DB08933,DB09095,0
DB01611,DB09213,1
DB00582,DB11886,1
DB00309,DB00568,0
DB01411,DB09235,0
DB00947,DB00392,0
DB04840,DB00324,0
DB06691,DB00279,0
DB00412,DB09183,1
DB00933,DB01628,1
DB00484,DB08882,0
DB00843,DB00997,1
DB00358,DB01167,1
DB00794,DB08860,1
DB01245,DB12674,0
DB00201,DB01002,1
DB00969,DB09063,1
DB00402,DB09288,1
DB00184,DB09213,0
DB11751,DB00104,0
DB01337,DB00627,0
DB00346,DB12301,0
DB00932,DB01227,1
DB04946,DB09102,1
DB00439,DB00465,1
DB00983,DB12597,1
DB09238,DB00234,0
DB01079,DB01359,1
DB09124,DB00934,0
DB06237,DB00685,0
DB00932,DB01588,1
DB01297,DB06210,0
DB00444,DB00751,0
DB00705,DB08864,1
DB01223,DB06725,0
DB12713,DB00787,0
DB01645,DB09167,1
DB01079,DB04725,1
DB00503,DB01018,1
DB04216,DB12010,0
DB01222,DB01232,1
DB01268,DB01406,1
DB08873,DB09223,1
DB01098,DB01263,1
DB00351,DB00836,0
DB13003,DB00494,0
DB00977,DB08922,1
DB01628,DB04938,1
DB00914,DB09167,1
DB06691,DB00288,0
DB00997,DB04946,1
DB01238,DB08864,1
DB11712,DB09173,0
DB09095,DB00679,0
DB04844,DB01337,0
DB04871,DB06781,0
DB05885,DB00669,0
DB00549,DB01191,0
DB00588,DB11586,1
DB01138,DB00734,0
DB00956,DB11581,1
DB08896,DB08867,0
DB01764,DB01129,0
DB01126,DB01176,0
DB06626,DB00494,0
DB00857,DB00872,1
DB11796,DB01369,0
DB00444,DB01076,1
DB00191,DB01394,0
DB01601,DB06605,1
DB01117,DB09061,1
DB00712,DB01411,1
DB00533,DB00553,1
DB00543,DB01036,1
DB11963,DB06412,0
DB04946,DB11718,1
DB01075,DB01050,0
DB01685,DB06292,0
DB00687,DB01074,0
DB01117,DB00608,0
DB00668,DB00891,0
DB00779,DB06803,0
DB00927,DB01191,1
DB01472,DB00817,0
DB11697,DB00209,0
DB06212,DB11737,0
DB00849,DB12245,1
DB01129,DB01590,0
DB00465,DB01041,1
DB00201,DB01072,1
DB08807,DB06228,0
DB00289,DB06512,1
DB01248,DB12235,1
DB04832,DB11613,1
DB00836,DB04725,1
DB09227,DB00240,0
DB00531,DB05271,0
DB00615,DB00377,0
DB00195,DB06691,1
DB00169,DB00603,0
DB00678,DB00891,1
DB05885,DB01208,0
DB01065,DB01645,1
DB09173,DB06237,0
DB00202,DB00288,0
DB11915,DB09239,0
DB01253,DB04630,0
DB00213,DB11730,1
DB06678,DB04825,0
DB01208,DB00508,0
DB08995,DB00279,0
DB00322,DB00969,1
DB00425,DB00951,1
DB04977,DB00264,0
DB00582,DB03783,1
DB11614,DB00201,0
DB04957,DB00338,0
DB00266,DB01028,1
DB05990,DB00437,0
DB00851,DB01623,1
DB09195,DB13874,1
DB00425,DB00846,0
DB00956,DB00495,0
DB00194,DB01252,0
DB00104,DB00700,0
DB00495,DB08798,1
DB00706,DB11672,1
DB01074,DB00563,0
DB00794,DB01152,0
DB01254,DB04889,1
DB08933,DB08922,0
DB00663,DB01072,1
DB00277,DB00629,1
DB01166,DB01576,1
DB00193,DB08903,0
DB00568,DB12693,1
DB08868,DB01214,0
DB00343,DB06789,1
DB01194,DB00841,0
DB00351,DB11575,0
DB00906,DB13783,0
DB00425,DB00810,1
DB00501,DB09195,1
DB08875,DB00518,0
DB00580,DB12005,1
DB06605,DB12267,1
DB08815,DB00806,0
DB01059,DB00307,0
DB12267,DB00539,0
DB00351,DB09297,0
DB00202,DB04854,0
DB01069,DB04855,1
DB01403,DB09048,1
DB00482,DB11757,1
DB09030,DB00234,0
DB01211,DB11886,1
DB05814,DB08903,0
DB00487,DB00677,0
DB04884,DB11718,1
DB09166,DB01261,0
DB00598,DB08901,1
DB01076,DB08502,1
DB06678,DB04725,0
DB00490,DB12332,1
DB09083,DB00202,0
DB00204,DB00976,1
DB05294,DB00209,0
DB03701,DB13874,0
DB00936,DB12466,0
DB09049,DB00642,0
DB12245,DB00253,0
DB00757,DB01026,1
DB00433,DB00861,0
DB12020,DB00593,0
DB06777,DB00599,0
DB02134,DB00711,0
DB00501,DB00557,1
DB11855,DB01165,0
DB00862,DB04894,1
DB01645,DB04356,1
DB06739,DB00261,0
DB11943,DB09173,0
DB09048,DB11978,1
DB00277,DB00571,1
DB04839,DB01190,0
DB00234,DB03783,1
DB00455,DB00381,0
DB01221,DB06287,0
DB00266,DB08865,0
DB00845,DB00163,0
DB00444,DB06730,1
DB00642,DB09198,1
DB01577,DB04911,1
DB06712,DB09065,1
DB09299,DB01708,0
DB00467,DB02134,1
DB09327,DB05885,0
DB00361,DB00518,1
DB00367,DB12332,1
DB01227,DB01406,1
DB00590,DB00623,1
DB00589,DB00250,0
DB00851,DB01028,0
DB00320,DB08502,0
DB00238,DB01261,0
DB01074,DB04840,1
DB04794,DB08910,1
DB00401,DB01259,1
DB06726,DB01098,0
DB00617,DB00337,0
DB06412,DB01228,0
DB00932,DB09555,1
DB00266,DB02134,0
DB00209,DB01168,0
DB04896,DB06218,1
DB00904,DB11679,1
DB00762,DB06287,1
DB09073,DB11619,0
DB00608,DB11689,1
DB01131,DB04854,0
DB00518,DB00749,0
DB06228,DB00433,0
DB00499,DB01114,1
DB00675,DB06702,1
DB01221,DB00827,0
DB08867,DB00827,0
DB00959,DB09224,0
DB00533,DB01623,1
DB01217,DB04630,0
DB00330,DB00575,1
DB00440,DB00758,1
DB01104,DB06712,1
DB00248,DB05154,1
DB01131,DB00753,0
DB00773,DB01233,1
DB01074,DB09297,0
DB00163,DB09102,0
DB00966,DB01588,0
DB00465,DB05154,0
DB01319,DB00539,0
DB08808,DB00663,0
DB04665,DB08865,0
DB08931,DB01044,0
DB12874,DB00233,0
DB00661,DB01155,1
DB11613,DB00330,0
DB00379,DB11718,1
DB00499,DB06726,0
DB06152,DB09183,0
DB00953,DB05812,0
DB00188,DB00494,1
DB01236,DB01274,1
DB00496,DB00574,1
DB00288,DB00266,0
DB00490,DB01764,0
DB04557,DB06268,1
DB01259,DB00623,0
DB01095,DB01132,1
DB00677,DB00294,0
DB00352,DB01174,0
DB01590,DB09048,1
DB04835,DB00934,0
DB00304,DB00936,1
DB00208,DB00863,1
DB06781,DB05271,0
DB01359,DB00495,0
DB00706,DB00757,1
DB01337,DB09013,0
DB01171,DB01222,0
DB00740,DB09238,0
DB00976,DB06738,1
DB12457,DB00788,0
DB09123,DB00367,0
DB04216,DB00180,0
DB00501,DB01472,1
DB00266,DB00927,0
DB01191,DB04844,1
DB00394,DB06741,0
DB04829,DB11718,1
DB00839,DB11963,1
DB00784,DB00933,0
DB00627,DB00918,1
DB00857,DB00186,0
DB00194,DB00672,0
DB00476,DB01611,1
DB00866,DB11672,1
DB00392,DB00998,0
DB11718,DB01222,0
DB03783,DB09290,1
DB04630,DB00228,0
DB00227,DB01079,1
DB08860,DB04871,0
DB00238,DB00636,1
DB00528,DB11682,0
DB00796,DB01210,0
DB00817,DB01065,1
DB00499,DB00730,1
DB00528,DB00356,0
DB08896,DB13919,1
DB09236,DB00741,0
DB04552,DB00721,0
DB01588,DB12301,0
DB00834,DB04856,1
DB05239,DB11581,1
DB01100,DB11886,1
DB00997,DB01708,0
DB00599,DB00191,0
DB00788,DB01130,0
DB00214,DB09063,1
DB01036,DB06726,1
DB00173,DB05294,0
DB00490,DB00530,1
DB00891,DB03756,1
DB00439,DB00490,1
DB00977,DB08804,0
DB00696,DB00862,1
DB08895,DB12693,0
DB00484,DB04552,0
DB00819,DB01076,1
DB00972,DB12483,1
DB08867,DB11730,1
DB00472,DB01395,1
DB01039,DB11986,1
DB00846,DB01193,0
DB01242,DB09071,1
DB09555,DB13179,1
DB11817,DB01173,0
DB00240,DB00394,0
DB04977,DB00546,0
DB00976,DB01392,1
DB01076,DB00494,0
DB00608,DB00865,0
DB00918,DB09296,1
DB00297,DB01013,0
DB01409,DB00352,0
DB00582,DB00776,1
DB09204,DB08873,0
DB00582,DB01069,1
DB00603,DB06725,1
DB00555,DB00448,0
DB00591,DB00209,0
DB01396,DB01624,1
DB00264,DB01208,0
DB00396,DB06803,1
DB00494,DB09273,0
DB00365,DB00924,1
DB00704,DB01406,0
DB00202,DB03756,0
DB00741,DB06267,1
DB00518,DB11979,0
DB08933,DB04920,0
DB12674,DB01131,0
DB00216,DB02703,1
DB09073,DB09099,1
DB04975,DB01355,0
DB00705,DB01171,1
DB00343,DB09225,1
DB09090,DB04911,0
DB06691,DB00936,0
DB00973,DB04856,0
DB03575,DB08798,0
DB00240,DB01242,0
DB01026,DB09195,1
DB01181,DB11689,1
DB00315,DB06626,1
DB01583,DB13179,1
DB09030,DB12543,0
DB01076,DB04794,1
DB00425,DB03496,0
DB00674,DB12332,1
DB00741,DB11560,0
DB00343,DB00546,1
DB04839,DB00487,0
DB00563,DB08882,1
DB00947,DB11963,1
DB04861,DB09123,0
DB00494,DB00253,0
DB01223,DB06148,1
DB09013,DB09061,0
DB00553,DB01086,1
DB00932,DB04908,1
DB00422,DB09166,0
DB00268,DB01117,0
DB00932,DB11979,1
DB05814,DB04846,0
DB00897,DB12267,0
DB00250,DB00317,1
DB04975,DB04898,0
DB06144,DB06414,0
DB01192,DB09185,1
DB05990,DB00706,0
DB01035,DB12161,1
DB00553,DB00983,1
DB00546,DB00668,0
DB02709,DB11791,0
DB00914,DB09288,1
DB00334,DB04938,1
DB00862,DB01067,1
DB11730,DB11986,1
DB00968,DB06144,0
DB00263,DB06803,1
DB00250,DB00799,1
DB08877,DB11614,1
DB08918,DB12245,0
DB01087,DB09090,1
DB00877,DB06512,0
DB01357,DB08896,1
DB00187,DB01590,1
DB00104,DB06702,0
DB00983,DB06512,1
DB00857,DB09053,1
DB00384,DB00619,1
DB08881,DB13179,1
DB00361,DB01764,1
DB01384,DB01388,0
DB01096,DB12693,0
DB04841,DB06636,1
DB00499,DB00531,1
DB06595,DB09555,1
DB00598,DB00737,1
DB00586,DB11986,0
DB06774,DB08815,0
DB04854,DB00959,0
DB00983,DB04841,1
DB01274,DB11712,0
DB06605,DB01559,0
DB11712,DB04844,0
DB00227,DB06730,1
DB00195,DB04871,1
DB01062,DB09167,1
DB00333,DB01190,1
DB06148,DB06603,1
DB04840,DB06789,0
DB00425,DB00571,1
DB00814,DB03783,1
DB04896,DB05294,1
DB00255,DB00951,1
DB00897,DB04938,0
DB01177,DB04856,1
DB04975,DB06729,1
DB01002,DB00912,0
DB00817,DB00911,0
DB00568,DB00711,0
DB00623,DB00932,1
DB00315,DB12332,1
DB06207,DB01132,0
DB01104,DB08864,1
DB00841,DB00737,0
DB00539,DB09053,0
DB00518,DB00582,1
DB02489,DB08439,0
DB00864,DB01238,1
DB00370,DB00563,1
DB00378,DB00528,0
DB00730,DB09073,0
DB00333,DB00668,1
DB11672,DB01194,0
DB00603,DB09185,1
DB08864,DB11915,1
DB00738,DB06626,1
DB00396,DB09013,0
DB00621,DB01075,1
DB01245,DB09235,0
DB00185,DB08873,1
DB12141,DB06803,0
DB01393,DB04855,1
DB01544,DB04854,1
DB12184,DB02187,0
DB00972,DB01656,1
DB01198,DB09063,1
DB09185,DB09204,1
DB00530,DB06729,1
DB01297,DB00553,0
DB00787,DB00949,0
DB00208,DB00471,1
DB05271,DB13174,1
DB01096,DB06739,0
DB00465,DB08860,1
DB03515,DB08867,0
DB00571,DB01065,1
DB00788,DB09241,1
DB00817,DB09124,0
DB00409,DB00503,1
DB01236,DB04975,1
DB00947,DB01142,0
DB04557,DB04652,0
DB00834,DB01400,0
DB00749,DB01411,1
DB12457,DB00395,0
DB00740,DB01210,0
DB02703,DB04861,1
DB11575,DB00169,0
DB06781,DB01035,0
DB06738,DB06695,0
DB00309,DB00622,1
DB04574,DB07615,1
DB00243,DB01264,1
DB00490,DB11689,1
DB09124,DB11652,1
DB01103,DB00316,0
DB00599,DB12597,1
DB00851,DB00924,1
DB04856,DB12161,1
DB00471,DB02489,0
DB06695,DB00557,0
DB00188,DB05246,1
DB00758,DB08864,1
DB11951,DB06781,0
DB01048,DB00846,0
DB00705,DB00865,1
DB00656,DB12130,1
DB00496,DB01173,1
DB00186,DB00270,1
DB01558,DB04574,1
DB01087,DB06726,1
DB00185,DB09183,1
DB00471,DB11730,1
DB01394,DB02489,0
DB12874,DB01628,0
DB00487,DB00972,1
DB04574,DB05708,1
DB00193,DB01008,0
DB11672,DB11901,1
DB01248,DB13179,1
DB00307,DB04957,0
DB00250,DB00309,0
DB00220,DB01412,0
DB00806,DB01242,1
DB12471,DB13174,0
DB06789,DB11951,1
DB00477,DB01079,1
DB06730,DB08910,0
DB01261,DB13919,1
DB04889,DB08807,1
DB00959,DB01228,0
DB00574,DB00817,1
DB06267,DB06605,1
DB00674,DB01037,1
DB11718,DB06654,0
DB07615,DB00628,0
DB00253,DB06412,0
DB01406,DB09083,1
DB01095,DB01392,1
DB01097,DB11995,1
DB00758,DB00968,0
DB01195,DB01764,0
DB00233,DB00496,0
DB06817,DB12978,1
DB01059,DB11828,0
DB01074,DB00394,0
DB00356,DB00495,1
DB00934,DB01118,1
DB00215,DB00248,1
DB00367,DB00320,0
DB06201,DB01032,0
DB00586,DB11718,1
DB12235,DB01667,0
DB00978,DB01058,1
DB00589,DB05219,0
DB00409,DB00863,1
DB04884,DB11979,1
DB00346,DB00752,1
DB08896,DB00557,0
DB00779,DB01254,1
DB12184,DB03515,0
DB00204,DB12278,0
DB00846,DB00908,0
DB00412,DB01096,0
DB00784,DB06789,0
DB09389,DB00288,0
DB00568,DB04725,1
DB09101,DB04216,0
DB00370,DB00675,1
DB01367,DB12612,0
DB00814,DB12471,0
DB00627,DB00656,1
DB01152,DB09039,1
DB00555,DB08912,1
DB01174,DB01411,1
DB00224,DB00888,0
DB01259,DB06203,0
DB00316,DB00927,1
DB00476,DB08901,1
DB00238,DB01191,1
DB00205,DB00712,0
DB00238,DB01059,0
DB04871,DB06712,1
DB04828,DB08895,0
DB00571,DB01181,1
DB00384,DB01136,1
DB08439,DB12674,0
DB01054,DB03575,0
DB00528,DB00872,1
DB01595,DB00448,0
DB01117,DB06412,0
DB01126,DB01388,1
DB00243,DB01223,1
DB00846,DB00187,0
DB00482,DB04946,1
DB00736,DB01601,1
DB00601,DB12147,0
DB01028,DB01067,1
DB00224,DB01609,1
DB00188,DB06148,1
DB01228,DB01410,1
DB00642,DB02703,0
DB00934,DB01062,1
DB01065,DB11855,0
DB13003,DB01174,0
DB09204,DB08873,0
DB06654,DB00213,0
DB00264,DB00255,0
DB00629,DB00758,1
DB00783,DB04216,1
DB00330,DB12267,1
DB00244,DB00205,0
DB01234,DB00273,0
DB00334,DB00945,1
DB11963,DB01130,0
DB01211,DB01409,1
DB01320,DB08865,1
DB00891,DB00591,0
DB00118,DB00559,0
DB00953,DB00674,0
DB00906,DB12978,1
DB04908,DB11691,0
DB01297,DB00327,0
DB01036,DB06512,1
DB01058,DB09237,1
DB00177,DB12319,1
DB08808,DB08864,1
DB08860,DB09280,1
DB01369,DB09071,1
DB00539,DB01007,0
DB01395,DB01393,0
DB06781,DB00655,0
DB12278,DB05154,0
DB04856,DB01007,0
DB00496,DB00266,0
DB00845,DB01234,1
DB12184,DB04574,0
DB06817,DB00370,0
DB00857,DB06605,1
DB00966,DB00850,0
DB01167,DB06152,1
DB00952,DB12874,0
DB00475,DB05885,0
DB11942,DB06201,0
DB05541,DB00724,0
DB00724,DB00489,0
DB12466,DB11691,0
DB08868,DB12001,0
DB00530,DB11613,1
DB00969,DB01167,1
DB09065,DB12332,1
DB00320,DB00805,1
DB08907,DB09101,1
DB00704,DB01155,0
DB00530,DB01394,1
DB00240,DB06626,0
DB01171,DB12332,1
DB00603,DB11689,1
DB00379,DB00642,1
DB01097,DB06729,1
DB11921,DB00568,0
DB01044,DB08807,0
DB00439,DB00738,1
DB11730,DB00118,0
DB00370,DB00806,1
DB00330,DB08882,1
DB04894,DB01175,0
DB00454,DB01131,0
DB00627,DB01210,0
DB06605,DB11581,1
DB00764,DB09183,1
DB03515,DB01007,0
DB11672,DB12245,1
DB00617,DB00936,1
DB07615,DB00993,0
DB00601,DB00487,0
DB00409,DB11796,0
DB09224,DB05154,0
DB09124,DB01198,0
DB00185,DB08865,1
DB01050,DB08896,1
DB01263,DB08893,1
DB09124,DB00615,0
DB00335,DB03515,0
DB00185,DB01369,0
DB01152,DB01303,1
DB00396,DB08896,1
DB00706,DB09034,0
DB00195,DB01217,0
DB04920,DB11652,1
DB01117,DB00255,0
DB12582,DB05219,0
DB01392,DB01048,0
DB00401,DB11921,0
DB00395,DB04552,0
DB00554,DB12218,0
DB00486,DB13874,1
DB00628,DB01211,1
DB01263,DB06726,0
DB11697,DB00465,0
DB00468,DB00482,1
DB01405,DB01583,0
DB00324,DB04076,0
DB01388,DB11737,1
DB00563,DB01087,1
DB00381,DB00440,1
DB12093,DB01130,0
DB01167,DB13003,1
DB00422,DB08896,0
DB00228,DB01357,0
DB09034,DB00365,0
DB00188,DB00482,1
DB05814,DB09039,1
DB01074,DB04911,1
DB01223,DB05109,1
DB03701,DB08811,0
DB06268,DB06729,1
DB00969,DB01274,1
DB01132,DB01097,0
DB00193,DB01118,1
DB00346,DB09099,1
DB00268,DB04975,0
DB06268,DB08798,1
DB04794,DB12235,1
DB00575,DB00810,1
DB00708,DB01601,1
DB06654,DB08798,0
DB00317,DB09048,1
DB00214,DB06726,0
DB01233,DB04845,0
DB09101,DB00711,0
DB08816,DB09071,1
DB06292,DB01194,0
DB01590,DB11915,1
DB08922,DB09143,0
DB00187,DB01403,1
DB11682,DB12010,0
DB00330,DB00629,1
DB09167,DB01138,0
DB00209,DB04630,0
DB00503,DB09204,1
DB00598,DB01544,1
DB00396,DB01193,1
DB00220,DB00663,1
DB04845,DB11619,0
DB09048,DB00787,0
DB09128,DB11915,1
DB00724,DB09330,0
DB01118,DB04630,1
DB00933,DB11837,1
DB00475,DB01208,0
DB05812,DB06712,1
DB04794,DB12319,0
DB08815,DB13158,0
DB00396,DB08798,1
DB00776,DB09198,0
DB00872,DB01263,1
DB01248,DB00209,0
DB00379,DB06287,1
DB05814,DB00574,0
DB00176,DB06207,1
DB09061,DB01380,0
DB08875,DB08995,1
DB08439,DB00933,0
DB01400,DB12184,0
DB00932,DB09173,1
DB00738,DB01100,1
DB01050,DB13879,1
DB12010,DB09124,0
DB06152,DB00694,0
DB00346,DB00678,1
DB01114,DB01190,1
DB06603,DB12319,0
DB00304,DB01263,1
DB01054,DB01192,0
DB00322,DB11679,1
DB01410,DB00802,0
DB00744,DB09048,1
DB08811,DB05294,0
DB01166,DB11963,1
DB00546,DB09183,0
DB00381,DB00784,1
DB00270,DB00843,1
DB01044,DB01065,1
DB01576,DB00946,0
DB06403,DB01032,0
DB00696,DB06335,1
DB00749,DB13874,1
DB09083,DB00414,0
DB00176,DB00877,1
DB00636,DB05039,0
DB06603,DB09099,1
DB09232,DB01254,0
DB00783,DB01136,1
DB00495,DB09198,1
DB01028,DB09053,1
DB04844,DB11753,0
DB00289,DB00891,0
DB00705,DB01177,1
DB00695,DB09034,0
DB08895,DB09238,1
DB00484,DB01400,0
DB00338,DB00623,0
DB05885,DB04835,0
DB00468,DB00642,1
DB00741,DB04908,0
DB01409,DB06292,0
DB04794,DB11952,1
DB00104,DB13878,0
DB06701,DB00304,0
DB08880,DB06702,0
DB00238,DB00589,1
DB09223,DB00827,0
DB00956,DB00711,0
DB01621,DB00201,0
DB01645,DB06729,0
DB04898,DB08865,0
DB00599,DB03783,0
DB01094,DB00700,0
DB00891,DB06414,1
DB00582,DB11796,1
DB00322,DB01544,1
DB00972,DB12978,0
DB00851,DB01117,0
DB01098,DB09238,1
DB00277,DB11672,1
DB00849,DB00194,0
DB00448,DB00672,1
DB04946,DB11581,1
DB00553,DB01065,1
DB01577,DB11963,1
DB00549,DB01394,1
DB03010,DB09039,1
DB02789,DB00787,0
DB00546,DB01076,0
DB00193,DB13874,1
DB00751,DB12001,0
DB00904,DB01032,1
DB04841,DB13174,1
DB00439,DB07615,1
DB00982,DB13179,1
DB00187,DB00792,1
DB00582,DB00494,0
DB01297,DB00620,0
DB01054,DB11730,1
DB08815,DB01656,0
DB04725,DB09183,1
DB00486,DB00672,1
DB00365,DB09071,1
DB11986,DB06412,0
DB04552,DB12329,0
DB00983,DB04911,1
DB00414,DB06738,1
DB00543,DB06777,0
DB06678,DB08995,0
DB01193,DB11712,0
DB05039,DB13179,1
DB00227,DB00752,1
DB00469,DB01583,0
DB00966,DB12245,1
DB00591,DB00177,0
DB00378,DB00711,0
DB00187,DB00234,1
DB08895,DB00233,0
DB01138,DB01588,0
DB00370,DB00784,1
DB03010,DB01165,0
DB00623,DB08899,0
DB08864,DB09198,1
DB00947,DB01264,0
DB00753,DB00253,0
DB00455,DB09227,1
DB00910,DB09290,0
DB06207,DB09173,0
DB00862,DB00294,0
DB00330,DB05109,1
DB11718,DB02789,0
DB00814,DB00834,1
DB00927,DB01303,1
DB00333,DB09102,0
DB00518,DB00736,1
DB08995,DB00557,0
DB04894,DB01195,0
DB00977,DB01224,1
DB06152,DB00531,0
DB00204,DB01369,1
DB00346,DB01173,1
DB00471,DB05812,1
DB00338,DB00661,0
DB00444,DB09288,1
DB00818,DB01395,1
DB01588,DB00467,0
DB01193,DB06691,1
DB00820,DB01165,0
DB09213,DB12245,1
DB00378,DB01319,0
DB01263,DB06287,1
DB00734,DB09297,1
DB00904,DB09173,1
DB11995,DB13179,1
DB00820,DB00977,1
DB04938,DB00422,0
DB00619,DB09238,1
DB00214,DB11613,1
DB00377,DB00661,1
DB00195,DB09290,1
DB06268,DB00914,0
DB00215,DB01134,0
DB00553,DB01142,1
DB00675,DB00936,1
DB00327,DB00857,1
DB00570,DB08808,1
DB00477,DB04356,1
DB06237,DB13179,1
DB01242,DB04356,1
DB00328,DB09183,1
DB05885,DB02709,0
DB00745,DB00783,1
DB00531,DB04946,1
DB00575,DB06595,1
DB00468,DB04861,1
DB08820,DB00927,0
DB00501,DB04898,1
DB06144,DB09238,1
DB00918,DB01131,1
DB00818,DB06207,0
DB00909,DB08901,1
DB00947,DB09099,0
DB06077,DB04856,0
DB03515,DB04832,1
DB01601,DB05812,1
DB00208,DB06594,1
DB00860,DB04076,0
DB01297,DB01403,1
DB00834,DB09185,1
DB01175,DB09227,1
DB04838,DB00764,0
DB00788,DB02187,0
DB00487,DB12332,1
DB08846,DB01036,0
DB01369,DB00240,0
DB00224,DB09173,0
DB04957,DB00998,0
DB11679,DB12371,1
DB00490,DB00857,1
DB00836,DB01041,0
DB00440,DB00603,1
DB09079,DB09297,1
DB00678,DB12010,1
DB00603,DB01406,1
DB00845,DB00897,1
DB00914,DB09061,1
DB04356,DB06626,1
DB00455,DB00338,0
DB01176,DB11574,0
DB06287,DB09238,1
DB00784,DB01174,1
DB09173,DB01222,0
DB01588,DB00724,0
DB00530,DB11689,1
DB01181,DB01369,1
DB00951,DB04884,1
DB00582,DB09299,1
DB00734,DB00976,1
DB11737,DB00818,0
DB01764,DB01228,0
DB01100,DB00214,0
DB00846,DB05109,0
DB01601,DB04889,0
DB00338,DB06741,0
DB01411,DB11581,1
DB11943,DB01201,0
DB00395,DB06401,0
DB00193,DB03010,1
DB00361,DB00805,1
DB00976,DB03701,1
DB01118,DB11817,1
DB00487,DB01195,1
DB00877,DB09099,1
DB00721,DB00745,0
DB01171,DB04977,0
DB01238,DB06603,1
DB00988,DB00346,0
DB00730,DB05039,0
DB09128,DB01103,0
DB08877,DB06403,0
DB06077,DB09389,0
DB01577,DB02703,1
DB01036,DB01037,1
DB00433,DB09048,1
DB00598,DB04794,0
DB00877,DB04076,1
DB00412,DB08901,1
DB03496,DB00215,0
DB02703,DB12874,1
DB01217,DB12278,0
DB00997,DB06148,1
DB04957,DB05109,0
DB01035,DB00677,0
DB00409,DB00758,0
DB05708,DB01176,0
DB09227,DB12130,1
DB00250,DB09102,1
DB01131,DB06228,0
DB08811,DB00773,0
DB00324,DB00214,0
DB01252,DB00863,0
DB00465,DB01645,1
DB00863,DB01623,1
DB00783,DB06210,1
DB00214,DB13874,1
DB01176,DB00872,0
DB09048,DB09198,1
DB01012,DB09173,1
DB00255,DB01166,1
DB00623,DB04356,0
DB00476,DB01096,1
DB00277,DB01095,1
DB08903,DB00163,0
DB00749,DB00951,1
DB06605,DB12184,0
DB08903,DB00776,0
DB00468,DB01177,1
DB01050,DB01114,0
DB04844,DB08895,0
DB04829,DB09555,1
DB11679,DB06203,0
DB01087,DB04841,1
DB00906,DB11689,0
DB00356,DB00696,1
DB08827,DB09195,0
DB08882,DB09065,1
DB00696,DB01190,1
DB01029,DB01104,1
DB00499,DB01176,0
DB00836,DB03496,0
DB00784,DB06148,1
DB00448,DB09101,1
DB00263,DB11823,1
DB06626,DB04825,0
DB00270,DB01319,1
DB06210,DB00570,0
DB01026,DB09034,1
DB00191,DB08880,0
DB01583,DB01587,0
DB00697,DB01059,1
DB01075,DB08807,1
DB12978,DB00589,0
DB00787,DB01086,1
DB01394,DB00484,0
DB13879,DB01166,0
DB01142,DB06712,1
DB06739,DB00952,0
DB08882,DB09124,1
DB01264,DB06237,1
DB00188,DB12471,0
DB01418,DB00836,0
DB00539,DB00603,0
DB00307,DB05541,1
DB01221,DB06739,1
DB00897,DB06730,1
DB00240,DB08846,0
DB00726,DB06712,1
DB00322,DB01067,1
DB00268,DB01409,0
DB01233,DB09291,1
DB00361,DB06700,1
DB13783,DB06144,0
DB01014,DB00508,0
DB00499,DB01166,1
DB00706,DB01013,0
DB09030,DB12332,1
DB00277,DB00904,1
DB08895,DB00685,0
DB00695,DB01201,0
DB08907,DB01176,0
DB08867,DB01261,0
DB00379,DB08922,1
DB01337,DB11817,0
DB04794,DB00353,0
DB00668,DB00933,0
DB00309,DB01136,0
DB00163,DB09238,0
DB00530,DB06218,1
DB00187,DB06203,1
DB04572,DB11613,1
DB00204,DB00642,0
DB01357,DB01134,0
DB00860,DB00796,0
DB06817,DB00330,0
DB01069,DB03756,1
DB04842,DB01177,0
DB00796,DB09327,0
DB06218,DB11828,1
DB00337,DB01623,0
DB06626,DB08865,1
DB01380,DB01142,0
DB00717,DB01238,1
DB00353,DB01319,0
DB00731,DB00757,1
DB00642,DB12693,0
DB00334,DB01667,1
DB01062,DB01232,1
DB11691,DB01193,0
DB01223,DB01259,1
DB00805,DB04835,0
DB00956,DB12161,0
DB00250,DB06403,1
DB01319,DB12026,0
DB01058,DB09049,0
DB04871,DB11979,1
DB00195,DB12161,1
DB08899,DB09296,1
DB00377,DB11730,1
DB00908,DB08880,0
DB00850,DB09291,1
DB06678,DB01222,0
DB00927,DB01012,1
DB00608,DB05271,1
DB01008,DB01100,1
DB00304,DB12319,1
DB00972,DB01029,1
DB00949,DB06803,1
DB00620,DB01173,0
DB00714,DB00877,1
DB00187,DB01222,0
DB00482,DB11679,1
DB00440,DB11613,1
DB09389,DB01195,0
DB08873,DB09039,1
DB08873,DB12267,1
DB01087,DB06817,0
DB03783,DB01208,0
DB00570,DB01026,1
DB05271,DB08882,1
DB00490,DB00568,1
DB00896,DB08865,0
DB09198,DB12483,0
DB00574,DB00773,1
DB00839,DB06218,1
DB00467,DB11689,1
DB00191,DB12887,0
DB02789,DB00557,0
DB00598,DB00367,0
DB00642,DB00972,1
DB01087,DB08808,1
DB01100,DB09073,1
DB05812,DB00668,0
DB04977,DB00508,0
DB00738,DB04889,1
DB01297,DB06401,0
DB12005,DB04835,0
DB00528,DB01026,1
DB00374,DB00501,1
DB00960,DB11672,1
DB00468,DB08901,1
DB00294,DB11967,0
DB01764,DB01138,0
DB00255,DB00370,0
DB12887,DB00234,0
DB00238,DB08808,1
DB00401,DB01254,1
DB09143,DB06729,0
DB00227,DB06654,1
DB06636,DB09204,1
DB09049,DB00580,0
DB01098,DB00388,0
DB12005,DB12543,0
DB01253,DB08865,1
DB00213,DB03515,0
DB01228,DB06702,1
DB06401,DB01580,0
DB00834,DB03783,1
DB05708,DB09124,0
DB00744,DB09238,1
DB00195,DB00330,1
DB00947,DB06282,0
DB09039,DB09235,1
DB01708,DB00402,0
DB00264,DB00741,0
DB03783,DB06287,1
DB00960,DB00741,0
DB00471,DB06419,0
DB00437,DB01591,0
DB01275,DB06777,0
DB00911,DB04854,0
DB00250,DB00347,1
DB08875,DB01295,0
DB01217,DB11886,0
DB00361,DB01095,1
DB00384,DB00924,1
DB01028,DB05109,1
DB00586,DB01131,1
DB00575,DB00672,0
DB00924,DB01191,1
DB02703,DB04957,1
DB01183,DB01190,0
DB00695,DB06781,0
DB00266,DB11586,1
DB00338,DB06739,1
DB00590,DB04871,1
DB00589,DB13874,1
DB00261,DB00315,1
DB09049,DB00952,0
DB00678,DB00717,1
DB00304,DB00333,1
DB00205,DB00642,0
DB01590,DB08895,1
DB00799,DB08502,1
DB04572,DB06700,1
DB00440,DB09101,1
DB00730,DB11753,1
DB00543,DB01195,1
DB00717,DB06603,1
DB00619,DB11951,1
DB00636,DB00330,0
DB00363,DB09297,1
DB01117,DB00966,0
DB09235,DB00972,0
DB00228,DB08995,1
DB00717,DB05814,1
DB01029,DB09280,1
DB00817,DB01029,0
DB01117,DB00627,0
DB01054,DB09065,1
DB01764,DB00546,0
DB00264,DB04884,1
DB08880,DB08922,1
DB01118,DB11942,1
DB00377,DB06626,0
DB04898,DB00906,0
DB12713,DB09034,0
DB00983,DB01320,1
DB00669,DB04977,0
DB00672,DB11614,1
DB12093,DB13878,0
DB01252,DB11952,0
DB01367,DB00910,0
DB00370,DB04076,1
DB04070,DB01048,0
DB00861,DB00983,1
DB12184,DB08502,0
DB00334,DB08899,1
DB01357,DB08922,1
DB01183,DB01007,0
DB01190,DB01259,1
DB00850,DB00322,0
DB00234,DB01248,0
DB00993,DB00714,0
DB00361,DB00850,1
DB00661,DB08815,1
DB00169,DB01583,0
DB01406,DB06636,1
DB00444,DB00972,1
DB00749,DB03783,1
DB11791,DB01200,0
DB00582,DB08910,1
DB12218,DB00571,0
DB06605,DB09143,0
DB06777,DB00752,0
DB00860,DB00546,0
DB09083,DB00209,0
DB00738,DB06605,1
DB00401,DB11586,1
DB01236,DB11613,1
DB00636,DB01232,1
DB04838,DB11697,0
DB13879,DB00532,0
DB00238,DB00623,1
DB00176,DB06218,1
DB09213,DB11679,1
DB00802,DB01100,1
DB00490,DB00951,1
DB11586,DB09290,0
DB00813,DB08933,0
DB04828,DB08873,1
DB00384,DB04977,0
DB00358,DB00307,0
DB01217,DB06605,1
DB01065,DB04574,1
DB05541,DB08882,1
DB01623,DB12130,0
DB00972,DB06626,1
DB00501,DB13919,1
DB00294,DB00370,0
DB00836,DB05990,0
DB04898,DB00395,0
DB01183,DB00805,0
DB04938,DB00998,0
DB01086,DB01409,1
DB00532,DB01254,1
DB01211,DB01233,1
DB00672,DB11753,1
DB00575,DB00194,0
DB13158,DB00188,0
DB01595,DB00663,0
DB00588,DB00857,1
DB01131,DB04920,1
DB00672,DB08995,1
DB01418,DB02489,1
DB01087,DB01173,1
DB09224,DB00687,0
DB11737,DB00381,0
DB05246,DB09198,1
DB01380,DB12543,0
DB00317,DB11652,1
DB00402,DB00796,1
DB00906,DB09296,1
DB05814,DB11978,0
DB00914,DB01062,1
DB01393,DB01012,0
DB00976,DB06603,1
DB00195,DB00675,1
DB06712,DB11963,1
DB09124,DB09555,0
DB00753,DB00857,0
DB01232,DB09227,1
DB00220,DB04835,1
DB01208,DB09273,1
DB11560,DB11753,1
DB00187,DB01068,0
DB04832,DB04838,1
DB01190,DB11652,1
DB12301,DB06218,0
DB00487,DB00697,1
DB00216,DB06595,1
DB00233,DB00628,0
DB00484,DB00503,0
DB00708,DB09095,0
DB00335,DB13174,1
DB00476,DB12612,0
DB08811,DB09049,0
DB00813,DB01667,0
DB12597,DB06789,0
DB01067,DB06738,1
DB00195,DB11691,0
DB00315,DB04898,0
DB00623,DB06268,0
DB04356,DB00705,0
DB00495,DB01274,1
DB01274,DB09048,1
DB00697,DB00279,0
DB01193,DB12332,1
DB00862,DB01190,1
DB00563,DB00582,1
DB00586,DB01026,1
DB00468,DB09238,1
DB01103,DB01166,1
DB00374,DB00622,1
DB00629,DB11672,1
DB00574,DB11613,1
DB01131,DB11979,1
DB00796,DB00843,1
DB01248,DB06218,1
DB00248,DB09071,1
DB11693,DB00414,0
DB00347,DB01026,1
DB08827,DB12141,1
DB00933,DB00820,0
DB00549,DB09299,1
DB00663,DB11682,0
DB01601,DB06595,1
DB09143,DB00177,0
DB00263,DB01181,1
DB01165,DB06803,0
DB08882,DB11817,1
DB01259,DB13919,1
DB06403,DB12235,0
DB00685,DB04356,1
DB02709,DB00677,0
DB00208,DB01065,1
DB09274,DB00370,0
DB00564,DB00705,1
DB01130,DB00749,0
DB01076,DB01254,1
DB05219,DB04856,0
DB00568,DB06595,1
DB00444,DB09048,1
DB00377,DB01096,1
DB11581,DB11817,1
DB00559,DB01559,0
DB00897,DB02703,1
DB00946,DB13879,1
DB00378,DB03701,0
DB00188,DB12693,1
DB00395,DB06605,1
DB00277,DB01065,1
DB01192,DB06626,0
DB04070,DB01175,0
DB01223,DB01667,1
DB09079,DB00395,0
DB12093,DB01134,0
DB01233,DB05109,1
DB01035,DB09241,1
DB00365,DB00846,0
DB00201,DB00472,1
DB06693,DB00914,0
DB00499,DB01126,1
DB01114,DB09330,0
DB00546,DB01394,0
DB00482,DB01355,1
DB12278,DB00740,0
DB00590,DB00683,1
DB01601,DB04841,1
DB00528,DB06228,1
DB00608,DB01142,1
DB12471,DB04825,0
DB00571,DB00998,1
DB00849,DB09195,0
DB06626,DB09128,0
DB09555,DB11614,1
DB01129,DB04911,1
DB01388,DB01558,1
DB06201,DB03515,0
DB01384,DB04832,1
DB09327,DB05990,0
DB04832,DB05239,1
DB00553,DB01623,1
DB00864,DB11828,1
DB00872,DB11712,1
DB01181,DB08895,1
DB00850,DB04840,1
DB00589,DB00927,0
DB00759,DB01076,1
DB00440,DB12005,1
DB00412,DB09213,1
DB13158,DB04854,0
DB04957,DB01177,0
DB03515,DB01252,0
DB00518,DB04846,0
DB00909,DB09065,1
DB01263,DB04957,1
DB12235,DB06403,0
DB12371,DB01338,0
DB00253,DB01242,0
DB03575,DB00277,0
DB00683,DB06777,1
DB01064,DB12513,0
DB13919,DB13878,0
DB01131,DB12218,0
DB00477,DB00661,1
DB00731,DB04856,1
DB12548,DB00603,0
DB01002,DB12235,0
DB00951,DB01591,1
DB01012,DB09061,1
DB00608,DB08808,1
DB09195,DB01223,0
DB01588,DB06595,1
DB00227,DB06739,1
DB01190,DB11915,1
DB06268,DB03575,0
DB01412,DB11712,0
DB00349,DB12020,1
DB00845,DB00184,0
DB09195,DB09237,0
DB00687,DB01223,0
DB01590,DB06218,1
DB00773,DB02489,1
DB01131,DB04840,1
DB00575,DB09173,1
DB00949,DB01136,1
DB01263,DB02789,1
DB00590,DB12332,1
DB00864,DB06077,0
DB00289,DB01062,1
DB11986,DB09216,0
DB01100,DB11967,1
DB01193,DB11586,1
DB00396,DB04861,1
DB00195,DB04911,1
DB00532,DB11855,1
DB09274,DB00586,0
DB01232,DB11942,1
DB00866,DB00337,0
DB09274,DB02187,0
DB01094,DB00580,0
DB00444,DB01221,1
DB00817,DB09079,0
DB00910,DB00993,0
DB00679,DB04920,1
DB02709,DB05708,0
DB00675,DB01039,1
DB12548,DB12471,0
DB00240,DB00253,0
DB09048,DB00395,0
DB06738,DB00261,0
DB08811,DB05154,0
DB01254,DB00936,0
DB00877,DB11952,1
DB01192,DB01601,1
DB01369,DB00307,0
DB01320,DB01393,1
DB01193,DB06626,0
DB11581,DB01210,0
DB00216,DB01026,1
DB00243,DB04835,0
DB04216,DB09185,0
DB00455,DB12147,0
DB09213,DB03010,0
DB11691,DB04076,0
DB00289,DB11679,0
DB01195,DB06203,1
DB00731,DB01176,1
DB00749,DB00773,0
DB00334,DB12001,0
DB00818,DB01628,1
DB01012,DB00484,0
DB00983,DB01074,1
DB00758,DB01221,1
DB04557,DB09288,1
DB05812,DB00864,0
DB04898,DB12332,1
DB00799,DB08880,1
DB00489,DB00675,1
DB00972,DB01035,1
DB00401,DB01062,1
DB00443,DB01129,0
DB00599,DB00736,1
DB01138,DB12005,1
DB06789,DB09185,1
DB06414,DB04828,0
DB01268,DB03756,0
DB01544,DB00677,0
DB00796,DB00977,1
DB00712,DB12130,0
DB00850,DB09183,1
DB00503,DB00738,1
DB00297,DB11712,0
DB01263,DB06403,1
DB01142,DB06605,1
DB00327,DB00568,1
DB00590,DB06268,1
DB00976,DB01142,1
DB01192,DB04844,1
DB00904,DB04889,1
DB01764,DB08882,1
DB00977,DB13878,1
DB06738,DB11575,0
DB12026,DB02709,0
DB08873,DB00724,0
DB00539,DB00486,0
DB00333,DB00783,1
DB00888,DB00530,0
DB00888,DB06739,0
DB00518,DB01873,1
DB01210,DB06701,0
DB09291,DB00294,0
DB00850,DB09053,1
DB00705,DB00802,1
DB13003,DB01253,0
DB11737,DB00841,0
DB00792,DB11886,0
DB07615,DB09185,1
DB00642,DB09099,0
DB06774,DB09185,1
DB09238,DB11730,1
DB08922,DB06292,0
DB00571,DB06287,1
DB00250,DB09198,1
DB06730,DB11672,1
DB13003,DB00628,0
DB03515,DB04854,0
DB01103,DB08893,0
DB01263,DB09195,1
DB00908,DB04572,1
DB01195,DB01591,1
DB04794,DB11978,0
DB09296,DB00356,0
DB00188,DB05109,1
DB00695,DB00818,1
DB00391,DB01406,0
DB00969,DB00455,0
DB11943,DB08798,0
DB00297,DB00799,0
DB00317,DB09555,1
DB00672,DB00118,0
DB04835,DB11652,1
DB00799,DB08864,1
DB06789,DB12978,0
DB00177,DB00668,1
DB06148,DB09048,1
DB01211,DB00324,0
DB09225,DB01050,0
DB01211,DB00796,0
DB00784,DB00831,1
DB01406,DB04871,1
DB06693,DB01228,0
DB01201,DB04832,1
DB00177,DB00783,1
DB00396,DB11679,1
DB00959,DB01118,1
DB00554,DB00977,1
DB06781,DB00956,0
DB01095,DB06803,1
DB00945,DB01039,1
DB00850,DB00936,0
DB01227,DB05109,0
DB00379,DB08895,0
DB01037,DB11791,1
DB00279,DB04854,0
DB11943,DB00378,0
DB12612,DB04574,0
DB04835,DB00263,0
DB00655,DB04898,0
DB00978,DB01064,0
DB06781,DB00936,0
DB01195,DB00953,0
DB01136,DB05109,1
DB00590,DB01058,1
DB03701,DB03496,0
DB00216,DB01242,1
DB00425,DB06414,1
DB03496,DB04894,0
DB01097,DB06725,1
DB00932,DB09063,1
DB01601,DB09239,1
DB00343,DB08820,1
DB00668,DB00945,1
DB01072,DB06207,1
DB00370,DB00736,0
DB11837,DB12161,1
DB00382,DB03515,0
DB06282,DB00309,0
DB00907,DB11855,1
DB05885,DB01248,0
DB00608,DB00708,0
DB00784,DB00508,0
DB06712,DB08820,1
DB00250,DB12093,0
DB00845,DB00749,0
DB00678,DB01611,1
DB00185,DB11672,1
DB00694,DB09053,1
DB01242,DB01656,1
DB11986,DB00499,0
DB00924,DB04574,1
DB00316,DB04946,1
DB09290,DB11697,1
DB00799,DB00912,1
DB08804,DB00712,0
DB08827,DB06077,0
DB01559,DB01048,0
DB01012,DB01403,1
DB00531,DB00726,1
DB00608,DB01035,1
DB06781,DB00721,0
DB00586,DB04076,1
DB01472,DB04911,1
DB00759,DB04946,1
DB00188,DB04725,1
DB01069,DB06414,1
DB04652,DB01224,0
DB00188,DB00598,1
DB12548,DB00708,0
DB01026,DB08896,1
DB00343,DB06212,1
DB09173,DB04557,0
DB00425,DB09273,1
DB00469,DB00234,0
DB00726,DB00253,0
DB06594,DB00163,0
DB01764,DB00749,0
DB04861,DB08881,1
DB00443,DB01134,0
DB00663,DB00976,1
DB08798,DB11689,1
DB00195,DB01036,1
DB00263,DB11963,1
DB01254,DB09013,0
DB00328,DB00947,1
DB00973,DB00409,0
DB00382,DB04938,0
DB00433,DB11586,1
DB01035,DB00240,0
DB00805,DB01059,0
DB08804,DB09245,0
DB00518,DB01396,1
DB01076,DB11978,1
DB00440,DB04920,1
DB00322,DB09288,1
DB00425,DB01611,1
DB04977,DB00945,0
DB00642,DB01094,1
DB09280,DB01303,0
DB01238,DB00445,0
DB09244,DB00443,0
DB01062,DB11614,1
DB08896,DB00546,0
DB00433,DB11652,1
DB00796,DB04898,1
DB09241,DB12319,1
DB00184,DB00951,1
DB00277,DB12267,1
DB00586,DB00849,1
DB04076,DB00455,0
DB00906,DB00675,0
DB00443,DB11730,1
DB00346,DB01590,1
DB00831,DB00620,0
DB00440,DB00619,1
DB00656,DB06203,1
DB04908,DB08846,0
DB00528,DB00279,0
DB00806,DB11791,1
DB00586,DB00744,1
DB06207,DB00934,0
DB01232,DB04840,1
DB00622,DB00749,1
DB00820,DB06789,1
DB11619,DB01134,0
DB00279,DB00623,0
DB00243,DB00872,1
DB00744,DB00998,1
DB01263,DB01395,1
DB00839,DB05708,0
DB01544,DB01254,0
DB00358,DB02703,1
DB11691,DB01114,0
DB01167,DB04855,1
DB02134,DB08864,0
DB00532,DB00932,1
DB00185,DB01227,0
DB00454,DB01685,1
DB12020,DB06403,0
DB00778,DB01076,1
DB01087,DB04889,1
DB12457,DB00933,0
DB00395,DB00471,0
DB06512,DB12267,0
DB00334,DB01095,1
DB06419,DB00395,0
DB00951,DB01028,1
DB00712,DB04938,1
DB00266,DB04557,1
DB00169,DB01274,1
DB01152,DB00599,0
DB00674,DB09099,0
DB11614,DB00819,0
DB01232,DB01048,0
DB00656,DB04938,1
DB00238,DB01624,1
DB01224,DB00201,0
DB00675,DB00796,1
DB01036,DB09167,1
DB08922,DB12267,1
DB01018,DB09185,1
DB00629,DB01137,0
DB00425,DB00358,0
DB00977,DB09099,0
DB04871,DB09236,0
DB06756,DB01048,0
DB01130,DB09124,0
DB00330,DB01667,1
DB01098,DB03010,1
DB01252,DB00377,0
DB01008,DB01405,0
DB11828,DB09166,0
DB01014,DB06144,0
DB08816,DB12245,1
DB00546,DB09227,1
DB00422,DB00946,1
DB01645,DB12093,0
DB00759,DB06654,0
DB00872,DB09555,1
DB04841,DB11791,1
DB00912,DB04216,1
DB00499,DB02489,1
DB06738,DB09013,0
DB04896,DB09090,1
DB06756,DB00252,0
DB00960,DB13174,1
DB00998,DB01013,0
DB00865,DB09389,0
DB00448,DB00951,1
DB00233,DB00240,0
DB01028,DB09173,1
DB11963,DB00753,0
DB00382,DB00655,0
DB00494,DB03496,0
DB06695,DB00860,0
DB00714,DB00717,1
DB00343,DB08907,1
DB00758,DB04216,1
DB09079,DB08846,0
DB01100,DB09299,1
DB00706,DB04356,0
DB01611,DB08901,1
DB00475,DB08912,0
DB12483,DB00695,0
DB09291,DB00796,0
DB05039,DB08867,0
DB11574,DB11581,1
DB00696,DB08903,1
DB09237,DB08868,0
DB00932,DB01136,1
DB01136,DB06144,1
DB00699,DB11791,0
DB04884,DB08895,1
DB00574,DB04552,0
DB00927,DB12020,0
DB00422,DB08867,0
DB00744,DB02134,1
DB00370,DB00779,1
DB05708,DB13874,1
DB00322,DB04938,1
DB06512,DB09237,0
DB09166,DB09274,0
DB09195,DB01227,0
DB08877,DB00927,0
DB00636,DB01253,0
DB00379,DB00997,1
DB00374,DB01098,1
DB00227,DB00908,1
DB11921,DB00813,0
DB00289,DB00472,1
DB00476,DB05109,1
DB00759,DB06712,1
DB01152,DB09299,1
DB00831,DB08816,0
DB00322,DB08899,1
DB02134,DB04845,1
DB06207,DB06739,0
DB09229,DB00799,0
DB00608,DB06605,1
DB00951,DB12874,1
DB00328,DB01338,0
DB04652,DB00356,0
DB06712,DB00740,0
DB04884,DB12978,1
DB00392,DB00773,0
DB00322,DB05039,0
DB00949,DB01098,1
DB04894,DB12001,1
DB00598,DB09297,1
DB00792,DB04884,1
DB00444,DB00734,1
DB09065,DB11614,1
DB08807,DB03010,0
DB00601,DB04975,0
DB00317,DB06712,1
DB01591,DB08882,1
DB00539,DB06702,0
DB12674,DB09073,0
DB01623,DB13874,1
DB00744,DB06777,0
DB00911,DB00817,0
DB08995,DB12471,0
DB01628,DB09071,1
DB00924,DB01223,1
DB12026,DB01472,0
DB00531,DB12674,0
DB00712,DB01048,1
DB00487,DB01012,1
DB01032,DB06268,1
DB00294,DB01194,0
DB00817,DB08867,0
DB00184,DB09238,1
DB00932,DB01041,1
DB01264,DB01338,0
DB00956,DB01087,1
DB00784,DB01685,1
DB05708,DB06730,0
DB00238,DB01667,1
DB09213,DB12332,1
DB00656,DB09227,1
DB01098,DB01195,1
DB06401,DB06789,0
DB00934,DB09555,1
DB09389,DB01764,0
DB00696,DB09223,1
DB00343,DB03515,1
DB00866,DB11691,0
DB09054,DB00968,0
DB08895,DB01117,0
DB00749,DB09013,0
DB11751,DB00677,0
DB00204,DB03496,0
DB09273,DB00677,0
DB00737,DB08502,0
DB00163,DB00705,1
DB06739,DB09101,1
DB00834,DB06725,1
DB00998,DB01059,1
DB01103,DB04938,0
DB09296,DB00934,0
DB00818,DB06401,1
DB00949,DB00951,1
DB00471,DB06605,1
DB00528,DB04854,0
DB00289,DB01086,1
DB01591,DB00268,0
DB00216,DB02187,0
DB08827,DB09102,0
DB01097,DB00656,0
DB12319,DB00553,0
DB00378,DB00843,0
DB00628,DB01406,1
DB00861,DB04854,1
DB01873,DB08860,0
DB00580,DB00910,0
DB00724,DB00973,0
DB01394,DB00297,0
DB00266,DB01036,1
DB01069,DB00378,0
DB01303,DB00973,0
DB00559,DB01233,0
DB03575,DB08439,0
DB00358,DB04946,1
DB00863,DB08901,1
DB00736,DB01134,0
DB04835,DB00969,0
DB00636,DB04841,1
DB06803,DB01173,0
DB00412,DB00661,1
DB00857,DB12005,1
DB00794,DB12612,0
DB00184,DB00752,1
DB01058,DB01587,0
DB00392,DB00266,0
DB00499,DB04856,1
DB01396,DB06789,0
DB09128,DB13179,1
DB01134,DB08860,0
DB01393,DB06738,1
DB00486,DB05885,0
DB01400,DB01014,0
DB00489,DB06419,0
DB00220,DB01012,1
DB00851,DB01405,1
DB00706,DB00850,1
DB00969,DB00367,0
DB00228,DB00907,0
DB00588,DB09185,1
DB00936,DB01177,1
DB00448,DB01259,1
DB06693,DB08922,0
DB11796,DB01412,0
DB01126,DB06781,0
DB02709,DB01396,0
DB00363,DB09124,1
DB12513,DB01355,0
DB00806,DB01195,1
DB01412,DB00737,0
DB06144,DB01054,0
DB00248,DB12329,0
DB01086,DB11757,1
DB00240,DB11837,0
DB04884,DB06729,1
DB06729,DB11823,1
DB01195,DB00202,0
DB00184,DB04884,0
DB00909,DB01167,1
DB00586,DB00740,1
DB12978,DB09225,0
DB00471,DB00338,0
DB00806,DB13874,1
DB09099,DB00617,0
DB00204,DB06212,0
DB00444,DB09073,1
DB00706,DB00724,0
DB00209,DB01588,0
DB01685,DB09225,0
DB06817,DB04665,0
DB06412,DB00533,0
DB12001,DB00945,0
DB00857,DB01041,1
DB00188,DB00568,1
DB00490,DB13878,0
DB00734,DB09013,0
DB00471,DB01409,0
DB00277,DB01087,1
DB00862,DB09073,1
DB00253,DB08881,0
DB00575,DB11952,1
DB00969,DB01211,1
DB01074,DB00352,0
DB00661,DB01319,1
DB06292,DB12887,0
DB00468,DB00712,1
DB00568,DB00737,1
DB04832,DB04835,1
DB00575,DB11586,1
DB00918,DB01211,1
DB04356,DB06738,0
DB00337,DB00264,0
DB09225,DB00545,0
DB00543,DB04861,1
DB01047,DB01036,0
DB00956,DB01275,0
DB01009,DB11967,0
DB00434,DB12612,0
DB00378,DB01369,0
DB00945,DB00993,1
DB09245,DB00621,0
DB01100,DB09030,1
DB01064,DB00834,0
DB00490,DB00872,1
DB12483,DB12887,1
DB00575,DB11886,1
DB00590,DB11886,1
DB00687,DB00261,0
DB11619,DB01217,0
DB01253,DB09389,0
DB00215,DB06789,0
DB12483,DB01611,0
DB00484,DB08877,0
DB00499,DB09225,1
DB01253,DB11652,1
DB00724,DB09123,0
DB00401,DB01621,0
DB00266,DB01039,1
DB00904,DB06603,1
DB09288,DB06207,0
DB01012,DB11586,1
DB00443,DB00949,0
DB01295,DB01595,0
DB05154,DB12235,1
DB01297,DB05812,1
DB00627,DB01195,1
DB06419,DB06701,0
DB06148,DB11952,0
DB00674,DB01472,1
DB00906,DB11952,0
DB12457,DB01054,0
DB09123,DB04845,0
DB00730,DB00914,0
DB00896,DB00543,0
DB01076,DB04725,1
DB04557,DB00799,0
DB00213,DB09185,1
DB09099,DB04725,0
DB00762,DB01764,1
DB00679,DB08895,0
DB00409,DB11613,0
DB12674,DB00601,0
DB00753,DB11712,0
DB00433,DB00476,1
DB05154,DB00489,0
DB00434,DB12548,0
DB00685,DB08827,0
DB01242,DB04884,1
DB00946,DB11963,1
DB00675,DB00818,1
DB00312,DB00501,1
DB00346,DB00819,1
DB09017,DB07615,0
DB00335,DB00907,1
DB01176,DB00337,0
DB00320,DB01037,1
DB00866,DB01166,1
DB12471,DB04841,0
DB00549,DB01259,1
DB00349,DB00374,0
DB00484,DB01131,0
DB04889,DB08860,0
DB01295,DB01254,0
DB00205,DB00530,1
DB00228,DB08827,0
DB00678,DB01685,1
DB09053,DB04825,0
DB04832,DB01873,0
DB01118,DB13003,1
DB00617,DB01252,0
DB00322,DB12184,0
DB09013,DB01076,0
DB00489,DB05812,1
DB00401,DB00872,1
DB01764,DB13874,1
DB02489,DB01252,0
DB00279,DB04845,0
DB00758,DB11614,1
DB01588,DB01130,0
DB12612,DB04652,0
DB01320,DB04216,1
DB09236,DB09274,0
DB12026,DB00187,0
DB01028,DB13879,0
DB01074,DB00205,0
DB01097,DB13179,0
DB00382,DB01012,1
DB01198,DB12582,1
DB01098,DB08881,1
DB09079,DB00628,0
DB00173,DB12941,1
DB00317,DB01388,1
DB12020,DB12184,0
DB01223,DB04825,0
DB00759,DB09079,1
DB06267,DB08882,1
DB01126,DB02709,0
DB04794,DB00422,0
DB09185,DB01045,0
DB06218,DB06210,0
DB00316,DB11682,0
DB01221,DB11967,0
DB01126,DB01134,0
DB00322,DB00568,1
DB00946,DB12466,1
DB00617,DB11574,0
DB06419,DB00599,0
DB00482,DB01177,1
DB11614,DB12005,1
DB08931,DB00731,0
DB01403,DB06203,1
DB06412,DB12548,0
DB00704,DB13174,0
DB09185,DB09236,1
DB00674,DB09241,1
DB06401,DB00773,0
DB00496,DB01601,1
DB00773,DB00711,0
DB00932,DB00827,0
DB01337,DB01155,0
DB01097,DB13158,0
DB01029,DB01177,1
DB00947,DB00394,0
DB06152,DB06774,0
DB00214,DB09296,1
DB01303,DB01406,0
DB00467,DB09290,1
DB00850,DB01074,1
DB00379,DB06636,1
DB00740,DB01261,0
DB04829,DB04975,0
DB01248,DB00757,0
DB09555,DB04845,0
DB00374,DB06414,1
DB09049,DB08880,0
DB00433,DB01873,0
DB00382,DB04838,0
DB09224,DB01764,0
DB00661,DB00731,1
DB01097,DB06335,0
DB00489,DB00623,1
DB00849,DB01259,1
DB01012,DB04977,0
DB00530,DB06403,1
DB00972,DB04557,1
DB00322,DB12005,1
DB06739,DB01214,0
DB00496,DB01591,1
DB06412,DB00677,0
DB00629,DB00891,0
DB01409,DB00799,0
DB01245,DB01201,0
DB00706,DB03756,0
DB00843,DB12597,1
DB08875,DB00185,0
DB00696,DB11581,1
DB00783,DB01028,1
DB13878,DB00395,0
DB00570,DB01409,1
DB00328,DB01355,1
DB00335,DB00365,0
DB00857,DB03783,1
DB00860,DB00250,0
DB00966,DB01065,0
DB04911,DB06702,1
DB00864,DB00740,0
DB00736,DB00817,0
DB00593,DB06636,1
DB00228,DB11837,0
DB01167,DB01254,1
DB00216,DB13174,1
DB00757,DB09227,1
DB01595,DB00533,0
DB00277,DB09090,0
DB00672,DB09061,1
DB00762,DB00861,1
DB00708,DB04977,0
DB04216,DB11995,1
DB01037,DB08875,1
DB09102,DB01086,0
DB12471,DB00831,0
DB00862,DB01097,1
DB00927,DB01041,0
DB00559,DB01035,0
DB01072,DB08903,1
DB12513,DB01079,0
DB00448,DB00468,1
DB00395,DB00559,0
DB00563,DB04884,1
DB00330,DB01645,1
DB01245,DB00495,0
DB00872,DB04861,1
DB00439,DB09288,1
DB00187,DB05271,1
DB00384,DB00817,1
DB05239,DB09079,1
DB00897,DB05814,0
DB02489,DB01396,0
DB06654,DB01228,0
DB01138,DB00391,0
DB00590,DB01590,1
DB01192,DB01394,0
DB00586,DB01236,1
DB01155,DB01191,1
DB00358,DB01211,1
DB01252,DB00169,0
DB00909,DB01263,1
DB00554,DB00912,1
DB00185,DB11652,1
DB00370,DB00827,1
DB08804,DB00945,0
DB08873,DB11986,1
DB02789,DB01142,0
DB00518,DB01406,1
DB00685,DB00589,0
DB12235,DB11712,0
DB00714,DB01126,1
DB00636,DB00764,0
DB01303,DB00862,0
DB01223,DB08865,1
DB00907,DB00353,0
DB04832,DB11619,1
DB00993,DB04889,1
DB04854,DB13003,0
DB12941,DB01210,0
DB00370,DB00489,1
DB01595,DB12147,0
DB09013,DB01252,0
DB09101,DB04070,0
DB09216,DB01131,0
DB01395,DB11652,1
DB00796,DB08860,1
DB01254,DB06700,1
DB11614,DB00861,0
DB08816,DB06152,0
DB00338,DB01041,0
DB01095,DB01253,0
DB01609,DB04938,0
DB01211,DB06144,1
DB06218,DB08798,1
DB00220,DB03783,1
DB00215,DB01472,1
DB00268,DB00993,0
DB00568,DB05990,1
DB00465,DB08995,1
DB12026,DB01103,0
DB00557,DB06419,1
DB00496,DB01087,1
DB11751,DB00827,0
DB09048,DB09166,1
DB01134,DB00911,0
DB00936,DB00951,1
DB01252,DB11855,0
DB00909,DB06741,0
DB06077,DB01035,0
DB12329,DB06282,0
DB00338,DB12513,0
DB06207,DB00261,0
DB01036,DB11689,1
DB01211,DB05990,0
DB00304,DB12612,0
DB11586,DB01253,0
DB01708,DB00501,0
DB00711,DB00841,0
DB01576,DB05239,0
DB13158,DB08901,0
DB00784,DB06594,1
DB00696,DB05541,1
DB01094,DB11757,1
DB00946,DB01079,1
DB06412,DB01002,0
DB08865,DB09099,1
DB11886,DB00289,0
DB00283,DB04840,1
DB06144,DB09101,1
DB11652,DB09204,0
DB00531,DB00792,0
DB00216,DB01138,1
DB00495,DB01173,0
DB01058,DB04856,1
DB01177,DB11823,1
DB00176,DB01264,1
DB00465,DB11614,1
DB04825,DB00736,0
DB00947,DB09225,0
DB01094,DB01155,1
DB00836,DB09213,1
DB12978,DB05294,0
DB00482,DB01224,1
DB00908,DB11886,1
DB00982,DB00810,0
DB00195,DB00333,1
DB01129,DB01194,0
DB08798,DB01412,0
DB00627,DB09053,1
DB01303,DB09185,1
DB09213,DB04652,0
DB06726,DB08922,1
DB11951,DB08808,0
DB00444,DB06335,1
DB00696,DB01201,1
DB00195,DB08899,0
DB00744,DB01667,1
DB08922,DB00184,0
DB01253,DB11586,0
DB00574,DB09030,0
DB00169,DB00960,1
DB01131,DB05271,1
DB01130,DB11691,0
DB00307,DB00752,1
DB00433,DB09173,1
DB00827,DB00911,0
DB00358,DB00872,1
DB00338,DB00783,1
DB04894,DB09299,1
DB01035,DB13874,1
DB12001,DB01171,0
DB00799,DB01320,1
DB00877,DB04845,1
DB03783,DB11823,1
DB00176,DB00248,1
DB00270,DB11586,1
DB12713,DB02489,0
DB00486,DB12130,0
DB00568,DB08910,1
DB04840,DB01623,0
DB01138,DB06201,0
DB12543,DB03701,0
DB00378,DB06412,0
DB00655,DB04825,0
DB00476,DB01072,1
DB01274,DB04216,1
DB00623,DB00687,0
DB06210,DB00104,0
DB00530,DB01028,1
DB03701,DB00486,0
DB06292,DB09173,0
DB00553,DB00924,1
DB00694,DB00186,0
DB00528,DB00850,0
DB00960,DB09048,1
DB00532,DB09296,1
DB01142,DB04871,1
DB04884,DB08827,1
DB00351,DB00947,0
DB00945,DB11737,0
DB00951,DB04574,1
DB04846,DB09291,1
DB00477,DB12457,0
DB00949,DB11560,1
DB00244,DB05219,0
DB00367,DB04884,0
DB12513,DB04557,0
DB00496,DB04356,0
DB00388,DB09065,0
DB00617,DB12371,1
DB01274,DB04889,1
DB00845,DB04652,0
DB01472,DB12693,1
DB08995,DB08867,0
DB00860,DB00486,0
DB00379,DB04896,1
DB01096,DB06148,1
DB00661,DB04911,0
DB00872,DB00779,0
DB00468,DB00726,1
DB00294,DB11951,0
DB04838,DB11697,0
DB00934,DB04938,1
DB00687,DB00612,0
DB00233,DB00351,0
DB05219,DB00176,0
DB00440,DB01026,1
DB01223,DB01405,1
DB01059,DB06803,0
DB00699,DB05109,1
DB00655,DB00384,0
DB01388,DB01183,0
DB00499,DB11718,1
DB00448,DB06148,1
DB00708,DB08882,1
DB01193,DB09185,1
DB01198,DB04725,1
DB09229,DB00437,0
DB01591,DB08896,0
DB09049,DB00283,0
DB01388,DB05271,1
DB01074,DB01173,1
DB00289,DB00598,1
DB01222,DB00831,0
DB01138,DB03783,1
DB04829,DB11828,0
DB09241,DB11672,1
DB00205,DB00918,1
DB06729,DB11963,1
DB00422,DB01118,0
DB09244,DB08896,0
DB01645,DB00813,0
DB06702,DB01268,0
DB01095,DB04840,1
DB00304,DB06268,1
DB00365,DB00382,1
DB00177,DB11963,1
DB00668,DB11691,0
DB00530,DB06210,1
DB01223,DB08907,0
DB05814,DB00356,0
DB00530,DB08808,1
DB01009,DB03783,0
DB01210,DB08804,0
DB09237,DB01198,0
DB01036,DB09183,1
DB01069,DB01388,1
DB00608,DB09195,1
DB00402,DB01611,1
DB00696,DB08860,0
DB00445,DB00834,0
DB00906,DB11581,1
DB01536,DB11652,1
DB00307,DB00439,1
DB00349,DB04975,1
DB06738,DB11672,1
DB00176,DB02489,1
DB00864,DB01103,1
DB09225,DB00443,0
DB00717,DB04957,1
DB01194,DB09173,0
DB01167,DB00323,0
DB05271,DB11613,0
DB01319,DB00629,0
DB00530,DB09198,1
DB00316,DB08808,1
DB01018,DB12713,0
DB13179,DB01369,0
DB00379,DB01590,1
DB01131,DB01224,1
DB00309,DB00906,0
DB11951,DB00598,0
DB12245,DB04835,0
DB04844,DB00687,0
DB01621,DB00194,0
DB00546,DB00338,0
DB00352,DB12941,0
DB00176,DB00209,1
DB12887,DB00263,0
DB06412,DB00333,0
DB12471,DB00323,0
DB00661,DB13174,1
DB08867,DB01248,0
DB01576,DB11672,1
DB00700,DB06605,1
DB00317,DB09204,1
DB00402,DB01131,0
DB08931,DB09224,0
DB01411,DB00615,0
DB06803,DB11753,1
DB00668,DB00906,0
DB00575,DB01098,1
DB01601,DB12267,1
DB00570,DB04829,1
DB00443,DB01355,0
DB01008,DB12332,1
DB11693,DB09216,0
DB01175,DB05812,1
DB01392,DB02709,0
DB00316,DB00998,1
DB09128,DB09244,1
DB00862,DB01252,0
DB01355,DB00288,0
DB01142,DB11837,1
DB08875,DB00391,0
DB00486,DB02703,1
DB11828,DB00978,0
DB00559,DB02703,1
DB04829,DB09053,1
DB01242,DB06726,1
DB00253,DB00240,0
DB04896,DB12161,1
DB00467,DB04832,0
DB01134,DB00455,0
DB01062,DB06678,1
DB01155,DB01223,1
DB01103,DB09053,1
DB09288,DB13874,1
DB00433,DB08798,0
DB00471,DB04861,0
DB11730,DB04552,0
DB01176,DB00227,0
DB01685,DB08439,1
DB00745,DB01168,0
DB04957,DB04871,0
DB00381,DB03783,1
DB00617,DB00891,1
DB00779,DB00337,0
DB00608,DB13179,1
DB00976,DB11951,1
DB09299,DB00527,0
DB00621,DB01236,0
DB09555,DB13874,1
DB01166,DB01388,1
DB04216,DB09123,0
DB01114,DB11979,1
DB00730,DB12010,0
DB01067,DB06414,1
DB09296,DB00571,0
DB09166,DB00233,0
DB00976,DB09101,1
DB12245,DB00240,0
DB12693,DB00836,0
DB00712,DB00714,0
DB00185,DB01228,1
DB00773,DB01155,1
DB04894,DB00422,0
DB09330,DB00543,0
DB01075,DB05814,0
DB00468,DB00501,1
DB01008,DB01395,1
DB03756,DB06401,0
DB08933,DB01134,0
DB00444,DB11757,1
DB06730,DB04846,0
DB01259,DB04898,0
DB02703,DB09063,1
DB04825,DB06803,0
DB06210,DB00322,0
DB00820,DB11837,1
DB06730,DB11614,0
DB04871,DB01054,0
DB00951,DB06148,1
DB00910,DB01238,0
DB00343,DB09223,1
DB00487,DB04841,1
DB00347,DB11560,1
DB12548,DB01621,0
DB08808,DB13879,0
DB00277,DB09213,1
DB01118,DB11581,1
DB00933,DB06152,0
DB00757,DB03496,0
DB01095,DB01297,1
DB00661,DB00787,1
DB00304,DB00757,0
DB08922,DB01656,0
DB00495,DB00700,0
DB01097,DB09204,0
DB00571,DB01062,1
DB01032,DB01609,1
DB01274,DB00799,0
DB00783,DB06738,1
DB00343,DB00813,1
DB01337,DB12371,0
DB00316,DB06729,1
DB00568,DB01367,1
DB00601,DB00358,0
DB04946,DB06414,0
DB01264,DB08816,1
DB01261,DB09048,1
DB01069,DB00353,0
DB04845,DB01283,0
DB00582,DB12483,1
DB00741,DB01588,0
DB00163,DB00356,0
DB06512,DB11574,0
DB00695,DB01177,0
DB11921,DB01558,0
DB00363,DB12887,1
DB00846,DB09299,0
DB00788,DB09297,1
DB01264,DB01577,1
DB05109,DB05541,1
DB00224,DB01628,1
DB08875,DB09227,1
DB05239,DB12332,1
DB01193,DB00744,0
DB00796,DB01065,0
DB01303,DB04076,1
DB00250,DB01357,1
DB01014,DB04957,0
DB09013,DB06228,0
DB00180,DB01171,0
DB09143,DB12674,0
DB09099,DB06512,0
DB01217,DB00263,0
DB12513,DB00240,0
DB02789,DB01130,0
DB00909,DB01103,1
DB00518,DB09299,1
DB01028,DB01035,1
DB01583,DB04855,1
DB00334,DB00495,1
DB00444,DB04957,1
DB01263,DB01384,1
DB00546,DB01181,0
DB00264,DB09048,1
DB11791,DB06282,0
DB00845,DB01018,0
DB01087,DB01254,1
DB06781,DB01013,0
DB04845,DB12543,0
DB02134,DB05990,1
DB01064,DB00104,0
DB01026,DB01410,1
DB02703,DB05541,1
DB09274,DB06789,0
DB00244,DB11672,0
DB01047,DB01297,0
DB00279,DB01167,0
DB01118,DB11757,1
DB00977,DB11942,0
DB00717,DB01685,1
DB00918,DB06739,1
DB01171,DB09102,0
DB09274,DB04842,0
DB00288,DB09273,0
DB00946,DB11978,1
DB00744,DB05541,1
DB00699,DB01248,0
DB05541,DB06412,0
DB00622,DB11952,1
DB01007,DB12457,1
DB04839,DB01393,0
DB01026,DB09273,1
DB00744,DB01069,1
DB09143,DB01233,0
DB01079,DB09173,1
DB00347,DB06756,0
DB11712,DB00672,0
DB01058,DB11951,1
DB00705,DB01595,1
DB00264,DB00843,1
DB00736,DB00738,1
DB00906,DB00586,0
DB00831,DB11697,1
DB00911,DB00228,0
DB00412,DB00494,0
DB01268,DB09071,1
DB05219,DB00834,0
DB00696,DB08816,1
DB01131,DB04911,1
DB00759,DB00973,0
DB00384,DB13874,1
DB00724,DB00312,0
DB11679,DB12301,1
DB00675,DB11915,1
DB01195,DB00912,0
DB00176,DB13179,1
DB00250,DB12597,1
DB00277,DB08896,0
DB00169,DB08865,1
DB00169,DB00220,1
DB09288,DB01319,0
DB05812,DB01227,0
DB01064,DB03575,0
DB06335,DB11837,1
DB08933,DB00850,0
DB01118,DB04557,1
DB09185,DB12471,1
DB00814,DB00288,0
DB01558,DB09198,1
DB00675,DB09225,1
DB01656,DB12267,1
DB06282,DB01609,0
DB12582,DB00752,0
DB00655,DB12141,0
DB01134,DB11921,0
DB08882,DB11791,1
DB00836,DB00932,1
DB09030,DB00194,0
DB00997,DB08808,1
DB00555,DB08931,0
DB02709,DB01174,0
DB11979,DB00655,0
DB00444,DB01026,1
DB01201,DB00973,0
DB06702,DB01236,0
DB00679,DB01075,1
DB00738,DB01079,1
DB00731,DB08995,1
DB04665,DB00557,0
DB01114,DB11757,1
DB01191,DB00395,0
DB08882,DB11586,1
DB00238,DB01098,1
DB01214,DB11574,0
DB00471,DB01611,1
DB00951,DB00711,0
DB00494,DB01039,0
DB05154,DB01134,0
DB05039,DB08865,1
DB08867,DB08895,0
DB01117,DB00591,0
DB00752,DB01320,1
DB00499,DB00656,1
DB00570,DB01224,1
DB01211,DB09173,0
DB01380,DB01012,0
DB01095,DB12130,1
DB00751,DB01223,0
DB00862,DB01221,1
DB00455,DB01134,0
DB00864,DB01472,0
DB01388,DB09039,1
DB06756,DB12713,0
DB01369,DB00740,0
DB01611,DB04938,1
DB01232,DB01393,1
DB06702,DB11586,1
DB00836,DB00988,0
DB01062,DB04574,0
DB09216,DB00810,0
DB00593,DB01103,0
DB01283,DB04076,0
DB00289,DB01075,1
DB09034,DB12278,0
DB00674,DB01012,1
DB00294,DB08895,0
DB00661,DB11757,1
DB06678,DB08868,0
DB11560,DB06403,0
DB00490,DB12483,1
DB11693,DB00554,0
DB00764,DB00818,1
DB04946,DB12245,1
DB11691,DB01580,0
DB01685,DB00367,0
DB01233,DB11730,1
DB00530,DB13879,1
DB09048,DB09232,1
DB05109,DB08798,1
DB00924,DB01058,1
DB00906,DB00773,0
DB01224,DB09227,1
DB09299,DB11682,0
DB00998,DB12597,0
DB02489,DB09237,0
DB00255,DB00661,1
DB00503,DB00601,0
DB00465,DB04839,0
DB00978,DB11697,1
DB01252,DB00454,0
DB01411,DB13874,1
DB00240,DB00909,0
DB00346,DB11672,1
DB05219,DB11730,0
DB09054,DB00697,0
DB00907,DB09102,0
DB12319,DB00799,0
DB05541,DB01591,0
DB00394,DB09048,1
DB00270,DB06738,1
DB00806,DB11837,1
DB11751,DB04911,0
DB00530,DB04841,1
DB01136,DB05154,0
DB01559,DB09291,0
DB01009,DB11942,0
DB01685,DB00721,0
DB09053,DB00553,0
DB00487,DB12245,1
DB00195,DB00751,1
DB05990,DB12026,1
DB00655,DB00557,0
DB01259,DB09213,1
DB00347,DB01013,0
DB01623,DB05814,0
DB00215,DB01412,1
DB08815,DB13179,1
DB01394,DB08798,0
DB00370,DB09273,1
DB06268,DB08864,1
DB01132,DB09227,1
DB05885,DB00215,0
DB01591,DB01621,1
DB01583,DB01274,0
DB00266,DB06237,1
DB01195,DB11837,1
DB01405,DB01544,0
DB06739,DB11823,1
DB00642,DB09290,1
DB00582,DB11967,1
DB12466,DB09291,0
DB01367,DB01405,1
DB00757,DB06729,1
DB09053,DB03515,0
DB00322,DB00468,1
DB00234,DB00379,1
DB00316,DB00489,1
DB01035,DB00947,0
DB00508,DB03010,0
DB09213,DB06207,0
DB00315,DB01138,0
DB11967,DB01198,0
DB00788,DB08864,1
DB00612,DB04665,0
DB00494,DB11915,1
DB01138,DB01274,1
DB00508,DB00796,0
DB01009,DB01536,0
DB00726,DB09204,1
DB01039,DB00557,0
DB00805,DB01228,1
DB01384,DB00496,0
DB00495,DB00912,1
DB01411,DB01595,0
DB00863,DB04846,1
DB01117,DB08931,0
DB00866,DB01095,1
DB00205,DB00977,1
DB01095,DB01295,1
DB01054,DB01190,1
DB01095,DB06702,1
DB00388,DB01611,0
DB00414,DB12005,1
DB00574,DB00744,1
DB00642,DB05990,1
DB01275,DB11979,0
DB09245,DB00337,0
DB01167,DB13179,1
DB11672,DB12147,1
DB01403,DB08868,1
DB00783,DB06412,0
DB01576,DB00347,0
DB00188,DB00412,1
DB00309,DB04855,1
DB08502,DB12466,1
DB11691,DB08864,0
DB00794,DB04725,1
DB00425,DB11560,1
DB00468,DB00706,1
DB00469,DB11679,1
DB00744,DB00773,1
DB11817,DB00250,0
DB01609,DB01028,0
DB04572,DB11672,1
DB00927,DB00711,0
DB09389,DB12093,0
DB00501,DB01295,1
DB00353,DB13879,0
DB09063,DB09185,1
DB00367,DB00862,1
DB13919,DB00377,0
DB00228,DB11921,0
DB00422,DB00527,0
DB00208,DB13878,0
DB00745,DB13919,1
DB05885,DB01037,0
DB00163,DB12005,0
DB00621,DB01418,1
DB05154,DB08868,0
DB01098,DB01142,1
DB08865,DB11837,1
DB00622,DB01198,1
DB00714,DB11753,1
DB09039,DB13158,0
DB00726,DB11679,1
DB00188,DB12887,1
DB00783,DB04356,1
DB08827,DB04856,0
DB04938,DB01048,0
DB00839,DB04898,1
DB06594,DB12471,0
DB03496,DB06403,0
DB06268,DB04871,0
DB11967,DB04861,0
DB09017,DB00788,0
DB06401,DB00787,0
DB11967,DB00672,0
DB04572,DB06777,0
DB01175,DB01590,1
DB01087,DB12267,1
DB06712,DB01032,0
DB00908,DB01177,1
DB06741,DB11817,0
DB08502,DB09288,1
DB12612,DB00490,0
DB08880,DB08867,0
DB01166,DB09291,1
DB06603,DB09101,1
DB08910,DB11886,1
DB00316,DB00334,1
DB08860,DB06077,0
DB12093,DB00973,0
DB00621,DB08807,0
DB11943,DB08873,0
DB00193,DB09173,1
DB01536,DB00699,0
DB00501,DB06636,1
DB01252,DB00496,0
DB01369,DB00233,0
DB00317,DB05812,1
DB00377,DB00914,1
DB01384,DB01192,0
DB00779,DB09290,1
DB01254,DB04574,1
DB09079,DB00184,0
DB11560,DB01536,0
DB00343,DB00740,0
DB01194,DB01054,0
DB04076,DB11652,0
DB11682,DB11823,0
DB00953,DB08865,0
DB11712,DB00906,0
DB09227,DB12278,1
DB00437,DB00263,0
DB01134,DB11943,0
DB09297,DB13874,1
DB00976,DB12141,1
DB01152,DB01264,0
DB06730,DB11614,0
DB09223,DB00528,0
DB08811,DB00978,0
DB00675,DB06738,1
DB07615,DB00759,0
DB00745,DB00932,1
DB12147,DB00960,0
DB00425,DB01118,1
DB09330,DB01074,0
DB01259,DB06595,1
DB04894,DB01168,0
DB00642,DB00668,0
DB00608,DB11791,0
DB00255,DB00714,1
DB00163,DB09555,0
DB01211,DB09238,1
DB04871,DB11791,1
DB00787,DB01037,1
DB03515,DB00445,0
DB00696,DB01013,1
DB00841,DB00904,0
DB00334,DB06725,1
DB00731,DB12147,1
DB00959,DB00434,0
DB00374,DB00773,0
DB09034,DB01217,0
DB06803,DB07615,1
DB00484,DB00437,0
DB09245,DB05990,0
DB00554,DB00845,0
DB01384,DB04861,0
DB00205,DB00184,0
DB00191,DB00843,0
DB00328,DB05708,0
DB00361,DB01100,1
DB00234,DB00704,0
DB00714,DB06419,1
DB00228,DB08798,0
DB00818,DB06605,1
DB00699,DB00531,0
DB04896,DB06403,1
DB01393,DB06203,0
DB09223,DB11682,0
DB00810,DB01369,0
DB01175,DB09065,1
DB01096,DB05109,1
DB06738,DB08931,1
DB04957,DB09065,1
DB00864,DB04946,1
DB00414,DB01174,1
DB00751,DB00378,0
DB00731,DB01591,1
DB00337,DB01221,0
DB00482,DB01195,1
DB01208,DB06237,0
DB00726,DB09185,1
DB00234,DB00335,1
DB00617,DB06739,1
DB00969,DB08910,1
DB00414,DB00758,1
DB08918,DB09238,0
DB01137,DB08933,0
DB09173,DB00700,0
DB04871,DB08865,1
DB03575,DB04975,1
DB11737,DB08893,0
DB08918,DB00877,0
DB00377,DB01388,1
DB00163,DB00814,0
DB12457,DB01595,0
DB00215,DB04557,0
DB00309,DB09030,1
DB01369,DB04946,1
DB00590,DB06512,1
DB01764,DB00202,0
DB00186,DB08865,1
DB00731,DB04844,1
DB01058,DB00839,0
DB04938,DB08882,1
DB06729,DB09297,0
DB00861,DB00277,0
DB00966,DB01609,1
DB01295,DB09048,1
DB00322,DB00469,1
DB00253,DB06730,0
DB12582,DB02134,0
DB11575,DB00531,0
DB00617,DB01095,1
DB11963,DB00677,0
DB00656,DB01181,1
DB06282,DB11613,0
DB11751,DB01369,0
DB04557,DB08846,0
DB09195,DB11995,0
DB00976,DB04356,0
DB00270,DB09102,1
DB01236,DB01214,0
DB00872,DB01076,1
DB01409,DB01611,1
DB01357,DB13919,1
DB08502,DB00700,0
DB00819,DB00827,0
DB00327,DB00503,1
DB09167,DB09123,0
DB01261,DB00557,0
DB01134,DB11712,0
DB01405,DB01264,0
DB01245,DB00621,0
DB11791,DB05219,0
DB12001,DB04076,0
DB00678,DB06739,1
DB00288,DB00508,0
DB08816,DB09061,1
DB00978,DB12245,1
DB00448,DB01228,1
DB00947,DB01065,0
DB00440,DB08860,1
DB00363,DB06210,1
DB09327,DB00865,0
DB00593,DB01248,0
DB08868,DB12466,1
DB02703,DB06594,0
DB00365,DB11967,1
DB00448,DB05246,1
DB01129,DB09227,0
DB00951,DB06777,1
DB00574,DB00827,1
DB09167,DB00118,0
DB00425,DB01628,1
DB01242,DB05239,1
DB00998,DB01131,0
DB00433,DB09039,1
DB03783,DB08931,0
DB00656,DB06292,0
DB11682,DB00382,0
DB01403,DB01048,0
DB06148,DB09053,1
DB00454,DB05814,1
DB00440,DB04938,1
DB11560,DB12582,0
DB01176,DB12371,1
DB00818,DB01062,1
DB00696,DB00877,1
DB01252,DB13179,0
DB00904,DB01283,1
DB01403,DB06603,1
DB00422,DB01583,0
DB09555,DB06777,0
DB01062,DB01580,1
DB01295,DB01405,0
DB01032,DB12020,0
DB00238,DB01064,0
DB00714,DB01029,1
DB00740,DB01058,1
DB00736,DB01264,1
DB00685,DB02489,1
DB00250,DB01009,1
DB08502,DB11886,0
DB00323,DB02703,0
DB00773,DB08846,0
DB04825,DB08875,0
DB00250,DB06739,1
DB01039,DB04861,1
DB04975,DB09167,1
DB00741,DB04832,1
DB00836,DB06595,1
DB00863,DB04889,1
DB01076,DB12612,1
DB00834,DB01406,1
DB01245,DB00724,0
DB01628,DB08873,1
DB03783,DB06595,1
DB00784,DB11886,0
DB01009,DB09048,0
DB09225,DB06401,0
DB06691,DB11952,0
DB01037,DB11978,1
DB01114,DB11915,1
DB00738,DB06603,1
DB00214,DB01411,1
DB01303,DB00696,0
DB00841,DB00655,0
DB00877,DB01126,1
DB00956,DB00414,0
DB01131,DB11730,0
DB00861,DB09166,0
DB01183,DB00250,0
DB00365,DB06700,1
DB00455,DB00574,0
DB00629,DB04216,1
DB01050,DB04557,1
DB01198,DB13179,1
DB01136,DB06741,0
DB01264,DB08875,1
DB01183,DB00539,0
DB04975,DB00263,0
DB00590,DB00864,1
DB00784,DB09099,0
DB01059,DB09071,1
DB00712,DB00896,0
DB00476,DB01028,1
DB00343,DB00590,1
DB09227,DB00642,0
DB00273,DB00448,1
DB00396,DB00946,1
DB00977,DB12612,1
DB02187,DB00845,0
DB00201,DB11901,0
DB00370,DB00533,1
DB01118,DB12161,1
DB00810,DB06403,0
DB08804,DB00617,0
DB11697,DB00180,0
DB00846,DB01576,0
DB00799,DB11901,1
DB09102,DB09017,0
DB00330,DB01357,1
DB00736,DB04898,0
DB01097,DB06738,1
DB00933,DB08864,1
DB00656,DB06803,0
DB00185,DB00836,0
DB05271,DB00294,0
DB00440,DB09061,1
DB01393,DB11691,0
DB00263,DB01210,0
DB11586,DB13174,1
DB01009,DB11682,1
DB01097,DB09185,1
DB00238,DB01588,0
DB01410,DB09049,0
DB06817,DB01096,0
DB00250,DB01645,1
DB01595,DB11652,1
DB00444,DB11679,1
DB00250,DB09297,1
DB03701,DB00240,0
DB00208,DB00338,1
DB00589,DB01131,1
DB02489,DB08873,0
DB01577,DB01590,1
DB11613,DB12329,0
DB01195,DB04070,0
DB00802,DB00951,1
DB00622,DB06725,1
DB01114,DB13158,0
DB00857,DB04946,1
DB00379,DB00425,1
DB06739,DB04908,0
DB00696,DB01104,1
DB00612,DB01211,1
DB01181,DB00810,0
DB01221,DB04665,1
DB00717,DB01624,1
DB00571,DB00918,1
DB00608,DB00757,1
DB12483,DB00757,0
DB12130,DB12332,1
DB01685,DB06237,1
DB00444,DB11886,1
DB00176,DB08860,1
DB00283,DB11995,0
DB00799,DB00908,1
DB06401,DB01211,0
DB00555,DB00655,0
DB00266,DB09273,0
DB00744,DB01263,1
DB01068,DB01214,0
DB04557,DB00543,0
DB01012,DB04911,0
DB01303,DB01075,0
DB01018,DB06626,0
DB00216,DB01357,1
DB00977,DB13919,1
DB01029,DB00475,0
DB06695,DB01236,0
DB00818,DB01076,1
DB00378,DB13874,0
DB04835,DB06152,0
DB01252,DB05708,0
DB00557,DB07615,0
DB05885,DB09099,0
DB00762,DB01173,1
DB00805,DB09555,1
DB01074,DB09167,1
DB00482,DB08867,0
DB11963,DB12693,1
DB00351,DB01192,0
DB00277,DB01100,1
DB01252,DB12471,0
DB00734,DB00982,0
DB12978,DB00248,0
DB01069,DB01248,0
DB00539,DB04557,0
DB00751,DB01611,1
DB00501,DB00820,1
DB00379,DB00553,1
DB09053,DB09195,1
DB01214,DB00628,0
DB13878,DB00489,0
DB00546,DB00590,0
DB06729,DB09288,1
DB09071,DB08846,0
DB00827,DB01152,0
DB00317,DB00758,1
DB00294,DB00433,0
DB00304,DB00932,1
DB09183,DB08918,0
DB00412,DB01259,1
DB00891,DB12026,0
DB01079,DB13919,0
DB00334,DB11652,0
DB00539,DB01168,0
DB00494,DB01136,1
DB00214,DB01152,0
DB00951,DB09290,1
DB00543,DB01388,1
DB08867,DB01233,0
DB00972,DB01117,1
DB00495,DB08873,1
DB00508,DB00744,0
DB00227,DB00253,0
DB00784,DB06207,1
DB08896,DB09185,1
DB09173,DB01018,0
DB01764,DB09034,1
DB00379,DB00744,1
DB09063,DB00924,0
DB01047,DB09244,0
DB12255,DB00494,0
DB01064,DB00776,0
DB04977,DB01072,0
DB01685,DB09039,1
DB00334,DB00361,1
DB00238,DB00712,1
DB01171,DB04725,0
DB09274,DB07615,0
DB00712,DB01195,1
DB09239,DB13158,0
DB03783,DB12332,1
DB00953,DB06691,0
DB00187,DB12332,1
DB01012,DB13179,1
DB01211,DB04908,1
DB00248,DB00993,0
DB00532,DB00353,0
DB11614,DB09054,0
DB01409,DB09083,0
DB00629,DB12548,0
DB01065,DB04070,0
DB00872,DB01167,1
DB01048,DB01609,1
DB00448,DB00209,0
DB01227,DB05109,0
DB01472,DB06777,0
DB06695,DB00910,0
DB01263,DB09101,1
DB00469,DB00531,1
DB01104,DB08881,1
DB01232,DB04839,1
DB12319,DB11886,0
DB01609,DB11978,1
DB08910,DB12332,1
DB00758,DB01029,1
DB01367,DB09273,1
DB00988,DB04216,1
DB00252,DB01191,1
DB01590,DB09238,1
DB00865,DB06210,0
DB00872,DB01114,1
DB00564,DB12161,1
DB00448,DB09102,0
DB00783,DB01194,0
DB01242,DB04938,1
DB00191,DB01095,0
DB05219,DB01242,0
DB00374,DB00294,0
DB00598,DB12887,0
DB01274,DB12147,1
DB01303,DB00636,0
DB09123,DB00668,0
DB06693,DB00699,0
DB01263,DB00352,0
DB00499,DB00740,1
DB01369,DB00377,0
DB08881,DB11837,1
DB01577,DB09291,1
DB04832,DB00467,0
DB00255,DB00471,1
DB01132,DB00757,0
DB00563,DB04832,1
DB00401,DB11672,1
DB00317,DB04957,1
DB00501,DB04840,1
DB00214,DB06729,1
DB01559,DB00465,0
DB08865,DB01252,0
DB00496,DB01058,0
DB00530,DB02489,1
DB00472,DB01013,0
DB12130,DB00482,0
DB00783,DB01191,1
DB00744,DB00443,0
DB09061,DB13174,1
DB04835,DB11581,1
DB00240,DB09017,0
DB11942,DB00784,0
DB11817,DB00865,0
DB01059,DB08910,1
DB06693,DB00234,0
DB01075,DB12332,1
DB00549,DB06729,1
DB01263,DB04630,1
DB00745,DB01601,1
DB06700,DB12978,1
DB00288,DB00351,0
DB08901,DB09198,1
DB01018,DB08873,1
DB00233,DB09555,0
DB01041,DB04725,1
DB00476,DB06144,1
DB00370,DB04216,1
DB11575,DB04665,0
DB00322,DB01198,1
DB00897,DB12612,0
DB00744,DB09185,1
DB00409,DB11575,0
DB01228,DB00740,0
DB04835,DB00193,0
DB00255,DB00568,1
DB00334,DB00531,1
DB00233,DB00810,0
DB01062,DB09204,1
DB04832,DB06237,1
DB00425,DB00469,1
DB09225,DB11915,0
DB00749,DB04920,1
DB09030,DB13874,1
DB12319,DB13919,1
DB00936,DB09241,1
DB00951,DB06218,1
DB01259,DB08827,1
DB00176,DB00180,0
DB01708,DB11672,0
DB00317,DB04829,1
DB03701,DB11979,0
DB11837,DB12483,1
DB00477,DB11689,1
DB04896,DB11952,1
DB00338,DB00347,1
DB00363,DB00553,1
DB00813,DB04630,0
DB00910,DB00960,0
DB00472,DB08867,0
DB08995,DB09213,1
DB09183,DB11751,1
DB13879,DB01380,0
DB04630,DB00297,0
DB00897,DB12457,0
DB00845,DB04835,0
DB12026,DB04977,0
DB00949,DB00353,0
DB09223,DB00627,0
DB01558,DB11757,1
DB01050,DB01411,1
DB01228,DB11855,1
DB01406,DB12130,1
DB00773,DB04841,1
DB08995,DB08903,0
DB00969,DB06148,1
DB01412,DB00696,0
DB00998,DB06741,0
DB09330,DB01544,0
DB06781,DB12371,0
DB01174,DB11691,0
DB11978,DB01067,0
DB01359,DB06693,0
DB00751,DB00205,0
DB01623,DB00469,0
DB00582,DB01393,1
DB00224,DB00814,1
DB08846,DB00697,0
DB00694,DB06218,1
DB00799,DB12267,1
DB00499,DB00783,1
DB01211,DB11712,1
DB00655,DB00169,0
DB00216,DB01396,0
DB01685,DB00455,0
DB00582,DB01079,0
DB08846,DB09073,0
DB00378,DB06693,0
DB00976,DB12026,1
DB00402,DB00717,0
DB12483,DB01274,0
DB12941,DB04838,0
DB01303,DB00623,0
DB01167,DB09235,1
DB00234,DB00384,0
DB04076,DB01228,0
DB01254,DB05109,1
DB04794,DB12267,1
DB01026,DB01177,1
DB00439,DB00695,0
DB08867,DB09073,0
DB01176,DB11737,0
DB00599,DB09198,1
DB00857,DB06803,1
DB00317,DB06729,1
DB00343,DB00717,1
DB01558,DB00846,0
DB01087,DB06777,1
DB12597,DB01074,0
DB00527,DB01129,0
DB01165,DB01472,0
DB05239,DB04838,0
DB00888,DB01014,0
DB01544,DB01129,0
DB00740,DB01764,0
DB04908,DB08846,0
DB00374,DB00744,1
DB01295,DB05812,1
DB13174,DB00358,0
DB00744,DB09095,0
DB09071,DB01357,0
DB00503,DB00934,1
DB00862,DB04070,1
DB08820,DB01764,0
DB00968,DB00740,0
DB00998,DB01118,1
DB00224,DB05990,0
DB00911,DB01357,0
DB00367,DB09128,0
DB00315,DB01191,1
DB00527,DB00736,0
DB09195,DB01208,0
DB03575,DB09053,0
DB09090,DB00475,0
DB06700,DB09101,1
DB00334,DB00661,1
DB04794,DB04845,1
DB01087,DB09083,1
DB09017,DB13179,1
DB01656,DB04846,0
DB00322,DB00476,1
DB00440,DB01058,0
DB00173,DB08846,0
DB01396,DB12887,1
DB00744,DB00391,0
DB01062,DB06419,1
DB00532,DB01193,1
DB01198,DB08877,1
DB01472,DB00467,0
DB06228,DB09198,0
DB01028,DB12693,1
DB01131,DB06412,0
DB12278,DB01583,0
DB00205,DB09296,1
DB00201,DB00382,1
DB13879,DB04794,0
DB01263,DB01338,0
DB00846,DB00554,0
DB12218,DB00778,0
DB00796,DB01095,1
DB12218,DB08868,0
DB01268,DB04884,1
DB00448,DB08922,1
DB00721,DB06412,0
DB00263,DB12471,0
DB11751,DB01037,0
DB00382,DB08865,0
DB00998,DB01656,1
DB00412,DB04725,1
DB00857,DB01100,1
DB00818,DB12941,1
DB01026,DB01211,1
DB06603,DB00209,0
DB01297,DB00378,0
DB00574,DB11828,0
DB06287,DB01623,0
DB01067,DB00757,0
DB12319,DB01047,0
DB09195,DB06730,0
DB00622,DB08875,1
DB04070,DB01388,0
DB00261,DB00731,0
DB00224,DB09061,1
DB11679,DB01007,0
DB01075,DB09167,1
DB09225,DB09099,0
DB01645,DB04076,1
DB00586,DB06401,0
DB01058,DB01355,1
DB00805,DB01590,1
DB00396,DB00699,1
DB06803,DB00694,0
DB00598,DB11586,1
DB00307,DB11757,1
DB00706,DB04911,1
DB00454,DB06729,1
DB06817,DB09173,0
DB00792,DB04557,0
DB00270,DB00402,1
DB00872,DB04839,1
DB06803,DB12001,0
DB01395,DB08896,1
DB09083,DB09273,0
DB01117,DB01628,1
DB04076,DB11689,1
DB00469,DB11718,1
DB00817,DB12147,0
DB00668,DB08439,1
DB12161,DB00352,0
DB11586,DB06741,0
DB04076,DB11817,0
DB06210,DB08931,1
DB00749,DB12245,1
DB00778,DB09101,1
DB00817,DB09061,0
DB00589,DB01095,1
DB08816,DB09065,1
DB00476,DB11915,1
DB01152,DB00252,0
DB11652,DB12001,1
DB01096,DB13003,0
DB01166,DB04896,1
DB13919,DB11915,0
DB03701,DB06603,0
DB09039,DB09183,1
DB00365,DB06781,0
DB00705,DB04854,0
DB00539,DB00966,0
DB06419,DB01138,0
DB00741,DB06201,0
DB11737,DB00309,0
DB00104,DB11817,0
DB01236,DB09297,0
DB09236,DB09183,0
DB09297,DB09123,0
DB00176,DB11574,1
DB09039,DB03496,0
DB09053,DB13783,0
DB00288,DB00836,0
DB00381,DB01210,0
DB04884,DB02489,0
DB11757,DB08868,0
DB01248,DB06730,1
DB05541,DB11613,1
DB01104,DB09053,1
DB00788,DB08868,0
DB00834,DB09167,1
DB00843,DB04725,1
DB09297,DB09290,0
DB00315,DB04844,0
DB06725,DB06738,1
DB00486,DB04216,1
DB00477,DB00784,1
DB01094,DB13174,1
DB08502,DB06803,0
DB01409,DB09185,1
DB06148,DB09229,0
DB09389,DB01623,0
DB01667,DB09079,0
DB12466,DB01012,0
DB00983,DB08901,1
DB01094,DB09185,1
DB00445,DB11791,0
DB01595,DB06228,0
DB04920,DB11679,1
DB08896,DB09143,0
DB00433,DB08880,0
DB06268,DB01252,0
DB00591,DB09225,0
DB01114,DB12245,1
DB08880,DB01155,0
DB00622,DB00352,0
DB00904,DB01195,1
DB08922,DB09065,1
DB00384,DB00740,1
DB00381,DB00444,1
DB13003,DB00349,0
DB00395,DB01283,0
DB01590,DB08882,1
DB00549,DB00738,1
DB08907,DB12329,0
DB06741,DB00414,0
DB01392,DB01048,0
DB00953,DB01536,0
DB01263,DB01367,0
DB00444,DB00465,1
DB00752,DB01193,1
DB00484,DB09244,1
DB00773,DB09229,0
DB00866,DB11855,1
DB00270,DB00982,1
DB12020,DB03783,0
DB01359,DB09173,1
DB09030,DB11986,1
DB01132,DB01406,1
DB01096,DB13874,1
DB00783,DB12874,1
DB00951,DB09229,1
DB11757,DB00546,0
DB01623,DB00704,0
DB04829,DB06203,1
DB01177,DB13174,1
DB00351,DB01337,0
DB01609,DB13878,1
DB01263,DB13179,1
DB06512,DB00563,0
DB00932,DB01064,0
DB00582,DB04871,1
DB00184,DB00518,0
DB00527,DB01418,0
DB00173,DB01035,0
DB04855,DB08873,1
DB00737,DB11586,1
DB09083,DB06756,0
DB01544,DB11943,1
DB00489,DB00737,1
DB01587,DB11886,1
DB01224,DB01248,1
DB01181,DB00508,0
DB09555,DB05885,0
DB00270,DB01192,1
DB00998,DB00396,0
DB12001,DB01096,0
DB04829,DB06292,0
DB00346,DB00574,0
DB00468,DB04884,1
DB06595,DB09274,0
DB00448,DB01264,1
DB09274,DB13158,0
DB00209,DB01100,1
DB01104,DB12005,1
DB01168,DB00169,0
DB00448,DB00696,1
DB01039,DB08995,1
DB00454,DB00374,0
DB11697,DB05885,0
DB00330,DB00425,1
DB00714,DB01357,1
DB01576,DB11995,0
DB01142,DB01191,1
DB00283,DB01136,1
DB00261,DB01026,1
DB01094,DB01388,1
DB00627,DB00582,0
DB04975,DB00601,0
DB00784,DB06626,1
DB01086,DB01195,1
DB00486,DB00744,1
DB00914,DB00851,0
DB00204,DB00687,0
DB00378,DB01406,1
DB00545,DB06594,0
DB00831,DB05990,1
DB09053,DB09099,1
DB01177,DB01261,0
DB09241,DB01384,0
DB01058,DB01103,1
DB06594,DB01130,0
DB08933,DB09034,0
DB04572,DB01155,0
DB00909,DB01181,1
DB00956,DB01074,1
DB08918,DB04841,0
DB01167,DB08804,0
DB00270,DB06777,1
DB00234,DB01263,1
DB11652,DB01208,0
DB06781,DB12612,0
DB01039,DB01223,1
DB06726,DB12161,1
DB00983,DB01588,0
DB00932,DB01380,1
DB00559,DB06594,1
DB01136,DB09071,1
DB00787,DB01152,0
DB00324,DB01367,0
DB05814,DB06701,0
DB12218,DB06201,0
DB00877,DB08865,1
DB03756,DB12597,1
DB01072,DB03756,1
DB00379,DB00752,1
DB01097,DB04911,1
DB00455,DB01412,0
DB00238,DB01152,0
DB00248,DB12471,0
DB01227,DB11817,0
DB00628,DB04725,0
DB00530,DB11855,1
DB00582,DB00337,0
DB00914,DB03496,0
DB09204,DB11995,0
DB00378,DB00897,0
DB00843,DB01609,0
DB01211,DB03575,0
DB09244,DB05154,0
DB01012,DB01388,1
DB05039,DB00317,0
DB01536,DB00367,0
DB00448,DB01645,1
DB01242,DB09048,1
DB01411,DB08907,0
DB08895,DB01595,0
DB01254,DB00617,0
DB00593,DB00932,1
DB00773,DB01065,1
DB00482,DB01357,1
DB03575,DB01044,0
DB01026,DB01072,1
DB12941,DB00758,0
DB00951,DB06267,1
DB00857,DB13878,0
DB00439,DB05708,0
DB00783,DB04794,0
DB09330,DB06412,0
DB11978,DB01253,0
DB06335,DB00169,0
DB00252,DB13879,1
DB01008,DB01623,0
DB01388,DB09290,1
DB01685,DB09288,1
DB13158,DB04725,0
DB11730,DB11791,1
DB00176,DB04856,1
DB00490,DB01190,1
DB01395,DB09013,0
DB11995,DB09071,0
DB00213,DB00872,1
DB00224,DB01624,1
DB01222,DB09185,1
DB00580,DB00762,0
DB01012,DB08922,1
DB00972,DB00358,0
DB00655,DB00696,0
DB00661,DB13179,1
DB00263,DB00818,1
DB00891,DB00904,1
DB04908,DB12329,0
DB00205,DB11652,1
DB06741,DB00891,0
DB00518,DB03496,0
DB00374,DB01072,1
DB00444,DB09166,1
DB11951,DB09143,0
DB00370,DB09048,1
DB01320,DB06695,1
DB00199,DB05239,1
DB01028,DB13879,0
DB01098,DB09237,1
DB05294,DB00214,0
DB00304,DB01058,0
DB00346,DB12713,0
DB01194,DB01118,0
DB08807,DB00601,0
DB01623,DB00620,0
DB01098,DB09101,1
DB01062,DB00784,0
DB09079,DB00982,0
DB00195,DB00810,1
DB00255,DB01062,1
DB04216,DB00959,0
DB01087,DB11963,1
DB00891,DB00977,1
DB00831,DB00982,0
DB00758,DB12887,0
DB00914,DB00465,0
DB04975,DB00694,0
DB00297,DB01211,1
DB08899,DB01338,0
DB00568,DB01392,1
DB08502,DB00629,0
DB01079,DB11915,1
DB04842,DB00304,0
DB00546,DB00951,1
DB01007,DB06144,0
DB12329,DB01100,0
DB00191,DB04898,0
DB04884,DB00745,0
DB00672,DB11679,1
DB06603,DB03496,0
DB01076,DB01384,1
DB01601,DB05885,1
DB01009,DB12457,0
DB00484,DB11828,0
DB00749,DB05814,0
DB00757,DB01079,1
DB01058,DB12597,1
DB00250,DB01072,1
DB01104,DB09327,0
DB00751,DB01406,1
DB00608,DB01104,1
DB00697,DB01067,0
DB00617,DB01026,1
DB00557,DB13879,1
DB01103,DB11712,1
DB00997,DB00820,0
DB01079,DB11943,0
DB08815,DB02789,0
DB01104,DB06729,1
DB00349,DB00337,0
DB04975,DB08873,1
DB00444,DB01012,0
DB00499,DB00588,1
DB00724,DB09034,0
DB00598,DB09555,1
DB05812,DB09296,1
DB08896,DB00827,0
DB01177,DB04871,1
DB00304,DB06594,1
DB01544,DB06268,1
DB01319,DB04832,1
DB00472,DB12582,0
DB00740,DB01050,0
DB01409,DB00202,0
DB00836,DB12267,1
DB01032,DB01048,1
DB00736,DB00379,0
DB00377,DB01087,1
DB06756,DB00266,0
DB01536,DB09239,0
DB00993,DB09030,0
DB01392,DB08816,0
DB00334,DB11967,1
DB00636,DB06712,1
DB00392,DB01223,0
DB06403,DB09224,0
DB12010,DB00738,0
DB09017,DB00784,0
DB00773,DB01054,1
DB00307,DB06594,1
DB00347,DB01394,0
DB00843,DB04938,1
DB00571,DB00978,1
DB00998,DB12235,0
DB01411,DB06267,0
DB01012,DB12371,0
DB11942,DB01191,0
DB00818,DB01259,1
DB00717,DB12001,1
DB01601,DB02789,1
DB00532,DB00598,1
DB00328,DB00381,1
DB01044,DB06148,1
DB00377,DB09173,1
DB11901,DB02134,0
DB00327,DB04894,0
DB01012,DB01171,1
DB01079,DB04920,1
DB01096,DB04557,0
DB09290,DB00582,0
DB00252,DB08808,1
DB00563,DB13174,0
DB00714,DB01048,0
DB06726,DB09555,1
DB00912,DB06077,0
DB06414,DB12301,0
DB08860,DB09198,1
DB00437,DB01134,0
DB00918,DB01062,1
DB00213,DB01131,1
DB00978,DB04076,1
DB00982,DB01259,0
DB00740,DB06803,1
DB00586,DB05708,1
DB00827,DB11757,1
DB01114,DB12332,1
DB01544,DB11586,1
DB00448,DB01118,1
DB01544,DB08875,1
DB00997,DB11942,0
DB01058,DB09225,1
DB04835,DB00714,0
DB12483,DB11967,0
DB00946,DB01192,0
DB00711,DB04076,0
DB06077,DB00563,0
DB00998,DB09185,1
DB00444,DB01200,0
DB01708,DB01137,0
DB06292,DB04794,0
DB00972,DB01059,1
DB00846,DB00283,0
DB01559,DB00736,0
DB04076,DB06777,0
DB00333,DB12597,1
DB11901,DB00201,0
DB00843,DB04894,0
DB00629,DB04844,0
DB00384,DB00969,1
DB01138,DB01405,0
DB03783,DB08808,1
DB12255,DB09280,0
DB09327,DB12466,0
DB06691,DB06210,0
DB00316,DB09238,1
DB00819,DB09297,0
DB00714,DB01177,0
DB00924,DB00169,0
DB05239,DB06212,1
DB00568,DB00642,1
DB04889,DB04911,1
DB01047,DB09013,0
DB00227,DB09239,1
DB00384,DB01195,1
DB00288,DB00391,0
DB00374,DB08922,1
DB01126,DB08882,0
DB00589,DB02489,0
DB00440,DB08875,1
DB06603,DB09185,1
DB06700,DB00973,0
DB00320,DB01087,1
DB00726,DB00745,1
DB09389,DB01014,0
DB00104,DB00669,0
DB00530,DB09224,1
DB01008,DB04725,0
DB00960,DB12332,1
DB01261,DB06738,1
DB01026,DB12332,1
DB00608,DB00248,0
DB00621,DB00672,1
DB13878,DB00615,0
DB00617,DB01064,0
DB01210,DB06292,0
DB00908,DB08502,1
DB00608,DB00731,1
DB00330,DB00563,1
DB09039,DB13174,1
DB00316,DB00409,1
DB01069,DB01357,1
DB01263,DB04845,1
DB12010,DB04894,0
DB02709,DB01222,0
DB12713,DB00656,0
DB01628,DB06512,0
DB00379,DB01058,1
DB00409,DB12674,0
DB01166,DB06287,1
DB01191,DB09227,0
DB00448,DB01136,1
DB00726,DB01591,1
DB00439,DB06148,1
DB00444,DB00714,1
DB01087,DB01175,1
DB00224,DB08893,1
DB00402,DB00778,1
DB00216,DB09013,0
DB09229,DB11791,0
DB00518,DB01248,1
DB00589,DB01367,1
DB00475,DB00352,0
DB01628,DB12319,1
DB04356,DB00213,0
DB00589,DB08864,1
DB12693,DB11921,0
DB00805,DB02134,0
DB01198,DB01411,1
DB00988,DB03783,0
DB00309,DB12329,0
DB06268,DB06144,0
DB00382,DB00697,1
DB11757,DB04838,0
DB01295,DB09053,1
DB00796,DB00184,0
DB00532,DB00841,0
DB01094,DB06594,1
DB00477,DB08864,1
DB09327,DB00820,0
DB00294,DB00726,0
DB06777,DB12978,0
DB04574,DB06701,0
DB04557,DB05541,1
DB00744,DB06738,1
DB00744,DB04898,1
DB12471,DB00409,0
DB09291,DB12713,0
DB00315,DB06781,0
DB08882,DB11951,1
DB00409,DB11915,1
DB06512,DB09183,1
DB01094,DB09213,0
DB00471,DB00554,1
DB05239,DB00528,0
DB01248,DB00487,0
DB06287,DB11730,1
DB00346,DB00655,0
DB00843,DB11652,1
DB01873,DB09079,1
DB00675,DB06603,1
DB13158,DB02134,0
DB00445,DB00395,0
DB00570,DB00738,1
DB00392,DB00323,0
DB01392,DB11791,0
DB00993,DB12245,1
DB01645,DB00745,0
DB09245,DB00724,0
DB11560,DB00792,0
DB02703,DB04839,1
DB06207,DB03701,0
DB00518,DB00909,1
DB01181,DB00494,0
DB00379,DB00753,1
DB06512,DB12329,0
DB00444,DB00672,1
DB00503,DB01193,1
DB06212,DB00757,0
DB01412,DB08798,0
DB04856,DB08867,0
DB09225,DB01126,0
DB00240,DB06268,0
DB08875,DB12612,1
DB00530,DB12887,1
DB01261,DB00907,0
DB00104,DB00240,0
DB00717,DB06730,1
DB00297,DB00932,1
DB09291,DB11718,1
DB00914,DB06636,1
DB00998,DB00199,0
DB00489,DB00792,1
DB01384,DB08502,0
DB01026,DB01103,1
DB00333,DB06203,1
DB01210,DB00176,0
DB00238,DB04920,1
DB00956,DB11652,1
DB00382,DB00973,0
DB00323,DB06412,0
DB04557,DB06725,1
DB09017,DB01044,0
DB00330,DB08896,1
DB00327,DB04920,1
DB08922,DB02187,0
DB00862,DB01059,1
DB01263,DB12093,1
DB00177,DB06228,0
DB01624,DB09227,1
DB00982,DB12245,0
DB11682,DB11581,0
DB00468,DB09241,1
DB12020,DB03496,0
DB01137,DB00338,0
DB01009,DB09143,0
DB00697,DB11753,1
DB00388,DB12674,0
DB00726,DB06702,1
DB00907,DB09166,0
DB00998,DB09198,1
DB01367,DB09061,1
DB00773,DB01167,1
DB00266,DB11757,1
DB00932,DB09102,1
DB00477,DB06210,1
DB08933,DB00503,0
DB00603,DB01232,1
DB08798,DB09555,0
DB04938,DB09063,1
DB01065,DB12141,0
DB01026,DB01028,1
DB06781,DB01086,0
DB00382,DB01319,0
DB01104,DB09227,1
DB01026,DB09239,1
DB00841,DB00288,0
DB01588,DB01393,0
DB00872,DB00969,1
DB00365,DB01037,1
DB06817,DB00381,0
DB01074,DB00764,0
DB00968,DB01406,0
DB00655,DB08896,0
DB00845,DB01238,1
DB09099,DB03701,0
DB01259,DB00759,0
DB01369,DB01054,0
DB01355,DB12005,1
DB01198,DB00195,0
DB01166,DB11757,1
DB00598,DB01264,1
DB04574,DB00888,0
DB00322,DB08846,0
DB01645,DB03783,1
DB00448,DB04070,0
DB04832,DB11915,1
DB01013,DB00968,0
DB13878,DB12674,0
DB00264,DB09204,1
DB01168,DB09099,0
DB00214,DB07615,1
DB00753,DB09123,0
DB03010,DB11682,0
DB06695,DB06693,0
DB04825,DB11672,1
DB09053,DB11613,0
DB01685,DB05246,1
DB00904,DB01050,1
DB08893,DB13179,1
DB00711,DB00367,0
DB01195,DB01039,0
DB01406,DB01576,0
DB09173,DB00323,0
DB01095,DB12147,1
DB01014,DB12218,0
DB00908,DB01369,1
DB00933,DB12548,0
DB06700,DB08798,0
DB00675,DB08502,1
DB04889,DB01190,0
DB00471,DB01058,0
DB00443,DB06700,1
DB00966,DB00253,0
DB00543,DB09054,0
DB04845,DB01558,0
DB00619,DB12130,1
DB00433,DB00288,0
DB08804,DB00836,0
DB00338,DB00977,1
DB00817,DB00969,1
DB05814,DB02709,0
DB00568,DB06412,0
DB00185,DB00568,1
DB12301,DB00599,0
DB02187,DB01018,0
DB00205,DB08910,0
DB13879,DB00528,0
DB00346,DB01268,1
DB09083,DB11691,0
DB06414,DB00352,0
DB00897,DB01167,1
DB00784,DB04854,1
DB06729,DB13874,1
DB00297,DB00343,1
DB00724,DB08893,0
DB00533,DB08922,1
DB00443,DB01232,1
DB00599,DB00675,1
DB06695,DB13158,0
DB12941,DB01142,0
DB01283,DB00367,0
DB00721,DB00932,0
DB04216,DB09288,1
DB00773,DB00806,1
DB05708,DB04665,0
DB01228,DB01409,1
DB04977,DB00687,0
DB12130,DB00545,0
DB01338,DB04216,0
DB00796,DB11963,1
DB00949,DB12245,1
DB00836,DB00977,1
DB01221,DB01264,1
DB04975,DB11614,0
DB00888,DB06725,0
DB01621,DB09185,1
DB00118,DB01236,1
DB00787,DB00817,1
DB01103,DB06726,0
DB00330,DB00518,1
DB04938,DB09128,1
DB06207,DB00946,0
DB00872,DB12483,1
DB01012,DB08865,1
DB12278,DB00253,0
DB00425,DB00827,1
DB05708,DB00283,0
DB00518,DB11693,0
DB09198,DB11672,1
DB00557,DB03783,1
DB01388,DB00906,0
DB00839,DB11967,0
DB00636,DB09099,0
DB12371,DB12887,1
DB00697,DB01405,1
DB04070,DB07615,0
DB08804,DB12218,0
DB00445,DB04829,0
DB00266,DB00486,1
DB09223,DB04898,0
DB00817,DB04856,0
DB00865,DB01026,1
DB00289,DB12001,0
DB00734,DB11679,1
DB00477,DB09053,1
DB01095,DB04557,1
DB09090,DB01577,0
DB03783,DB09225,1
DB01009,DB08896,1
DB00908,DB08873,1
DB09123,DB01012,0
DB00503,DB09073,1
DB00495,DB00568,1
DB09183,DB11967,1
DB01601,DB06419,1
DB04975,DB04844,0
DB01544,DB12371,1
DB01131,DB00294,0
DB01264,DB06335,1
DB00736,DB09065,1
DB09030,DB01274,0
DB12597,DB01359,0
DB00818,DB06626,1
DB00705,DB05708,0
DB11689,DB01253,0
DB09241,DB01013,0
DB01076,DB01198,1
DB13158,DB09039,0
DB08439,DB01190,0
DB00675,DB01544,1
DB00379,DB09291,1
DB01227,DB09063,1
DB00864,DB00897,1
DB00496,DB12245,1
DB00784,DB00933,0
DB00787,DB01338,0
DB01050,DB08865,1
DB01656,DB02789,0
DB00382,DB01058,1
DB09013,DB01079,0
DB00629,DB04842,0
DB01580,DB08807,1
DB08931,DB00352,0
DB01007,DB01611,0
DB09143,DB11963,1
DB00545,DB01217,0
DB06700,DB09124,1
DB01320,DB00264,0
DB00288,DB01367,0
DB09048,DB12267,1
DB00194,DB00669,0
DB01393,DB13158,0
DB00978,DB12457,0
DB04975,DB09555,0
DB00315,DB08804,1
DB00531,DB00557,1
DB00180,DB00976,1
DB00176,DB01096,1
DB09195,DB01103,0
DB00227,DB11915,1
DB00546,DB04835,0
DB01048,DB06237,0
DB00982,DB04070,0
DB00220,DB00351,1
DB01037,DB01303,1
DB01166,DB12693,1
DB01104,DB12245,1
DB01097,DB00721,0
DB08868,DB12874,0
DB01028,DB04856,1
DB11619,DB11951,0
DB08903,DB00402,0
DB04794,DB09034,1
DB04938,DB08922,1
DB01007,DB09232,0
DB00333,DB12319,1
DB00528,DB01075,0
DB00993,DB00862,0
DB00773,DB06700,1
DB00382,DB08912,0
DB06803,DB06419,0
DB00559,DB04911,1
DB00744,DB08867,0
DB09555,DB13174,1
DB00188,DB00784,1
DB01002,DB01400,0
DB13158,DB02709,0
DB00805,DB11837,1
DB00977,DB01002,1
DB00668,DB01097,1
DB00951,DB08881,1
DB12130,DB01588,0
DB01065,DB09083,0
DB01100,DB01228,1
DB00972,DB11718,1
DB13878,DB11682,0
DB00911,DB12887,0
DB01232,DB09232,1
DB00668,DB00978,0
DB00589,DB00518,0
DB01134,DB08873,1
DB00731,DB01131,1
DB00759,DB00352,0
DB09048,DB06781,0
DB00574,DB08864,1
DB00953,DB12130,0
DB12597,DB08804,0
DB01067,DB12371,1
DB00471,DB12466,1
DB00472,DB01129,1
DB05294,DB00589,0
DB00255,DB04557,1
DB11560,DB01410,0
DB12010,DB00627,0
DB00531,DB01393,1
DB04652,DB08882,1
DB00568,DB01177,1
DB06603,DB05708,0
DB02703,DB06636,1
DB00244,DB00307,0
DB01012,DB01175,1
DB00327,DB06414,1
DB00863,DB11915,1
DB00250,DB08880,1
DB00642,DB00966,0
DB00546,DB01268,0
DB00850,DB00580,0
DB01303,DB00580,0
DB01118,DB11823,1
DB01118,DB06287,1
DB06414,DB00588,0
DB01228,DB03010,0
DB00188,DB04884,1
DB00343,DB00792,1
DB00951,DB11737,1
DB00872,DB00947,0
DB00568,DB00841,0
DB00361,DB01472,1
DB00947,DB09090,0
DB00338,DB01611,0
DB00817,DB01412,1
DB00530,DB04977,0
DB00365,DB00233,0
DB11574,DB00906,0
DB08846,DB09216,0
DB06691,DB00227,0
DB01130,DB09073,0
DB01118,DB08907,1
DB00283,DB01645,0
DB00401,DB01114,1
DB04938,DB13874,1
DB06419,DB00264,0
DB01094,DB00621,0
DB12582,DB08995,0
DB00215,DB00499,1
DB00872,DB01320,1
DB01028,DB11586,1
DB00726,DB01129,1
DB01283,DB01338,0
DB01403,DB09173,1
DB00911,DB13179,1
DB01621,DB08873,1
DB00315,DB01418,1
DB04957,DB06636,1
DB00699,DB04938,1
DB00224,DB00378,1
DB03496,DB12978,1
DB00806,DB00741,0
DB09229,DB01098,0
DB00914,DB08875,0
DB09065,DB00553,0
DB00758,DB00845,1
DB00384,DB00209,0
DB09198,DB11581,1
DB00575,DB09183,1
DB00365,DB00384,1
DB00268,DB00330,1
DB06695,DB06701,0
DB00208,DB00794,1
DB08502,DB12026,1
DB04841,DB09288,1
DB00737,DB00864,0
DB00176,DB04630,1
DB00836,DB12612,1
DB09227,DB11691,0
DB00379,DB01224,1
DB06712,DB08922,1
DB11691,DB01263,0
DB04794,DB08895,1
DB00918,DB09245,1
DB00792,DB00788,0
DB11689,DB08815,0
DB00806,DB01072,1
DB01558,DB06287,0
DB00699,DB01233,1
DB06603,DB08807,1
DB00361,DB11837,1
DB00619,DB11823,1
DB00437,DB00973,0
DB00315,DB00330,1
DB00674,DB00953,0
DB00486,DB11915,0
DB00334,DB09065,1
DB00744,DB09063,1
DB00726,DB04841,1
DB00617,DB00762,0
DB00993,DB00471,0
DB01035,DB06726,1
DB06730,DB11574,1
DB01138,DB01177,1
DB00501,DB00263,0
DB00586,DB00908,1
DB00264,DB01012,1
DB01232,DB11682,1
DB00993,DB06739,0
DB00575,DB04894,1
DB00361,DB01037,1
DB00333,DB09291,1
DB00277,DB06512,1
DB00356,DB04977,1
DB04844,DB12713,0
DB12693,DB12255,0
DB13158,DB01418,0
DB06292,DB01400,0
DB06207,DB01764,0
DB03701,DB00370,0
DB01177,DB11963,1
DB00518,DB11691,0
DB00683,DB11952,1
DB05708,DB00834,0
DB00661,DB01075,1
DB00243,DB01167,1
DB03496,DB00734,0
DB01411,DB06218,1
DB00857,DB11679,1
DB08808,DB08816,0
DB00717,DB13179,1
DB00977,DB06700,1
DB00736,DB09167,1
DB13158,DB05814,0
DB12141,DB11942,0
DB00465,DB00468,1
DB01320,DB03756,1
DB00655,DB00352,0
DB00787,DB03783,1
DB00379,DB08807,1
DB00363,DB00806,1
DB00621,DB00209,0
DB01036,DB13878,0
DB11712,DB00322,0
DB00817,DB00202,0
DB00482,DB09053,1
DB00564,DB00714,1
DB00888,DB00343,0
DB00496,DB00608,1
DB00717,DB04835,0
DB00549,DB09071,1
DB00845,DB01544,0
DB09095,DB06268,0
DB01406,DB01559,1
DB08827,DB06401,0
DB01685,DB04725,1
DB00382,DB13874,1
DB00924,DB01418,1
DB04557,DB04896,0
DB00814,DB11995,1
DB01134,DB06419,0
DB04845,DB00283,0
DB09235,DB00228,0
DB01041,DB01388,1
DB00495,DB08995,1
DB00250,DB01036,1
DB06626,DB01137,0
DB01167,DB11751,0
DB01558,DB00374,0
DB00499,DB02703,1
DB00471,DB04829,0
DB00570,DB00982,0
DB00482,DB01624,1
DB01048,DB00205,0
DB12693,DB09095,0
DB09054,DB01338,0
DB09039,DB00787,0
DB01259,DB01297,0
DB00636,DB12218,0
DB00949,DB06595,1
DB00465,DB11581,0
DB06401,DB00396,0
DB00622,DB08896,1
DB00381,DB00471,1
DB00335,DB00946,0
DB00621,DB06207,0
DB01221,DB11979,1
DB00668,DB11986,1
DB12466,DB06144,0
DB06210,DB09288,1
DB00615,DB04856,0
DB06654,DB01259,0
DB06412,DB09291,0
DB01028,DB01191,1
DB00712,DB08811,0
DB00176,DB00361,1
DB01418,DB05708,1
DB01065,DB04552,0
DB00621,DB01628,1
DB00193,DB04794,1
DB05814,DB00195,0
DB00402,DB00694,1
DB01232,DB05885,1
DB00499,DB00697,1
DB05219,DB06730,0
DB06738,DB00173,0
DB00936,DB00792,0
DB01192,DB01536,0
DB00752,DB00952,1
DB11995,DB12543,0
DB08804,DB04070,0
DB00338,DB12332,1
DB00711,DB01007,0
DB00969,DB00717,0
DB00266,DB09227,0
DB00758,DB01191,1
DB00752,DB09213,1
DB00813,DB06730,1
DB00706,DB08881,1
DB00503,DB00737,1
DB00224,DB00351,1
DB00201,DB00696,0
DB00779,DB01367,1
DB01198,DB04920,1
DB09290,DB00888,0
DB00495,DB00268,0
DB00891,DB06237,1
DB00379,DB00865,1
DB00663,DB01211,1
DB01873,DB00356,0
DB01337,DB01214,0
DB04911,DB01400,0
DB00255,DB00494,1
DB00934,DB08807,1
DB00696,DB09238,1
DB04835,DB00563,0
DB00330,DB00969,1
DB01114,DB00279,0
DB01104,DB12020,1
DB00836,DB04975,0
DB00250,DB09061,1
DB00317,DB00445,0
DB04977,DB00214,0
DB00972,DB01096,1
DB00983,DB01181,1
DB09232,DB00499,0
DB01142,DB08896,1
DB00714,DB09198,1
DB00205,DB00469,0
DB00228,DB01645,0
DB04856,DB01175,0
DB00209,DB06730,0
DB00936,DB00872,0
DB00960,DB09185,1
DB12713,DB01233,0
DB00783,DB01008,0
DB04665,DB06738,1
DB00381,DB09053,0
DB01136,DB00910,0
DB00623,DB11952,0
DB09232,DB00906,0
DB00283,DB01095,1
DB05814,DB01129,0
DB00619,DB01355,1
DB00553,DB06730,0
DB12319,DB06267,0
DB00757,DB01194,0
DB00234,DB11730,1
DB00907,DB09185,1
DB12543,DB01303,0
DB08868,DB01667,0
DB00927,DB01064,0
DB00378,DB04832,1
DB01396,DB09049,0
DB00588,DB13174,0
DB00642,DB00227,0
DB04889,DB00628,0
DB00208,DB01131,1
DB01406,DB06739,1
DB00591,DB00976,1
DB09101,DB00574,0
DB01079,DB01221,1
DB12020,DB00978,0
DB00494,DB00977,1
DB00477,DB13874,1
DB00731,DB00863,1
DB00738,DB01195,1
DB01193,DB01410,1
DB00324,DB01558,0
DB00580,DB11586,1
DB00201,DB00969,1
DB02703,DB11614,1
DB01194,DB08893,0
DB00288,DB01074,0
DB00224,DB00394,1
DB00586,DB08865,1
DB09073,DB04652,0
DB01211,DB00968,0
DB11693,DB09204,0
DB00193,DB12245,1
DB00455,DB09296,1
DB01409,DB09102,0
DB00814,DB04856,1
DB01037,DB11581,1
DB04889,DB06691,1
DB06741,DB01591,0
DB09297,DB00465,0
DB00289,DB01134,0
DB08933,DB00388,0
DB04574,DB09288,1
DB01062,DB12235,1
DB00792,DB00956,1
DB00208,DB12471,0
DB06210,DB06605,1
DB00270,DB00862,1
DB00185,DB01047,0
DB00945,DB00253,0
DB00347,DB13179,1
DB01104,DB06702,1
DB00317,DB00976,1
DB00586,DB12483,0
DB01297,DB09291,1
DB00582,DB09185,1
DB00952,DB06781,0
DB00353,DB04896,1
DB00104,DB09288,0
DB04076,DB05814,0
DB01369,DB12978,1
DB01406,DB09079,1
DB00209,DB01624,1
DB00528,DB00316,0
DB06594,DB05814,0
DB08827,DB09039,1
DB00711,DB06594,0
DB00959,DB11730,1
DB00543,DB01079,1
DB00338,DB04825,0
DB00252,DB12693,1
DB08995,DB00687,0
DB01118,DB12466,1
DB00489,DB00674,1
DB00554,DB00836,1
DB00468,DB09291,1
DB00490,DB00338,0
DB09297,DB11730,1
DB00907,DB06203,1
DB00831,DB01388,1
DB11978,DB00484,0
DB01094,DB11560,0
DB06414,DB12597,1
DB01177,DB01259,0
DB11978,DB00849,0
DB11614,DB00806,0
DB09063,DB08918,0
DB01072,DB04725,1
DB00518,DB04070,1
DB00705,DB01380,1
DB00333,DB06419,0
DB01173,DB01009,0
DB01131,DB01873,0
DB00904,DB01242,1
DB06725,DB09555,0
DB05109,DB08875,1
DB00184,DB08864,1
DB00603,DB01171,0
DB00283,DB00784,0
DB00330,DB00927,0
DB01095,DB06595,1
DB11837,DB12026,1
DB00208,DB00907,1
DB00554,DB13874,1
DB09290,DB03496,0
DB00730,DB06701,0
DB01369,DB00734,0
DB00934,DB11837,1
DB00778,DB01094,0
DB00949,DB01131,1
DB00951,DB06210,1
DB00621,DB00234,0
DB00238,DB06414,1
DB06738,DB11560,1
DB01041,DB12020,0
DB00532,DB09167,1
DB00590,DB00736,1
DB01103,DB01406,1
DB00233,DB11574,0
DB06693,DB04839,0
DB00177,DB00250,1
DB00813,DB01223,0
DB00496,DB08860,0
DB00568,DB06268,1
DB06594,DB04975,0
DB00951,DB09073,1
DB00591,DB04652,0
DB11691,DB00409,0
DB00279,DB13874,1
DB11672,DB01129,0
DB01224,DB09389,0
DB01418,DB06626,1
DB01214,DB11886,0
DB00384,DB08804,0
DB00773,DB01039,1
DB00277,DB04861,1
DB00377,DB04846,1
DB01177,DB09173,1
DB01137,DB03575,0
DB00412,DB01126,0
DB01222,DB11575,0
DB00248,DB00590,1
DB00425,DB09173,1
DB00806,DB01192,0
DB00208,DB01094,1
DB00976,DB08820,1
DB00227,DB00440,1
DB00960,DB01134,0
DB01558,DB00199,0
DB09083,DB00549,0
DB00678,DB04835,0
DB01412,DB09185,1
DB06712,DB08882,1
DB00966,DB00228,0
DB11574,DB11672,1
DB11817,DB04856,0
DB01086,DB01223,1
DB00227,DB01472,1
DB08867,DB00966,0
DB06412,DB13879,0
DB00946,DB11689,1
DB01032,DB01104,1
DB00307,DB00582,1
DB00476,DB04884,1
DB00317,DB09274,0
DB01588,DB09185,1
DB00367,DB01058,1
DB00255,DB08864,1
DB00973,DB00499,0
DB00396,DB11672,1
DB09099,DB11614,0
DB11823,DB12245,1
DB11855,DB11619,0
DB00532,DB00752,1
DB00983,DB11915,1
DB00317,DB12693,1
DB01097,DB01074,0
DB01764,DB00582,0
DB09102,DB00353,0
DB11986,DB12010,1
DB01096,DB09128,1
DB00668,DB00636,0
DB01224,DB12466,0
DB00330,DB12978,1
DB01337,DB11986,0
DB00469,DB01400,0
DB01167,DB01418,1
DB04889,DB11718,1
DB00683,DB01138,0
DB04957,DB00448,0
DB01117,DB09143,0
DB00557,DB12147,0
DB04794,DB00559,0
DB00696,DB12483,1
DB00277,DB00402,1
DB01134,DB00323,0
DB01238,DB04070,1
DB06741,DB12141,0
DB00343,DB00736,1
DB00363,DB00891,1
DB08804,DB00312,0
DB00530,DB09173,1
DB09065,DB06693,0
DB12548,DB08918,0
DB01384,DB11672,1
DB00758,DB01155,1
DB00783,DB01086,1
DB04871,DB09555,1
DB01214,DB01223,0
DB00317,DB11963,1
DB04630,DB00177,0
DB00374,DB01252,0
DB06789,DB12543,0
DB00752,DB01050,1
DB09389,DB06738,0
DB00445,DB00846,0
DB01167,DB08896,1
DB00843,DB13179,1
DB00365,DB01167,1
DB05239,DB00912,0
DB00531,DB01259,1
DB00764,DB01217,1
DB00778,DB00932,1
DB08860,DB00499,0
DB00796,DB08846,0
DB00591,DB01406,1
DB01168,DB11581,0
DB01026,DB01062,1
DB00277,DB11652,1
DB04920,DB05812,1
DB00330,DB01410,1
DB00615,DB04630,0
DB00969,DB04871,1
DB00205,DB00352,0
DB01138,DB04829,0
DB01393,DB01018,0
DB09039,DB00214,0
DB08867,DB06741,0
DB01026,DB04856,1
DB00731,DB01227,1
DB09073,DB01210,0
DB01173,DB00439,0
DB12329,DB00806,0
DB00704,DB09101,0
DB00277,DB01074,1
DB06267,DB11837,1
DB01623,DB00328,0
DB00334,DB09291,1
DB00714,DB00324,0
DB00323,DB04216,1
DB00907,DB11652,1
DB04889,DB01013,0
DB11691,DB08901,0
DB01395,DB08865,1
DB08439,DB06691,0
DB00177,DB04854,0
DB00186,DB00705,1
DB00324,DB00845,0
DB00705,DB06777,1
DB06210,DB08864,1
DB12020,DB11712,0
DB00361,DB01183,0
DB00966,DB00553,0
DB01396,DB00814,0
DB00531,DB00679,1
DB00361,DB00396,1
DB00912,DB01685,1
DB01165,DB09065,0
DB09071,DB09124,0
DB00467,DB01359,0
DB04216,DB00324,0
DB01536,DB00297,0
DB00533,DB11978,1
DB04844,DB00708,0
DB00214,DB09238,1
DB08896,DB01708,0
DB05708,DB01873,0
DB00266,DB00622,1
DB04938,DB11757,1
DB01400,DB01117,0
DB12548,DB11886,0
DB00433,DB00758,0
DB00694,DB09048,1
DB00213,DB00582,1
DB00909,DB08882,1
DB04854,DB09185,0
DB00601,DB12941,0
DB09061,DB06777,0
DB00468,DB01183,0
DB00327,DB00338,0
DB09555,DB09166,0
DB01263,DB11823,1
DB04356,DB12141,0
DB00982,DB12332,0
DB00661,DB00810,0
DB00205,DB01058,0
DB00839,DB00209,0
DB01400,DB11979,0
DB00184,DB00762,1
DB00904,DB01628,1
DB00250,DB00343,1
DB00363,DB00906,1
DB09083,DB12001,0
DB00528,DB01062,1
DB00817,DB00904,1
DB08864,DB06152,0
DB12543,DB08846,0
DB06148,DB09198,1
DB01132,DB09065,1
DB01098,DB09235,1
DB00289,DB01118,1
DB00872,DB01268,1
DB04896,DB09083,1
DB00617,DB01152,0
DB09049,DB09101,1
DB00186,DB00224,1
DB00215,DB09039,1
DB12005,DB04977,0
DB00694,DB04070,0
DB01359,DB06287,1
DB00377,DB00104,0
DB01176,DB08877,1
DB00973,DB04975,0
DB03575,DB02709,0
DB00553,DB09238,0
DB05154,DB00866,0
DB11712,DB04911,0
DB00370,DB01628,1
DB00841,DB00233,0
DB11921,DB00353,0
DB00773,DB11751,0
DB00731,DB01118,1
DB04552,DB01406,0
DB00615,DB01406,1
DB00539,DB12319,0
DB00173,DB00773,1
DB00570,DB06701,0
DB00918,DB01472,1
DB00543,DB00705,1
DB11921,DB07615,0
DB01036,DB01126,0
DB09296,DB12612,1
DB00176,DB00563,1
DB00580,DB01198,1
DB00586,DB00978,1
DB04841,DB01394,0
DB00663,DB01559,0
DB01117,DB06152,0
DB00323,DB00199,0
DB12005,DB00827,0
DB00528,DB00619,1
DB01039,DB08922,1
DB04725,DB11672,0
DB00169,DB02703,1
DB01168,DB01167,0
DB04854,DB00349,0
DB00214,DB08867,0
DB01261,DB12612,1
DB08896,DB01392,0
DB00495,DB01232,1
DB05239,DB00700,0
DB12466,DB00834,0
DB01137,DB09273,1
DB00381,DB00621,0
DB00195,DB09274,0
DB00699,DB00391,0
DB00205,DB11963,0
DB04572,DB12235,1
DB00439,DB00543,1
DB02789,DB00977,0
DB00773,DB06403,1
DB01050,DB12010,1
DB00796,DB06636,1
DB11995,DB09237,0
DB00118,DB12332,0
DB01118,DB11672,1
DB00677,DB08899,0
DB01104,DB05708,0
DB12978,DB00731,0
DB01263,DB06595,1
DB00608,DB09241,1
DB00353,DB09030,1
DB08875,DB11689,1
DB12267,DB00960,0
DB00220,DB01076,1
DB00214,DB00425,1
DB00351,DB11712,0
DB12218,DB04829,0
DB12235,DB02709,0
DB00163,DB11730,1
DB00227,DB12941,1
DB00570,DB01472,1
DB00193,DB00234,1
DB01369,DB09061,0
DB00557,DB12371,0
DB00863,DB09143,0
DB03701,DB01059,0
DB06725,DB08875,1
DB06292,DB12026,0
DB00379,DB01100,1
DB00724,DB01045,0
DB01177,DB11855,1
DB04356,DB08864,0
DB00475,DB01583,0
DB00255,DB00603,1
DB01223,DB06605,0
DB04911,DB00445,0
DB00598,DB13878,1
DB05294,DB09030,1
DB00757,DB00422,0
DB01214,DB09183,0
DB00215,DB06212,1
DB00932,DB09166,1
DB01406,DB11951,1
DB01587,DB09048,1
DB00320,DB09185,1
DB04725,DB06739,1
DB11837,DB06756,0
DB00455,DB01095,1
DB05812,DB08901,1
DB06741,DB09288,0
DB00872,DB05812,1
DB01536,DB12278,0
DB00553,DB00266,0
DB00966,DB00591,0
DB00205,DB00304,0
DB01274,DB01007,0
DB00817,DB01254,1
DB08811,DB08882,0
DB08846,DB11619,0
DB00176,DB04845,1
DB00951,DB12301,1
DB01058,DB00204,0
DB01035,DB01392,1
DB00827,DB09245,0
DB01217,DB01193,0
DB05109,DB00730,0
DB00908,DB00951,1
DB01193,DB13174,1
DB06287,DB11614,1
DB09229,DB00621,0
DB00499,DB00528,1
DB12941,DB12130,0
DB00316,DB09273,1
DB00976,DB09123,1
DB00590,DB01406,1
DB12329,DB01611,0
DB01167,DB01190,1
DB00888,DB13179,0
DB09143,DB01028,0
DB00530,DB06228,1
DB01050,DB01096,0
DB00621,DB13919,1
DB00897,DB01012,0
DB04854,DB01395,0
DB00877,DB09185,1
DB06693,DB05246,0
DB00304,DB00814,1
DB00731,DB01173,1
DB00188,DB00839,1
DB00734,DB12471,0
DB00215,DB00264,1
DB00361,DB01007,0
DB00749,DB00904,1
DB01028,DB01074,1
DB00193,DB01096,1
DB00628,DB08865,1
DB00977,DB09143,0
DB06218,DB09099,1
DB01536,DB06774,0
DB06626,DB09238,1
DB12235,DB00382,0
DB04861,DB01068,0
DB00591,DB08815,0
DB00193,DB01234,1
DB12235,DB01393,0
DB08901,DB12161,1
DB08873,DB13879,0
DB00201,DB00248,0
DB00476,DB00731,1
DB00238,DB01032,1
DB00969,DB03701,0
DB01167,DB11712,1
DB00734,DB09173,1
DB05109,DB12141,1
DB01248,DB00906,0
DB00911,DB11613,0
DB00448,DB00465,1
DB00214,DB04832,0
DB01337,DB00845,0
DB04920,DB11995,1
DB00655,DB04957,0
DB00261,DB00787,1
DB01319,DB00209,0
DB00381,DB01097,1
DB05814,DB01079,0
DB01211,DB08901,1
DB01303,DB00888,0
DB00205,DB13879,0
DB00250,DB00603,1
DB00234,DB09167,1
DB06203,DB05814,0
DB00518,DB00628,0
DB00382,DB00819,0
DB00531,DB00865,1
DB08868,DB00468,0
DB00191,DB01319,0
DB06267,DB09053,1
DB01167,DB04908,1
DB02489,DB11943,1
DB13158,DB01193,0
DB00467,DB00571,1
DB04846,DB11619,0
DB09143,DB08846,0
DB00201,DB09288,1
DB04846,DB01048,0
DB06702,DB06739,0
DB00947,DB00623,0
DB12147,DB01214,0
DB00216,DB00951,1
DB01074,DB01075,1
DB04557,DB00910,0
DB01181,DB01395,1
DB01400,DB00349,0
DB00997,DB09299,1
DB00730,DB00283,0
DB00623,DB09173,1
DB01259,DB11757,1
DB00557,DB04889,1
DB00501,DB01129,1
DB00908,DB04856,0
DB00205,DB00617,1
DB00820,DB00845,1
DB04856,DB08877,1
DB00216,DB00448,1
DB01224,DB13174,1
DB00487,DB00717,0
DB01253,DB00912,0
DB00745,DB00849,1
DB00333,DB00959,0
DB00857,DB09297,0
DB05812,DB01208,0
DB00195,DB05271,1
DB11693,DB00268,0
DB11682,DB01129,0
DB00619,DB06403,1
DB00384,DB06594,1
DB06512,DB09288,1
DB00261,DB00851,1
DB00845,DB01132,0
DB00194,DB03515,0
DB00501,DB00796,1
DB00118,DB00191,0
DB00697,DB00437,0
DB00749,DB12005,1
DB00570,DB01577,1
DB00993,DB04854,1
DB09099,DB00810,0
DB00731,DB06678,1
DB00968,DB11574,0
DB04665,DB12245,1
DB01129,DB00559,0
DB06702,DB12941,0
DB00582,DB00744,1
DB09013,DB01410,0
DB00810,DB01472,1
DB01118,DB09079,1
DB09235,DB00896,0
DB04908,DB06401,0
DB00865,DB01601,1
DB06282,DB11995,0
DB00455,DB00401,0
DB01263,DB09239,1
DB00977,DB04356,1
DB09101,DB09195,1
DB00758,DB01233,1
DB06803,DB00947,0
DB06152,DB09143,0
DB00543,DB04216,0
DB05294,DB01576,0
DB01645,DB11901,1
DB00177,DB11823,1
DB01396,DB00546,0
DB00617,DB01029,1
DB00104,DB12141,1
DB00434,DB05109,0
DB00180,DB00476,0
DB11751,DB11586,0
DB00744,DB02703,1
DB01559,DB08882,1
DB01155,DB01645,1
DB00557,DB00699,1
DB01611,DB05109,1
DB12483,DB03756,0
DB11613,DB00266,0
DB00216,DB12005,1
DB09073,DB08808,0
DB04861,DB11995,0
DB06419,DB06730,1
DB00603,DB12026,1
DB00776,DB06292,0
DB06210,DB09167,1
DB06701,DB01181,0
DB01131,DB06218,1
DB00762,DB01100,1
DB09039,DB00527,0
DB06148,DB00204,0
DB04861,DB06512,1
DB06726,DB00982,0
DB12218,DB00911,0
DB01227,DB09048,1
DB06678,DB00778,0
DB00593,DB13174,1
DB00422,DB00288,0
DB00494,DB01058,0
DB00758,DB09102,1
DB01190,DB00191,0
DB11613,DB01708,0
DB09223,DB09227,1
DB09389,DB00471,0
DB00672,DB11575,0
DB00622,DB08910,1
DB00402,DB12147,0
DB13783,DB01198,0
DB05109,DB00351,0
DB00696,DB00908,1
DB00317,DB11560,0
DB00787,DB02134,1
DB09049,DB00204,0
DB09071,DB12887,1
DB00335,DB00394,0
DB00186,DB01103,0
DB00185,DB11757,1
DB01208,DB00227,0
DB01039,DB08864,1
DB00528,DB12874,1
DB00924,DB01044,1
DB08881,DB00173,0
DB03010,DB00261,0
DB01045,DB01176,0
DB11837,DB00813,0
DB00309,DB04884,1
DB00288,DB00872,0
DB04574,DB09053,0
DB06077,DB00846,0
DB00356,DB01263,1
DB00482,DB09183,1
DB04856,DB00289,0
DB00467,DB00202,0
DB01136,DB01167,1
DB00617,DB11979,1
DB00708,DB00993,0
DB13158,DB00608,0
DB01396,DB11682,0
DB00731,DB00792,1
DB00289,DB04911,1
DB00425,DB01228,1
DB01118,DB06267,1
DB00757,DB05812,1
DB01283,DB00268,0
DB01104,DB11581,1
DB00477,DB04898,0
DB00194,DB07615,0
DB00960,DB11574,0
DB00496,DB01026,1
DB00169,DB09090,0
DB00679,DB11689,1
DB12329,DB05885,0
DB00679,DB04861,1
DB00949,DB00322,0
DB05708,DB01536,0
DB04076,DB00737,0
DB00589,DB00627,1
DB01095,DB01628,1
DB00575,DB11757,1
DB00554,DB06207,0
DB00330,DB00872,1
DB00582,DB00904,1
DB01259,DB12245,1
DB00250,DB01173,0
DB01234,DB01764,0
DB00619,DB00936,1
DB00378,DB08903,0
DB09296,DB00289,0
DB00988,DB00448,0
DB00445,DB06702,0
DB00288,DB09225,0
DB11712,DB00465,0
DB00570,DB05246,0
DB01200,DB09555,0
DB00320,DB04856,0
DB06152,DB01595,0
DB01069,DB06605,1
DB00846,DB12218,0
DB13174,DB01013,0
DB00685,DB01254,1
DB00184,DB03783,1
DB00289,DB01580,1
DB05109,DB12319,1
DB03756,DB04725,1
DB13174,DB00909,0
DB00240,DB00564,0
DB00619,DB00802,1
DB00199,DB00201,1
DB00173,DB01319,0
DB09244,DB05990,0
DB01254,DB04946,1
DB01708,DB11963,0
DB00636,DB01601,1
DB01192,DB07615,0
DB01403,DB00603,0
DB00559,DB12597,1
DB01075,DB06603,1
DB00872,DB09195,1
DB12235,DB00327,0
DB00914,DB11737,0
DB08901,DB11952,1
DB09274,DB00706,0
DB00250,DB01039,1
DB12278,DB01411,0
DB00437,DB00846,0
DB00945,DB11586,1
DB06702,DB09183,1
DB00273,DB00705,0
DB00949,DB08502,0
DB00545,DB06605,0
DB11951,DB01064,0
DB00240,DB01069,0
DB01050,DB12329,0
DB01152,DB01173,0
DB00353,DB01587,0
DB00495,DB01026,1
DB00678,DB04938,1
DB00907,DB01136,1
DB01167,DB09048,1
DB09039,DB00839,0
DB00956,DB00309,0
DB00176,DB08877,1
DB00503,DB01096,1
DB08875,DB01242,0
DB06201,DB01067,0
DB00530,DB00862,1
DB00586,DB08901,1
DB00779,DB09291,0
DB00927,DB01667,1
DB00814,DB11682,0
DB09244,DB05708,0
DB09288,DB11730,1
DB04855,DB12301,1
DB01544,DB02703,1
DB09195,DB04076,0
DB09083,DB02789,0
DB00531,DB11967,1
DB00477,DB01058,1
DB01232,DB09030,1
DB01577,DB11837,1
DB00983,DB11817,0
DB04076,DB04356,1
DB06702,DB00779,0
DB06595,DB00752,0
DB11679,DB12674,0
DB01079,DB11679,1
DB01217,DB12466,1
DB05812,DB11730,1
DB06700,DB09291,1
DB00288,DB00612,0
DB00580,DB12471,0
DB08798,DB00799,0
DB06626,DB12235,1
DB09185,DB12093,1
DB09061,DB09244,1
DB00841,DB00173,0
DB00678,DB11823,1
DB00288,DB00297,0
DB01242,DB04854,0
DB00669,DB09245,1
DB00933,DB04889,1
DB00914,DB08901,1
DB13878,DB05109,0
DB00731,DB04898,1
DB00439,DB00455,1
DB00414,DB00751,0
DB00377,DB04861,1
DB06144,DB00973,0
DB00952,DB03496,0
DB00586,DB00721,0
DB00499,DB01079,1
DB00194,DB01041,0
DB00252,DB09204,1
DB01018,DB04070,0
DB02134,DB01041,0
DB00866,DB00233,0
DB00977,DB02134,1
DB08912,DB09039,1
DB12466,DB00952,0
DB00787,DB09198,1
DB00695,DB01217,0
DB01054,DB01232,1
DB00679,DB09048,1
DB00213,DB00531,1
DB00374,DB01013,0
DB00482,DB00751,1
DB12941,DB01035,0
DB06212,DB00309,0
DB00911,DB01029,0
DB01054,DB12130,1
DB00580,DB11730,1
DB01171,DB03783,1
DB11691,DB06730,0
DB00361,DB01369,1
DB01406,DB11737,1
DB00843,DB00553,0
DB04855,DB06148,1
DB00118,DB06218,0
DB00494,DB01254,0
DB00557,DB00731,1
DB00655,DB04552,0
DB00598,DB01228,1
DB06693,DB01609,0
DB12301,DB00209,0
DB00983,DB00997,1
DB11952,DB12245,1
DB04840,DB01400,0
DB09063,DB01337,0
DB00590,DB01611,1
DB12978,DB01621,0
DB00289,DB00705,1
DB00317,DB09128,1
DB00186,DB00118,0
DB00195,DB09555,1
DB00668,DB12235,1
DB00608,DB09101,1
DB06152,DB00817,0
DB00395,DB06268,1
DB00439,DB00598,1
DB00582,DB04841,1
DB00312,DB00685,0
DB01087,DB06419,1
DB00599,DB01130,0
DB11751,DB12612,0
DB08882,DB09143,1
DB01200,DB00277,0
DB00857,DB01062,1
DB00910,DB00711,0
DB09049,DB12010,0
DB00367,DB00705,1
DB00425,DB09555,1
DB00818,DB01131,1
DB01104,DB02703,1
DB01136,DB01177,1
DB04652,DB06268,0
DB00947,DB00619,0
DB08899,DB01210,0
DB01067,DB05814,0
DB01396,DB04975,0
DB00270,DB08918,1
DB00297,DB00953,0
DB00270,DB09291,1
DB00557,DB01181,1
DB00195,DB05109,1
DB00757,DB01248,0
DB00471,DB00202,0
DB01029,DB00932,0
DB11682,DB06726,0
DB00392,DB06741,0
DB01357,DB06700,1
DB04855,DB09030,1
DB00531,DB01224,1
DB00593,DB04725,0
DB00338,DB09241,1
DB04920,DB06678,1
DB01177,DB04652,0
DB00334,DB12941,0
DB12267,DB00599,0
DB09274,DB01087,0
DB01236,DB01201,0
DB00699,DB04557,0
DB00619,DB01190,1
DB12543,DB12267,0
DB09185,DB00414,0
DB00877,DB00169,0
DB01263,DB01628,1
DB01028,DB03783,1
DB04832,DB08912,1
DB06203,DB11586,1
DB06712,DB09079,1
DB04975,DB00501,0
DB01129,DB09128,0
DB00836,DB01076,1
DB00307,DB00608,1
DB08875,DB09198,1
DB04844,DB06212,0
DB01396,DB08864,1
DB09095,DB05814,0
DB00496,DB08865,1
DB00863,DB01359,1
DB12010,DB00289,0
DB12141,DB00910,0
DB00220,DB00628,1
DB00918,DB11855,1
DB00622,DB06237,1
DB00494,DB01410,1
DB00904,DB01667,1
DB01075,DB09280,1
DB01194,DB00315,0
DB00188,DB06738,1
DB08860,DB06292,0
DB00976,DB01117,1
DB06201,DB08868,1
DB08895,DB12332,1
DB00173,DB13874,1
DB00738,DB01232,1
DB06777,DB00711,0
DB00315,DB00783,1
DB00227,DB00759,1
DB00787,DB01558,1
DB04844,DB06729,1
DB00489,DB01087,1
DB00377,DB00705,1
DB00250,DB06701,0
DB00279,DB00712,1
DB01211,DB00195,0
DB04840,DB12693,1
DB08502,DB09274,0
DB00956,DB01117,0
DB06729,DB11689,1
DB00335,DB01087,1
DB00700,DB06803,0
DB09327,DB08882,0
DB04844,DB04911,1
DB00238,DB08910,1
DB00465,DB11586,1
DB00501,DB01075,1
DB00255,DB01200,0
DB06817,DB01181,0
DB12713,DB00185,0
DB00330,DB00946,1
DB00554,DB09198,1
DB00700,DB12941,0
DB01067,DB12147,1
DB06419,DB00861,0
DB01238,DB09235,1
DB01062,DB08808,1
DB00675,DB08807,1
DB00250,DB12887,0
DB00528,DB11689,1
DB00343,DB09053,1
DB12612,DB00215,0
DB00934,DB01418,1
DB00706,DB00951,1
DB01303,DB00956,0
DB08875,DB00623,0
DB00559,DB01411,1
DB06335,DB06201,0
DB09099,DB00749,0
DB06781,DB01253,0
DB01026,DB11712,1
DB00784,DB09198,1
DB00243,DB01536,0
DB00794,DB09173,0
DB00351,DB00932,1
DB00240,DB06605,0
DB04794,DB01067,0
DB00495,DB01079,1
DB01069,DB12332,1
DB01039,DB09166,1
DB01242,DB13174,1
DB04855,DB01667,0
DB08864,DB08893,1
DB00186,DB01098,0
DB11823,DB04794,0
DB06725,DB12319,1
DB11967,DB06739,0
DB00234,DB00857,0
DB09185,DB11693,1
DB00841,DB00744,0
DB12371,DB12301,0
DB04938,DB12147,1
DB08895,DB00202,0
DB04854,DB04898,0
DB01047,DB00553,0
DB00783,DB06700,1
DB00465,DB06401,0
DB08933,DB00617,0
DB00976,DB06730,1
DB00317,DB00700,1
DB09063,DB00208,0
DB09095,DB00796,0
DB00448,DB06203,1
DB00678,DB01263,1
DB00730,DB08867,0
DB01214,DB00402,0
DB00482,DB00532,1
DB01076,DB04894,1
DB01058,DB11652,1
DB09185,DB09239,1
DB04856,DB12483,1
DB00997,DB01192,1
DB12471,DB06693,0
DB00176,DB00762,1
DB00443,DB00323,0
DB09090,DB08880,0
DB01012,DB01223,1
DB00998,DB11837,1
DB01087,DB05294,1
DB11817,DB08807,0
DB06777,DB00273,0
DB00976,DB00672,0
DB01175,DB13158,0
DB00264,DB06148,1
DB00622,DB00977,1
DB00469,DB12471,0
DB00208,DB00216,1
DB13878,DB01096,0
DB01166,DB01590,1
DB00455,DB00484,0
DB00983,DB09227,0
DB00489,DB00907,1
DB00356,DB01035,1
DB06695,DB01576,0
DB01394,DB01685,1
DB09213,DB00288,0
DB06605,DB09198,1
DB00912,DB08922,1
DB04829,DB09297,0
DB02703,DB00484,0
DB00176,DB01008,1
DB02489,DB04216,1
DB12466,DB01026,0
DB00918,DB06210,1
DB00814,DB01588,0
DB01176,DB12245,1
DB09229,DB00395,0
DB00454,DB01601,1
DB00425,DB12319,1
DB01136,DB01138,1
DB01544,DB13919,1
DB00465,DB12612,1
DB04898,DB01087,0
DB01044,DB01087,1
DB08907,DB00949,0
DB00960,DB00615,0
DB00601,DB04977,0
DB00482,DB00668,1
DB05246,DB11952,0
DB00518,DB11886,1
DB08827,DB08882,1
DB01337,DB09280,0
DB00454,DB00317,0
DB09128,DB11963,1
DB01259,DB06729,1
DB01114,DB00255,0
DB00208,DB11921,0
DB00472,DB01012,1
DB00476,DB08860,1
DB00337,DB12457,0
DB02187,DB09065,1
DB05219,DB00104,0
DB00528,DB00717,1
DB11619,DB11730,1
DB09071,DB01134,0
DB01245,DB00845,0
DB00201,DB06287,1
DB00699,DB01047,0
DB01764,DB02489,0
DB00549,DB12332,1
DB00396,DB01072,1
DB00297,DB01009,0
DB00309,DB01232,1
DB05541,DB06603,0
DB01037,DB01645,1
DB01013,DB12543,0
DB00238,DB00425,1
DB00448,DB00486,1
DB01609,DB04835,0
DB00738,DB01012,1
DB00891,DB01018,0
DB00248,DB08865,1
DB12513,DB00891,0
DB00356,DB11614,1
DB11613,DB00204,0
DB00675,DB04844,1
DB00343,DB00253,0
DB00927,DB06626,1
DB01590,DB05109,1
DB00675,DB09102,1
DB00757,DB00863,1
DB00796,DB06738,1
DB00307,DB01032,1
DB11753,DB00933,0
DB00358,DB11942,0
DB01181,DB08882,1
DB00904,DB01211,1
DB00679,DB12245,1
DB06789,DB00433,0
DB00864,DB05154,1
DB00799,DB00685,0
DB00496,DB01130,0
DB04552,DB12184,0
DB00753,DB01223,1
DB00169,DB01295,1
DB01087,DB08820,1
DB04839,DB09048,1
DB01601,DB06777,1
DB06218,DB11737,0
DB11886,DB09083,0
DB00503,DB12612,1
DB04938,DB05990,0
DB00270,DB06739,1
DB00661,DB00674,1
DB03575,DB00487,0
DB03783,DB09128,1
DB00496,DB00568,1
DB00574,DB01418,1
DB00936,DB12147,1
DB00394,DB06700,1
DB04977,DB00494,0
DB06603,DB01134,0
DB00621,DB01369,0
DB01263,DB06739,1
DB00700,DB04957,1
DB04572,DB00839,0
DB01029,DB04911,1
DB08827,DB00338,0
DB02187,DB08804,0
DB13783,DB09101,0
DB00696,DB01320,1
DB00933,DB09227,0
DB12267,DB04652,0
DB01134,DB11855,0
DB06401,DB01200,0
DB01035,DB00388,0
DB06756,DB06781,0
DB00568,DB01303,1
DB09291,DB09236,0
DB12005,DB04854,0
DB00827,DB00857,1
DB05219,DB01074,0
DB11855,DB01014,0
DB00199,DB00695,0
DB00409,DB00365,0
DB01268,DB12887,1
DB05246,DB01134,0
DB00924,DB01268,0
DB00574,DB00857,1
DB00655,DB11679,0
DB01087,DB04845,1
DB04977,DB00240,0
DB00672,DB08875,1
DB00253,DB09235,0
DB01100,DB09063,1
DB00434,DB06781,0
DB11619,DB04845,0
DB06756,DB00240,0
DB09389,DB00409,0
DB00220,DB01236,1
DB04574,DB04652,0
DB12161,DB12332,1
DB01396,DB06693,0
DB01074,DB09061,1
DB01074,DB09101,1
DB00317,DB00759,0
DB09239,DB01096,0
DB00674,DB08873,1
DB00586,DB00234,0
DB01018,DB00724,0
DB00495,DB06595,1
DB01041,DB12332,1
DB00374,DB02489,0
DB00865,DB00365,0
DB12713,DB01628,0
DB12582,DB06267,0
DB11986,DB06702,0
DB00796,DB01544,1
DB01174,DB11753,1
DB00861,DB11697,0
DB08875,DB01297,0
DB04840,DB09238,1
DB00696,DB11652,1
DB01588,DB05885,0
DB00482,DB00734,1
DB02789,DB00439,0
DB00988,DB00910,0
DB00568,DB06287,1
DB11791,DB01095,0
DB00818,DB03783,1
DB00731,DB00773,1
DB09183,DB00367,0
DB06817,DB00814,0
DB00361,DB04841,1
DB08896,DB00912,0
DB06729,DB00860,0
DB01355,DB04911,1
DB06739,DB11921,0
DB01166,DB01297,1
DB06789,DB13179,1
DB01384,DB12026,0
DB00486,DB00872,1
DB09053,DB09213,0
DB08804,DB08846,0
DB01357,DB08798,1
DB01621,DB01536,0
DB01067,DB11837,0
DB01357,DB01411,1
DB00266,DB09061,1
DB00608,DB01166,1
DB00518,DB04855,1
DB00363,DB09327,1
DB00382,DB01142,1
DB11943,DB06626,0
DB00395,DB00444,1
DB05885,DB04845,0
DB05814,DB00721,0
DB00672,DB06739,1
DB08811,DB08804,0
DB00338,DB00316,0
DB00253,DB04920,0
DB00978,DB00409,0
DB00599,DB01012,0
DB00590,DB01369,1
DB08804,DB00273,0
DB00465,DB00471,1
DB00243,DB11837,1
DB00845,DB01224,1
DB01176,DB06414,1
DB09166,DB00621,0
DB07615,DB11757,1
DB01132,DB09241,1
DB01283,DB12483,0
DB09389,DB00388,0
DB09049,DB01656,0
DB00496,DB01303,0
DB01211,DB08918,1
DB00322,DB00932,0
DB08798,DB00663,0
DB09099,DB00317,0
DB09030,DB01245,0
DB00857,DB08439,1
DB01064,DB09048,0
DB01411,DB04854,0
DB00946,DB01050,1
DB00951,DB09143,1
DB01217,DB01380,0
DB00309,DB04832,1
DB00266,DB04841,1
DB09274,DB01181,0
DB00238,DB00476,1
DB00574,DB01410,1
DB01134,DB00593,0
DB06237,DB06729,1
DB04854,DB12141,0
DB00191,DB00952,1
DB11921,DB09061,0
DB00678,DB00976,1
DB00906,DB01264,1
DB06210,DB12713,1
DB01166,DB04889,1
DB01100,DB09238,1
DB11672,DB13179,1
DB11614,DB05814,0
DB11672,DB01129,0
DB01175,DB01211,1
DB04076,DB09185,1
DB06781,DB12674,0
DB06777,DB01410,0
DB00796,DB01601,1
DB00661,DB00714,1
DB00557,DB06335,1
DB01041,DB09195,0
DB00163,DB01412,0
DB00862,DB01411,1
DB00327,DB12245,1
DB00363,DB04557,1
DB00238,DB01355,1
DB08933,DB00787,0
DB06700,DB12267,1
DB00734,DB01214,0
DB00412,DB08995,1
DB00472,DB04975,1
DB01223,DB04825,0
DB01012,DB00588,0
DB00759,DB01264,1
DB13003,DB09083,0
DB00532,DB12371,1
DB06401,DB00843,0
DB04884,DB04838,0
DB01132,DB05294,0
DB00737,DB04840,1
DB01400,DB02134,0
DB00266,DB00501,1
DB00409,DB00250,0
DB00845,DB01211,1
DB00213,DB11823,1
DB01319,DB11619,0
DB00553,DB12245,1
DB04356,DB11679,0
DB00865,DB11581,1
DB00209,DB00724,0
DB01165,DB11963,0
DB00194,DB00495,0
DB00378,DB00675,0
DB02489,DB05990,1
DB04957,DB06595,1
DB00445,DB06654,0
DB00316,DB01264,1
DB06268,DB08882,1
DB04574,DB01208,0
DB01047,DB00998,0
DB01406,DB00827,0
DB01044,DB04889,1
DB00906,DB09073,0
DB00279,DB00947,0
DB00749,DB06817,0
DB01224,DB12245,1
DB00749,DB12141,0
DB04557,DB09061,1
DB00575,DB08901,1
DB01873,DB00927,0
DB01076,DB01234,1
DB01194,DB09235,0
DB06738,DB12466,1
DB09185,DB09297,1
DB01588,DB04070,0
DB00946,DB12026,1
DB13158,DB03515,0
DB00945,DB01685,1
DB08807,DB01098,0
DB11679,DB13783,0
DB00533,DB12332,1
DB12301,DB04871,0
DB00496,DB01595,0
DB04794,DB08827,1
DB01223,DB06626,1
DB13874,DB05885,0
DB04938,DB08931,0
DB00949,DB00976,1
DB04630,DB00590,0
DB09034,DB01708,0
DB06292,DB00897,0
DB00250,DB06803,1
DB00953,DB00347,0
DB01295,DB00906,0
DB00978,DB13874,1
DB01591,DB01559,0
DB00248,DB12267,0
DB09288,DB11963,1
DB00338,DB00675,1
DB00346,DB00588,1
DB05990,DB09049,0
DB09299,DB00378,0
DB08931,DB00266,0
DB08922,DB11652,1
DB09204,DB00773,0
DB07615,DB06144,0
DB00580,DB11837,0
DB00549,DB00586,1
DB01065,DB01036,0
DB01412,DB00209,0
DB01079,DB06626,1
DB00845,DB01395,1
DB01233,DB00973,0
DB01039,DB01403,0
DB00846,DB01275,0
DB00764,DB09185,1
DB00188,DB09039,1
DB01087,DB12245,1
DB08816,DB08873,1
DB00297,DB01072,1
DB12543,DB06774,0
DB00983,DB00759,0
DB00307,DB06725,1
DB04844,DB05271,1
DB00973,DB01558,0
DB00575,DB08816,1
DB08873,DB11586,1
DB01409,DB09241,1
DB00213,DB04855,1
DB00599,DB06412,0
DB01100,DB01412,1
DB00863,DB00621,0
DB09389,DB08815,0
DB11942,DB09099,0
DB04838,DB00810,0
DB09143,DB00628,0
DB01259,DB12597,1
DB01583,DB03515,0
DB08798,DB01412,0
DB06693,DB00683,0
DB00169,DB00238,1
DB01044,DB01628,1
DB00759,DB05990,0
DB01283,DB06636,1
DB01026,DB00209,0
DB00976,DB01103,1
DB09185,DB11574,1
DB00382,DB09101,0
DB00951,DB04845,1
DB00188,DB01254,1
DB00204,DB01173,1
DB00674,DB01590,1
DB08933,DB00586,0
DB00277,DB01193,1
DB01181,DB04557,1
DB00266,DB09238,1
DB01086,DB06636,1
DB00173,DB00947,1
DB11921,DB01412,0
DB00180,DB01167,1
DB00792,DB00204,0
DB00851,DB12245,1
DB12713,DB00998,0
DB00998,DB01667,1
DB01079,DB08912,1
DB01065,DB01667,1
DB00668,DB12245,1
DB01264,DB04846,1
DB08860,DB00993,0
DB01587,DB13179,1
DB00705,DB11672,1
DB08439,DB06693,0
DB00370,DB00932,1
DB00608,DB00629,0
DB00568,DB00288,0
DB11613,DB11921,0
DB06268,DB00711,0
DB06678,DB01396,0
DB00379,DB01104,1
DB00531,DB01114,1
DB01035,DB06144,1
DB01248,DB11689,1
DB00494,DB04846,1
DB00896,DB00983,0
DB00351,DB05239,0
DB00730,DB00776,0
DB01079,DB09224,1
DB00914,DB01628,1
DB00333,DB00118,0
DB11753,DB00861,0
DB01357,DB04884,0
DB00382,DB04871,1
DB01232,DB08910,1
DB00347,DB01167,1
DB11751,DB01069,0
DB04356,DB09239,0
DB01129,DB00959,0
DB01223,DB00465,0
DB00191,DB00563,0
DB01590,DB01667,1
DB04896,DB09063,1
DB00384,DB06626,1
DB01008,DB08815,0
DB01411,DB08867,0
DB01047,DB00489,0
DB06626,DB06741,0
DB04854,DB00687,0
DB00392,DB00818,0
DB00343,DB06512,1
DB00642,DB02134,1
DB01094,DB09273,1
DB00499,DB11689,1
DB01412,DB01171,0
DB00843,DB11712,0
DB00477,DB12332,1
DB00186,DB06605,0
DB00316,DB00993,1
DB00471,DB06730,0
DB00623,DB00675,1
DB00216,DB00910,0
DB01200,DB11560,0
DB01067,DB13919,1
DB00571,DB00934,1
DB00910,DB01181,0
DB08903,DB09123,0
DB09013,DB04896,0
DB00799,DB00228,0
DB00674,DB11730,1
DB00264,DB00857,1
DB00477,DB01195,1
DB00250,DB00590,1
DB01072,DB13003,1
DB00685,DB11689,1
DB00580,DB09063,1
DB00443,DB06712,1
DB04828,DB00496,0
DB06700,DB08820,1
DB04844,DB00352,0
DB00322,DB00539,0
DB00758,DB09048,1
DB00627,DB01152,0
DB00752,DB04841,1
DB02134,DB06605,0
DB04884,DB12874,0
DB01233,DB01764,0
DB00836,DB00315,0
DB00454,DB01406,1
DB00947,DB06148,0
DB11581,DB00953,0
DB00622,DB01355,1
DB00586,DB00862,1
DB00851,DB08798,0
DB09237,DB11886,0
DB04832,DB04938,1
DB06654,DB13179,1
DB05109,DB09183,1
DB00997,DB04829,1
DB00422,DB12941,0
DB00734,DB01103,1
DB06817,DB11967,0
DB00185,DB00850,1
DB09102,DB00849,0
DB00700,DB09227,1
DB00627,DB00933,1
DB00216,DB11652,1
DB11943,DB01337,0
DB00412,DB00705,1
DB06678,DB06789,0
DB00530,DB11952,1
DB00379,DB04975,1
DB00279,DB01075,0
DB00563,DB04794,1
DB01254,DB01268,1
DB00316,DB01214,0
DB00205,DB08816,0
DB00622,DB11581,1
DB00188,DB01087,1
DB00180,DB01096,0
DB09061,DB13179,1
DB00201,DB01303,1
DB00805,DB00104,0
DB09185,DB11901,1
DB04839,DB01253,0
DB01167,DB00315,0
DB05885,DB09237,0
DB00956,DB04846,0
DB11682,DB09030,0
DB00315,DB11921,0
DB00543,DB01274,1
DB01380,DB00184,0
DB00187,DB01173,1
DB01086,DB00672,0
DB00549,DB01129,1
DB01411,DB11672,1
DB00622,DB01211,1
DB02489,DB01357,0
DB01096,DB00752,0
DB00409,DB01242,1
DB00250,DB00586,1
DB00472,DB09079,1
DB00448,DB01035,1
DB00322,DB00674,0
DB01130,DB00264,0
DB00343,DB00402,1
DB00496,DB08907,0
DB01295,DB06603,1
DB06636,DB09185,1
DB00454,DB09063,1
DB06636,DB09195,1
DB12026,DB12245,1
DB00907,DB09183,1
DB01039,DB03496,0
DB11828,DB01253,0
DB06702,DB00959,0
DB00571,DB04652,0
DB12267,DB04838,0
DB00471,DB08922,1
DB00757,DB01012,1
DB11995,DB08846,0
DB13158,DB12301,0
DB00279,DB09013,0
DB01195,DB00546,0
DB00193,DB01193,1
DB08882,DB11693,1
DB00896,DB01233,0
DB00788,DB00843,1
DB03756,DB00563,0
DB01012,DB01367,1
DB00194,DB04896,0
DB04871,DB11718,1
DB01192,DB00861,0
DB00599,DB11967,1
DB00969,DB05039,0
DB06626,DB01403,0
DB00338,DB11967,1
DB00304,DB04855,1
DB01708,DB00973,0
DB00589,DB04574,0
DB06774,DB00266,0
DB01195,DB09065,1
DB00297,DB01026,1
DB00277,DB11963,1
DB01248,DB08873,1
DB09039,DB00820,0
DB00343,DB00860,1
DB04652,DB00589,0
DB01601,DB13919,1
DB00827,DB00813,0
DB01656,DB11963,1
DB00317,DB01577,1
DB00751,DB01190,0
DB09291,DB01248,0
DB00656,DB09185,1
DB00966,DB09061,1
DB00845,DB04630,0
DB00487,DB02709,0
DB01418,DB09225,1
DB09227,DB11693,1
DB00448,DB00818,1
DB03756,DB11855,0
DB00731,DB12693,1
DB01587,DB06267,0
DB00224,DB00708,1
DB01059,DB01238,1
DB01134,DB11817,0
DB01131,DB00687,0
DB08922,DB05708,0
DB00352,DB01137,0
DB11574,DB01193,0
DB00443,DB00906,0
DB02703,DB04871,1
DB09124,DB00817,0
DB01252,DB00545,0
DB06803,DB00224,0
DB09013,DB01590,0
DB00622,DB12978,1
DB04889,DB11753,1
DB00622,DB08816,1
DB00699,DB11963,1
DB00788,DB13879,1
DB06419,DB09229,0
DB00549,DB01037,1
DB09143,DB00674,0
DB01268,DB06626,1
DB02789,DB00273,0
DB12319,DB03515,0
DB00543,DB11574,0
DB01098,DB09013,0
DB00277,DB00352,0
DB01167,DB04572,1
DB00839,DB00862,1
DB08815,DB01103,0
DB06738,DB12161,0
DB01406,DB13874,1
DB00773,DB04356,1
DB01012,DB01628,1
DB00737,DB01410,1
DB01283,DB09198,1
DB00841,DB00395,0
DB01656,DB05239,1
DB01275,DB00927,0
DB00187,DB00233,0
DB00289,DB04889,1
DB12597,DB00734,0
DB01062,DB01103,1
DB00476,DB01098,1
DB00700,DB13878,0
DB11679,DB00779,0
DB00752,DB09048,1
DB00543,DB01232,1
DB00973,DB00185,0
DB00205,DB09030,0
DB00250,DB00969,1
DB00204,DB01087,1
DB00705,DB01118,1
DB05239,DB00395,0
DB02789,DB00952,0
DB00778,DB01396,1
DB01587,DB00568,0
DB00437,DB00776,0
DB00642,DB01136,1
DB00568,DB01069,1
DB01068,DB01601,1
DB01067,DB12874,1
DB08910,DB12887,1
DB01072,DB01136,1
DB01018,DB00834,0
DB00361,DB00377,1
DB01100,DB12332,1
DB00589,DB09330,0
DB00353,DB04825,0
DB00224,DB01134,1
DB00496,DB09555,1
DB09225,DB00563,0
DB00233,DB00642,0
DB08901,DB09327,0
DB11712,DB00997,0
DB09555,DB12267,0
DB00862,DB12218,0
DB12001,DB01576,0
DB00655,DB06144,0
DB01396,DB00642,0
DB00496,DB01238,1
DB08846,DB00580,0
DB00570,DB01167,1
DB11828,DB00911,0
DB06335,DB09099,0
DB00205,DB00714,1
DB06401,DB01041,0
DB02789,DB04832,1
DB00532,DB01067,1
DB00335,DB09290,0
DB03783,DB09195,1
DB01096,DB04844,1
DB01588,DB05812,0
DB00714,DB11652,1
DB08875,DB01058,0
DB00338,DB00469,0
DB00736,DB00580,0
DB01259,DB12301,1
DB09555,DB01873,0
DB04896,DB08895,1
DB09227,DB12010,1
DB00309,DB01026,1
DB08867,DB01238,0
DB00608,DB00933,1
DB00802,DB09185,1
DB01114,DB09185,1
DB03496,DB01412,0
DB00224,DB09213,1
DB01026,DB01412,1
DB00227,DB09030,1
DB02187,DB11652,1
DB08933,DB00726,0
DB00678,DB11886,1
DB01126,DB06605,1
DB00363,DB11967,1
DB00279,DB00924,0
DB03496,DB04557,0
DB12245,DB04835,0
DB11942,DB00477,0
DB00574,DB12267,0
DB01245,DB00857,0
DB00759,DB00392,0
DB00850,DB11574,0
DB00475,DB09065,0
DB01283,DB04920,1
DB11613,DB00409,0
DB00734,DB02703,1
DB00322,DB00712,1
DB06605,DB01233,0
DB00862,DB04794,1
DB00969,DB04856,1
DB00629,DB06738,0
DB06730,DB00204,0
DB01536,DB06401,0
DB04896,DB13879,0
DB01012,DB01274,1
DB00455,DB01217,1
DB04665,DB09273,0
DB11915,DB01645,0
DB01058,DB05246,1
DB00394,DB00434,0
DB00454,DB04572,1
DB12471,DB00401,0
DB00304,DB08896,1
DB01138,DB13179,1
DB01026,DB01094,1
DB08873,DB11613,1
DB09273,DB09079,0
DB01131,DB01193,1
DB00588,DB01054,1
DB06605,DB12161,1
DB12218,DB00193,0
DB04844,DB09039,1
DB09225,DB06292,0
DB04572,DB00471,0
DB00983,DB01242,1
DB00972,DB11679,1
DB09198,DB11967,1
DB00946,DB00384,0
DB00819,DB13158,0
DB06781,DB00806,0
DB00343,DB00531,1
DB06712,DB08827,1
DB00337,DB00487,0
DB00866,DB09195,1
DB00352,DB03756,0
DB00589,DB09143,0
DB00334,DB09183,1
DB00951,DB01392,1
DB01558,DB01708,0
DB11574,DB09204,0
DB00277,DB00434,0
DB11712,DB01168,0
DB00220,DB09330,1
DB01126,DB04574,0
DB00679,DB01036,1
DB04665,DB00700,0
DB00414,DB09280,1
DB11921,DB01075,0
DB06781,DB00322,0
DB00678,DB06741,0
DB01167,DB11575,1
DB00195,DB00764,0
DB00694,DB04552,0
DB00752,DB00255,0
DB00370,DB05219,0
DB12020,DB06725,0
DB00740,DB09235,0
DB01536,DB02703,1
DB06777,DB00469,0
DB00744,DB09290,1
DB00951,DB08901,1
DB06203,DB09227,1
DB01577,DB09061,1
DB01645,DB11672,1
DB00969,DB12466,0
DB00661,DB09061,1
DB00496,DB00422,0
DB04844,DB08807,1
DB00591,DB00831,0
DB00309,DB08931,0
DB00412,DB06218,1
DB00927,DB04574,1
DB08868,DB00201,0
DB00623,DB04889,1
DB00503,DB09213,1
DB00802,DB01254,1
DB06335,DB11652,1
DB01254,DB09079,1
DB01176,DB00792,0
DB00553,DB00484,0
DB09232,DB00619,0
DB12329,DB00570,0
DB01064,DB06695,0
DB00445,DB05708,0
DB00476,DB01058,0
DB00972,DB00338,0
DB00912,DB11995,0
DB01079,DB12513,0
DB00908,DB08922,1
DB00575,DB02489,1
DB00367,DB00696,1
DB00603,DB00891,0
DB11691,DB00261,0
DB00906,DB01026,1
DB01337,DB00582,0
DB04557,DB00224,0
DB00118,DB00412,1
DB00277,DB00489,1
DB00956,DB01590,1
DB00253,DB01275,0
DB00220,DB11952,1
DB00696,DB06603,1
DB00672,DB01544,1
DB11693,DB01014,0
DB00224,DB01076,1
DB00953,DB09290,0
DB00252,DB00699,1
DB00831,DB00337,0
DB01410,DB11691,0
DB00248,DB00330,1
DB00734,DB00857,1
DB00933,DB11979,1
DB00736,DB04832,1
DB04854,DB01411,0
DB01406,DB09061,1
DB08867,DB00934,0
DB01064,DB00956,0
DB00590,DB08875,1
DB00705,DB01211,1
DB12612,DB00433,0
DB12005,DB04794,0
DB01130,DB01095,0
DB00414,DB01131,1
DB09224,DB11682,0
DB01072,DB08820,1
DB01274,DB12255,1
DB00568,DB04898,1
DB00792,DB09555,1
DB04908,DB00806,0
DB00255,DB06636,1
DB01198,DB01234,1
DB00674,DB00918,1
DB00476,DB00951,1
DB00392,DB00976,0
DB12597,DB08895,0
DB00384,DB00737,0
DB08864,DB11672,1
DB00482,DB01611,1
DB00744,DB01039,1
DB00675,DB00934,1
DB01208,DB06287,0
DB06605,DB09048,1
DB00185,DB08804,0
DB04574,DB06712,1
DB00501,DB00906,0
DB01221,DB01126,0
DB00444,DB00580,1
DB02134,DB00839,0
DB00978,DB04889,1
DB11574,DB11886,0
DB00374,DB06203,0
DB00530,DB00717,1
DB12319,DB01576,0
DB00195,DB00283,1
DB09079,DB00839,0
DB00827,DB01472,0
DB04908,DB00758,0
DB00187,DB00694,0
DB01167,DB06144,1
DB01065,DB01072,1
DB00575,DB01576,1
DB00496,DB01577,1
DB00396,DB08995,1
DB00700,DB01059,0
DB00448,DB00621,1
DB04794,DB09225,0
DB01609,DB06401,1
DB00621,DB09280,0
DB02187,DB09227,1
DB01050,DB01355,1
DB00860,DB13179,1
DB01002,DB01393,0
DB00484,DB00294,0
DB09225,DB00177,0
DB00799,DB00414,0
DB01609,DB06700,0
DB00865,DB01400,0
DB00330,DB01195,1
DB00740,DB00163,0
DB01764,DB01297,0
DB06741,DB00570,0
DB01396,DB00437,0
DB11693,DB00724,0
DB00863,DB01624,1
DB00872,DB01223,1
DB00745,DB06512,0
DB00918,DB01118,1
DB03756,DB08895,0
DB00104,DB00227,1
DB00661,DB00932,1
DB09061,DB00845,0
DB00910,DB01211,1
DB00378,DB00370,0
DB00227,DB00956,1
DB00936,DB09017,0
DB00395,DB00759,0
DB00571,DB00872,1
DB04838,DB11791,0
DB00740,DB12278,0
DB00194,DB00839,0
DB00434,DB11619,0
DB00490,DB04216,0
DB00932,DB00933,1
DB01012,DB01359,1
DB00395,DB01096,0
DB00396,DB00734,1
DB00317,DB01253,0
DB00395,DB00783,1
DB00588,DB09030,1
DB08816,DB00968,0
DB00554,DB01103,0
DB00396,DB01221,1
DB09183,DB06654,0
DB09389,DB00699,0
DB00224,DB05541,1
DB12010,DB12597,0
DB04839,DB11730,1
DB00468,DB06803,1
DB00788,DB00297,0
DB11697,DB00549,0
DB00674,DB01069,1
DB06203,DB12218,0
DB01171,DB09065,1
DB00896,DB00704,0
DB12371,DB00628,0
DB00333,DB04920,1
DB06693,DB09235,0
DB07615,DB12319,1
DB00675,DB08439,1
DB00608,DB00773,1
DB00205,DB08820,0
DB00508,DB00814,0
DB00762,DB00234,0
DB09167,DB00636,0
DB00589,DB00603,0
DB00740,DB01166,1
DB01138,DB11823,1
DB00243,DB04725,0
DB01221,DB01152,0
DB01232,DB04825,1
DB06712,DB13174,1
DB01114,DB02187,0
DB05239,DB06712,1
DB00169,DB00843,1
DB00818,DB04630,0
DB12235,DB06267,0
DB01050,DB06789,0
DB01580,DB11963,1
DB06201,DB00700,0
DB01008,DB00118,0
DB00330,DB01181,1
DB01065,DB00244,0
DB01087,DB12093,1
DB01155,DB00208,0
DB00910,DB04911,0
DB00402,DB00908,1
DB00533,DB06693,0
DB09039,DB11614,1
DB00337,DB01236,0
DB01130,DB09065,0
DB06726,DB11689,0
DB12001,DB00381,0
DB00176,DB04841,1
DB01095,DB12471,0
DB01013,DB11652,1
DB00717,DB11581,1
DB00588,DB06218,1
DB00304,DB04574,1
DB01405,DB12674,0
DB00439,DB00574,1
DB01009,DB01132,1
DB00776,DB00627,0
DB11718,DB00388,0
DB00661,DB00863,1
DB00327,DB01411,1
DB01181,DB00973,0
DB05541,DB12147,1
DB01242,DB03756,0
DB00792,DB09204,1
DB00757,DB08933,0
DB12020,DB00378,0
DB00571,DB01411,0
DB00188,DB00976,1
DB01039,DB01062,1
DB00796,DB00356,0
DB00467,DB01628,1
DB06741,DB12874,1
DB00623,DB01228,1
DB01013,DB00708,0
DB00721,DB08827,0
DB00877,DB01009,0
DB08864,DB09195,1
DB00946,DB01406,1
DB01217,DB00656,0
DB09297,DB00377,0
DB00320,DB04896,1
DB00696,DB01074,1
DB04898,DB06803,1
DB06282,DB13874,0
DB00593,DB00872,1
DB01685,DB07615,1
DB09101,DB09143,1
DB04652,DB01035,0
DB00872,DB09297,1
DB00327,DB00744,1
DB01035,DB02703,1
DB00982,DB09053,0
DB01137,DB04938,0
DB01173,DB11581,1
DB09102,DB00422,0
DB00338,DB09166,1
DB00714,DB00997,0
DB01126,DB01190,1
DB06210,DB06777,0
DB00744,DB11672,1
DB00439,DB08875,1
DB00201,DB00740,1
DB00629,DB00440,0
DB03575,DB00324,0
DB01075,DB04665,1
DB04856,DB11730,1
DB00193,DB00678,1
DB00862,DB05885,0
DB00320,DB06712,1
DB01173,DB11952,1
DB06789,DB09224,0
DB01583,DB04840,0
DB00912,DB11652,1
DB01096,DB00191,0
DB00932,DB06287,1
DB00227,DB01142,1
DB01058,DB04908,0
DB00863,DB00834,0
DB00571,DB01173,1
DB08903,DB12147,0
DB00601,DB01559,0
DB00370,DB00705,1
DB08882,DB09235,1
DB02709,DB00347,0
DB09124,DB01138,0
DB00731,DB01242,1
DB04665,DB00907,0
DB00622,DB00945,1
DB00827,DB03783,1
DB00762,DB08901,1
DB00316,DB01873,0
DB09238,DB11613,1
DB01222,DB09083,0
DB01252,DB12597,0
DB09123,DB08896,0
DB01628,DB02489,1
DB00370,DB00877,1
DB01384,DB00612,0
DB09124,DB08827,0
DB00317,DB03701,0
DB00191,DB01039,0
DB00969,DB06636,1
DB11951,DB13174,0
DB06729,DB02187,0
DB00661,DB04871,1
DB00322,DB00978,0
DB13158,DB09235,0
DB01242,DB01297,1
DB11823,DB00959,0
DB05990,DB09225,1
DB00475,DB11757,0
DB00872,DB04894,1
DB00697,DB06335,0
DB00784,DB00827,1
DB04652,DB06700,1
DB03783,DB06654,0
DB01095,DB06228,1
DB02709,DB01405,0
DB00731,DB01190,1
DB01035,DB09195,1
DB00582,DB11986,1
DB03701,DB01058,0
DB01192,DB09213,0
DB01685,DB01580,0
DB11791,DB09124,0
DB01395,DB11574,0
DB01152,DB03496,0
DB11942,DB00706,0
DB01410,DB00973,0
DB00564,DB02703,1
DB00266,DB01685,1
DB01176,DB09048,1
DB12582,DB00817,0
DB00792,DB01037,1
DB04572,DB11581,1
DB06781,DB01685,0
DB00508,DB06207,0
DB00629,DB00927,1
DB09204,DB01411,0
DB01357,DB03783,1
DB00674,DB06626,0
DB01319,DB06201,0
DB01094,DB00289,0
DB00705,DB08865,1
DB00468,DB00810,1
DB00959,DB00891,0
DB01211,DB11986,1
DB00448,DB08865,1
DB00518,DB09099,1
DB00215,DB01409,1
DB04938,DB05990,0
DB06403,DB00677,0
DB01064,DB12001,0
DB06777,DB13874,1
DB09054,DB01580,0
DB00476,DB00495,1
DB00425,DB11697,1
DB00395,DB01263,0
DB00370,DB11757,1
DB00758,DB09290,1
DB01338,DB12548,0
DB01168,DB01117,0
DB00297,DB11855,1
DB01013,DB01142,0
DB13158,DB01590,0
DB00586,DB00668,1
DB00932,DB12026,1
DB09079,DB09204,0
DB00818,DB09030,1
DB00904,DB11915,1
DB00201,DB12010,0
DB00714,DB00736,0
DB12471,DB04957,0
DB00706,DB01012,1
DB08873,DB01035,0
DB01264,DB11586,1
DB09225,DB00288,0
DB11652,DB12184,1
DB00694,DB00351,0
DB00472,DB09291,1
DB00530,DB00554,1
DB01103,DB00796,0
DB01577,DB00444,0
DB00215,DB09048,1
DB01072,DB05812,1
DB00297,DB00482,1
DB00714,DB08877,0
DB00422,DB00973,0
DB01261,DB08860,1
DB00476,DB00394,0
DB11942,DB00629,0
DB01228,DB05219,0
DB11712,DB11837,1
DB00361,DB00532,1
DB00351,DB09166,0
DB01176,DB01130,0
DB13158,DB05990,0
DB01595,DB08804,0
DB00694,DB00532,0
DB00440,DB06636,1
DB00982,DB01227,0
DB01577,DB03783,1
DB01195,DB01590,1
DB06412,DB00983,0
DB06292,DB01558,0
DB01074,DB00947,0
DB00706,DB00391,0
DB00751,DB11791,0
DB00642,DB11753,1
DB00751,DB06203,1
DB02489,DB00570,0
DB01623,DB04076,1
DB00304,DB08502,0
DB00309,DB12887,1
DB01103,DB04832,1
DB00367,DB06789,1
DB00696,DB06605,1
DB00788,DB11978,1
DB00700,DB12874,1
DB00969,DB02489,1
DB00205,DB00323,0
DB01355,DB01764,0
DB06712,DB12483,1
DB00208,DB09273,1
DB00603,DB03756,1
DB03701,DB11679,0
DB11560,DB09273,0
DB00316,DB01065,1
DB00810,DB12130,0
DB01155,DB08867,0
DB00845,DB05154,1
DB00382,DB09291,0
DB11886,DB00910,0
DB00860,DB01194,0
DB00802,DB01167,1
DB00338,DB05271,0
DB00934,DB08864,1
DB01242,DB09030,1
DB07615,DB00455,0
DB00353,DB12141,1
DB00243,DB00708,0
DB00839,DB00740,0
DB00932,DB04871,1
DB06726,DB00946,0
DB01217,DB06701,0
DB08865,DB12887,1
DB00627,DB01591,1
DB00381,DB09290,0
DB00845,DB09071,1
DB01098,DB06803,1
DB06077,DB04840,0
DB00656,DB00304,0
DB00414,DB01086,0
DB03756,DB00527,0
DB00250,DB08798,1
DB07615,DB00764,0
DB00839,DB08827,0
DB00758,DB06148,1
DB11575,DB00865,0
DB00489,DB00705,1
DB05154,DB08896,1
DB01168,DB04855,0
DB00215,DB11757,1
DB12020,DB00907,0
DB00528,DB08880,0
DB04920,DB09288,1
DB00240,DB06603,0
DB12218,DB01303,0
DB00213,DB01601,1
DB00619,DB00839,1
DB00414,DB00972,1
DB00379,DB01096,1
DB00532,DB11682,1
DB00402,DB11682,1
DB00216,DB11679,1
DB06148,DB09291,1
DB01208,DB04216,0
DB01126,DB01254,1
DB02187,DB00392,0
DB00636,DB08922,0
DB01222,DB09166,0
DB01409,DB06144,1
DB00358,DB00806,0
DB05708,DB01355,0
DB00568,DB01096,1
DB00467,DB00740,1
DB02789,DB05812,0
DB00264,DB00679,1
DB12147,DB00553,0
DB06781,DB09183,0
DB00678,DB09079,1
DB12026,DB00623,0
DB09065,DB11952,1
DB08820,DB11581,1
DB00792,DB01074,1
DB00270,DB01544,1
DB08901,DB11951,1
DB00741,DB12332,1
DB00582,DB04898,1
DB00758,DB01685,1
DB01621,DB09238,1
DB00495,DB00792,0
DB09296,DB00382,0
DB00820,DB08865,1
DB01166,DB06594,1
DB00907,DB09195,1
DB08907,DB13179,1
DB01137,DB00531,0
DB00619,DB09198,1
DB06700,DB12319,1
DB00977,DB11574,1
DB05812,DB00724,0
DB00802,DB02489,0
DB00469,DB01393,0
DB06414,DB12693,0
DB06789,DB01873,0
DB00501,DB04845,1
DB00582,DB00745,1
DB01217,DB01232,1
DB11942,DB08864,0
DB08846,DB01166,0
DB06739,DB04825,0
DB00494,DB01295,1
DB00945,DB06268,1
DB06636,DB09123,1
DB05154,DB00865,0
DB06210,DB00705,0
DB00187,DB00503,1
DB01048,DB00194,0
DB01254,DB06148,1
DB09034,DB12267,1
DB00857,DB01117,1
DB11689,DB12267,1
DB00370,DB00655,0
DB09063,DB00799,0
DB00494,DB00603,0
DB00717,DB09235,1
DB00444,DB04574,1
DB01067,DB01095,1
DB08868,DB00294,0
DB00779,DB00621,0
DB00751,DB12332,1
DB00860,DB01232,1
DB02489,DB13874,1
DB00169,DB06729,0
DB00933,DB12978,0
DB09274,DB01587,0
DB00330,DB05154,1
DB06148,DB09039,1
DB04856,DB00173,0
DB00857,DB00337,0
DB01621,DB06729,1
DB01359,DB00663,0
DB04894,DB00528,0
DB00977,DB01221,1
DB00173,DB01409,0
DB00972,DB01138,1
DB09389,DB00717,0
DB13919,DB02134,0
DB01167,DB01591,1
DB00215,DB09296,0
DB06401,DB01168,0
DB01210,DB06693,0
DB00268,DB00799,0
DB00773,DB04076,1
DB01253,DB01048,0
DB06738,DB09183,1
DB00477,DB01685,1
DB03756,DB11581,0
DB02789,DB06594,0
DB00396,DB06595,1
DB09239,DB01873,0
DB00346,DB00603,0
DB00297,DB00294,0
DB00888,DB00395,0
DB00489,DB01076,0
DB00328,DB12332,1
DB00738,DB11979,1
DB00477,DB11697,1
DB09195,DB00629,0
DB00388,DB00317,0
DB01095,DB08816,1
DB00745,DB01087,1
DB01152,DB09296,0
DB00675,DB01037,1
DB01242,DB01194,0
DB00330,DB00805,1
DB04665,DB12371,1
DB00248,DB06654,1
DB00518,DB00845,1
DB00227,DB09017,1
DB00674,DB12693,1
DB00862,DB04855,1
DB09073,DB12483,1
DB01054,DB00233,0
DB09224,DB00169,0
DB09128,DB11718,1
DB00261,DB00471,0
DB00425,DB01411,1
DB01026,DB01175,1
DB01174,DB02709,0
DB00532,DB01181,1
DB00845,DB00338,0
DB00951,DB01536,1
DB00533,DB01118,1
DB00744,DB04911,1
DB01058,DB01259,1
DB08880,DB00908,0
DB03010,DB00906,0
DB01245,DB01012,0
DB01395,DB09063,1
DB00712,DB01095,1
DB00927,DB12147,0
DB00588,DB01079,0
DB00612,DB13179,1
DB00486,DB12020,0
DB00908,DB01263,1
DB02709,DB09101,0
DB01621,DB03701,0
DB00792,DB06726,1
DB01590,DB01591,1
DB00533,DB01132,1
DB00799,DB08808,0
DB00621,DB00213,0
DB11828,DB00186,0
DB01405,DB12147,0
DB01259,DB12130,1
DB01013,DB00316,0
DB02134,DB09223,0
DB00255,DB00382,0
DB12020,DB00539,0
DB01232,DB06678,1
DB01208,DB00353,0
DB08907,DB00448,0
DB00173,DB12026,0
DB11796,DB00851,0
DB00530,DB06512,1
DB00176,DB00378,1
DB00586,DB05990,1
DB01048,DB01297,0
DB06781,DB11730,0
DB00381,DB04725,1
DB09090,DB11652,1
DB08868,DB12471,0
DB01095,DB04920,1
DB00751,DB06726,1
DB00414,DB01558,0
DB00193,DB01601,1
DB01058,DB01059,1
DB02187,DB00327,0
DB00773,DB01544,1
DB00250,DB13879,0
DB13158,DB01208,0
DB08868,DB09099,0
DB00482,DB01217,1
DB09073,DB12141,1
DB00440,DB01628,1
DB01079,DB04894,0
DB09204,DB11718,1
DB00737,DB01118,1
DB00677,DB06152,0
DB06739,DB00233,0
DB00836,DB01095,1
DB06335,DB11951,1
DB09185,DB11921,1
DB08846,DB01079,0
DB05990,DB13919,0
DB00564,DB09327,0
DB08881,DB09227,1
DB01214,DB00176,0
DB06781,DB04630,0
DB11693,DB11886,0
DB00608,DB09198,1
DB02703,DB06148,1
DB00619,DB00752,1
DB01114,DB00620,0
DB00471,DB00973,0
DB00757,DB09173,1
DB01367,DB06210,1
DB00972,DB01685,1
DB00896,DB00173,0
DB00208,DB00792,1
DB09227,DB12161,1
DB01227,DB04794,1
DB00674,DB00327,0
DB01166,DB01259,1
DB09128,DB01393,0
DB04977,DB00677,0
DB01118,DB04725,1
DB04842,DB01062,0
DB00976,DB09227,1
DB00307,DB00910,0
DB06268,DB12235,1
DB00866,DB08881,1
DB00841,DB08827,0
DB00932,DB08439,1
DB04557,DB01559,0
DB01068,DB08882,1
DB00959,DB04911,0
DB11823,DB01388,0
DB06817,DB08865,0
DB00788,DB00851,1
DB00169,DB01624,1
DB08864,DB04908,0
DB00501,DB08901,1
DB00316,DB06148,1
DB00409,DB06605,0
DB06414,DB11682,0
DB09229,DB00947,0
DB04854,DB00384,0
DB01393,DB04957,0
DB01392,DB01223,0
DB00752,DB09555,1
DB01002,DB00304,0
DB00433,DB04889,1
DB01176,DB03756,1
DB01645,DB04889,1
DB01067,DB01131,1
DB00304,DB11682,0
DB01214,DB11689,0
DB00243,DB12693,1
DB08865,DB11574,1
DB01177,DB12093,0
DB01238,DB11967,0
DB09236,DB06693,0
DB00316,DB00574,1
DB01095,DB13879,1
DB04889,DB06605,0
DB00603,DB01295,0
DB01254,DB01624,1
DB00412,DB03756,1
DB00839,DB09054,0
DB00622,DB03756,1
DB00185,DB09238,1
DB00454,DB12874,0
DB01409,DB00484,0
DB00224,DB08910,1
DB00700,DB01062,1
DB01628,DB13174,1
DB04216,DB04871,1
DB09216,DB11652,1
DB01264,DB09216,1
DB00814,DB00969,1
DB01200,DB09048,1
DB11855,DB00323,0
DB12457,DB00353,0
DB00471,DB04665,1
DB00440,DB01264,1
DB06726,DB00773,0
DB01096,DB11979,1
DB00204,DB09071,1
DB00444,DB08882,1
DB00208,DB00627,1
DB00872,DB08918,1
DB12218,DB01002,0
DB00395,DB00358,0
DB00700,DB01155,0
DB00818,DB01320,1
DB00454,DB00674,0
DB00440,DB04898,1
DB12371,DB11737,0
DB01198,DB11672,1
DB00264,DB12245,1
DB01254,DB09290,1
DB00557,DB00304,0
DB01059,DB01183,0
DB00863,DB11855,1
DB00531,DB00796,1
DB04725,DB00819,0
DB06636,DB00642,0
DB00546,DB00674,0
DB00382,DB00877,0
DB01367,DB09288,1
DB00409,DB01590,1
DB00501,DB01198,1
DB00379,DB01087,1
DB08804,DB01656,0
DB08910,DB09229,0
DB01223,DB02703,1
DB00539,DB00776,0
DB00412,DB01095,1
DB11886,DB12147,1
DB01274,DB09030,0
DB01588,DB11652,1
DB04856,DB08875,1
DB01264,DB09291,1
DB01259,DB01210,0
DB00705,DB11619,1
DB01357,DB00655,0
DB08922,DB11581,1
DB04557,DB08901,0
DB09327,DB01117,0
DB00455,DB01261,1
DB00571,DB11823,1
DB00877,DB12471,0
DB09073,DB04574,0
DB05814,DB09167,0
DB00508,DB00788,0
DB00532,DB04794,0
DB01210,DB09297,0
DB00598,DB00337,0
DB01384,DB12941,0
DB00169,DB01263,1
DB00324,DB00248,0
DB00717,DB00908,1
DB00545,DB00730,0
DB00933,DB05708,0
DB00663,DB11915,0
DB06700,DB00205,0
DB00836,DB05708,0
DB06603,DB09195,1
DB00608,DB03783,1
DB08907,DB06693,0
DB00379,DB01047,0
DB00270,DB00425,1
DB01395,DB00933,0
DB09173,DB01400,0
DB00440,DB00805,0
DB01263,DB06700,1
DB01198,DB06412,1
DB00208,DB00334,1
DB00788,DB09063,1
DB09054,DB11837,1
DB00335,DB01079,1
DB00904,DB03783,1
DB09054,DB12483,1
DB01403,DB00309,0
DB01259,DB00699,0
DB00216,DB04070,0
DB08873,DB08893,1
DB03701,DB00277,0
DB11796,DB00490,0
DB00580,DB01611,0
DB00533,DB04574,1
DB00951,DB01117,1
DB00215,DB12026,1
DB00530,DB00726,1
DB00454,DB08877,1
DB00215,DB08873,1
DB00704,DB01297,0
DB01275,DB08867,0
DB01395,DB09299,1
DB05990,DB08901,0
DB00448,DB11823,1
DB00570,DB00608,1
DB00779,DB00910,0
DB06605,DB11837,1
DB00528,DB00787,0
DB00694,DB00315,0
DB02703,DB11712,1
DB04832,DB09101,1
DB01621,DB09235,0
DB04844,DB11737,0
DB00227,DB00959,1
DB00227,DB09071,1
DB01068,DB00253,0
DB08815,DB01222,0
DB00264,DB01621,1
DB09099,DB11952,1
DB00518,DB00717,1
DB00353,DB04920,0
DB01369,DB00501,0
DB00896,DB09034,0
DB00283,DB06636,0
DB01097,DB01211,0
DB00783,DB09124,0
DB00851,DB01195,1
DB01013,DB01544,0
DB01130,DB06148,0
DB04828,DB02187,0
DB01576,DB00946,0
DB09090,DB06803,0
DB00717,DB00983,0
DB01611,DB01583,0
DB00741,DB11691,0
DB00851,DB01628,1
DB08899,DB09167,0
DB07615,DB00193,0
DB00608,DB06419,1
DB00818,DB09102,0
DB00753,DB04975,1
DB00240,DB08995,0
DB00187,DB00377,1
DB00661,DB00843,1
DB11951,DB02789,0
DB00932,DB03701,1
DB00391,DB00227,0
DB00528,DB06700,1
DB00599,DB00289,0
DB00530,DB09073,1
DB00396,DB06144,1
DB09225,DB11837,1
DB00697,DB00857,1
DB06210,DB11689,1
DB00629,DB00694,0
DB06756,DB06789,0
DB00717,DB08502,0
DB00352,DB09291,0
DB03783,DB00445,0
DB00972,DB09327,1
DB11712,DB09238,0
DB04975,DB00248,0
DB00304,DB01253,0
DB00361,DB00810,0
DB08804,DB11560,0
DB06701,DB01130,0
DB05246,DB11574,0
DB11613,DB13874,1
DB09195,DB09227,1
DB00685,DB03783,1
DB00377,DB09053,1
DB00620,DB00783,1
DB00857,DB00888,0
DB00490,DB00627,1
DB00711,DB09299,0
DB01576,DB11757,1
DB11689,DB12245,1
DB04911,DB12245,1
DB01359,DB09053,1
DB01068,DB06412,0
DB01098,DB06419,1
DB00193,DB01062,1
DB00704,DB01208,0
DB00972,DB09237,1
DB00454,DB00845,1
DB00352,DB01587,0
DB01217,DB01018,0
DB00356,DB01264,1
DB04839,DB00945,0
DB01200,DB03756,0
DB01026,DB01097,1
DB04829,DB09291,1
DB01200,DB08880,0
DB01037,DB05708,1
DB00559,DB00696,1
DB11613,DB01152,0
DB00661,DB01558,1
DB06636,DB06789,1
DB00734,DB01410,1
DB12371,DB00379,0
DB01118,DB11574,1
DB00328,DB01095,1
DB00337,DB00401,0
DB11574,DB00751,0
DB01166,DB04855,1
DB09049,DB00960,0
DB00309,DB00912,0
DB04856,DB09048,1
DB06700,DB11574,1
DB00163,DB13158,0
DB01058,DB04896,1
DB04574,DB00494,0
DB00706,DB00180,0
DB00317,DB11672,1
DB04832,DB08895,1
DB11837,DB00437,0
DB01132,DB08865,1
DB08502,DB06335,0
DB00361,DB00679,1
DB00998,DB11943,0
DB00817,DB01029,0
DB00264,DB00496,1
DB11693,DB01645,0
DB00661,DB00806,1
DB11586,DB11837,1
DB03756,DB00422,0
DB00810,DB06712,0
DB00533,DB06691,0
DB03756,DB00932,0
DB00378,DB01355,0
DB00831,DB08896,0
DB00356,DB01208,0
DB00317,DB01028,1
DB00234,DB00489,1
DB00546,DB01072,1
DB01400,DB12612,0
DB11652,DB00283,0
DB00253,DB06730,0
DB00191,DB09101,1
DB00621,DB06654,0
DB01013,DB01183,0
DB00169,DB00805,1
DB00845,DB01126,1
DB00956,DB09039,1
DB00924,DB00951,1
DB09244,DB00663,0
DB00792,DB05294,0
DB11586,DB01536,0
DB09389,DB00320,0
DB01190,DB01009,0
DB05541,DB06268,1
DB00787,DB01012,1
DB12184,DB00783,0
DB01395,DB08864,1
DB01028,DB01195,1
DB00194,DB01873,0
DB00636,DB02489,0
DB01253,DB00414,0
DB00294,DB00976,1
DB00932,DB11951,1
DB01069,DB04630,0
DB01041,DB09099,0
DB06730,DB03496,0
DB00910,DB00731,0
DB00678,DB01117,1
DB01583,DB04894,0
DB00936,DB01228,0
DB00563,DB09049,0
DB01233,DB08882,1
DB05814,DB00820,0
DB01058,DB09238,1
DB00623,DB08893,1
DB00724,DB00176,0
DB01098,DB01114,1
DB00224,DB09030,1
DB00347,DB08846,1
DB09101,DB09288,1
DB03701,DB00184,0
DB00951,DB04856,1
DB11737,DB01418,0
DB00277,DB01094,1
DB00177,DB01177,1
DB01580,DB06603,1
DB00575,DB11693,0
DB01628,DB00896,0
DB01228,DB04884,1
DB00571,DB01259,1
DB01388,DB01048,0
DB00289,DB00494,1
DB06077,DB00736,0
DB00603,DB01076,1
DB00374,DB08875,1
DB00220,DB12245,1
DB00872,DB11986,1
DB01274,DB09053,1
DB06403,DB09061,1
DB06738,DB01248,0
DB00261,DB01072,1
DB00575,DB01254,1
DB00699,DB01611,1
DB00317,DB01297,1
DB04896,DB09330,1
DB09183,DB01200,0
DB04216,DB11963,1
DB01177,DB06739,1
DB01369,DB08918,0
DB02703,DB06207,1
DB00338,DB00444,1
DB00738,DB09185,1
DB01208,DB11619,0
DB00672,DB00518,0
DB01032,DB00623,0
DB00888,DB00674,0
DB00304,DB00204,0
DB00445,DB00897,0
DB00737,DB00253,0
DB00288,DB05708,0
DB00622,DB01086,1
DB00906,DB09090,0
DB00304,DB00195,0
DB09053,DB11796,0
DB09299,DB00233,0
DB09198,DB12941,0
DB06777,DB09297,0
DB00484,DB01035,0
DB06789,DB01253,0
DB01075,DB01222,0
DB00619,DB12329,0
DB00687,DB00796,0
DB01400,DB04835,0
DB13174,DB09049,0
DB04889,DB09238,1
DB01007,DB00712,0
DB00213,DB00395,1
DB00908,DB04844,1
DB13003,DB01183,0
DB01152,DB00759,0
DB00333,DB00891,1
DB01072,DB11817,1
DB09280,DB01137,0
DB11691,DB01096,0
DB09030,DB08868,0
DB00353,DB00744,0
DB01406,DB09102,1
DB00910,DB09389,0
DB00471,DB01283,1
DB02187,DB05294,0
DB03756,DB04557,0
DB00740,DB00736,0
DB00324,DB01045,0
DB12001,DB04835,0
DB11986,DB00586,0
DB11855,DB12184,0
DB12130,DB00846,0
DB08807,DB08804,0
DB01036,DB04856,1
DB00952,DB09291,0
DB00712,DB13874,1
DB04894,DB11581,1
DB00530,DB01118,1
DB00700,DB03575,0
DB00532,DB00787,1
DB01264,DB01628,1
DB00599,DB00764,0
DB00501,DB09128,1
DB00315,DB00758,1
DB00425,DB03783,1
DB04552,DB08798,0
DB11828,DB00482,0
DB12267,DB01131,0
DB00518,DB00818,1
DB00599,DB01394,1
DB00250,DB00738,1
DB00530,DB00553,1
DB00712,DB08881,1
DB00277,DB12471,0
DB00533,DB01263,1
DB00361,DB01392,1
DB00195,DB04216,1
DB00669,DB06401,0
DB08827,DB00674,0
DB01263,DB00244,0
DB01054,DB01191,0
DB04844,DB12548,0
DB00425,DB01155,1
DB01100,DB04845,1
DB00972,DB00655,0
DB06148,DB09090,0
DB04652,DB01409,0
DB00731,DB01211,1
DB00309,DB09330,1
DB00792,DB08865,0
DB00379,DB00788,1
DB00238,DB01192,1
DB00496,DB00598,1
DB00224,DB11586,1
DB01214,DB12278,0
DB00778,DB08910,1
DB00379,DB00590,1
DB00969,DB12319,1
DB01183,DB01609,1
DB01167,DB11737,1
DB04840,DB12005,1
DB00911,DB08995,0
DB00253,DB00255,0
DB00973,DB01544,1
DB04946,DB00194,0
DB06817,DB13179,0
DB01100,DB04856,1
DB00250,DB01054,1
DB01118,DB06741,0
DB01609,DB11682,1
DB00184,DB11586,1
DB00448,DB04844,1
DB01181,DB01228,0
DB00194,DB08895,0
DB00234,DB01177,1
DB00487,DB02489,1
DB01221,DB02703,1
DB01168,DB01129,0
DB01095,DB04725,1
DB12548,DB08868,0
DB00238,DB04665,1
DB01098,DB09236,0
DB11823,DB12005,1
DB01041,DB01195,1
DB11855,DB06077,0
DB01369,DB09073,1
DB00896,DB00612,0
DB00712,DB01069,1
DB00818,DB00169,0
DB00433,DB00201,0
DB12466,DB09225,0
DB00204,DB13879,1
DB06218,DB12010,1
DB01319,DB00184,0
DB04665,DB11613,0
DB01064,DB00704,0
DB01068,DB09185,1
DB00683,DB01138,0
DB00188,DB01059,1
DB12887,DB01171,0
DB01221,DB08502,1
DB01388,DB02703,1
DB06335,DB04911,0
DB00395,DB09065,0
DB01232,DB11979,1
DB01217,DB01583,0
DB01087,DB08907,1
DB06512,DB09143,0
DB09330,DB01198,0
DB00872,DB04574,1
DB00909,DB00918,1
DB00215,DB06287,1
DB01076,DB00327,0
DB09065,DB12887,1
DB01227,DB11952,1
DB00997,DB09124,0
DB08502,DB01007,0
DB06203,DB11614,1
DB08903,DB09048,1
DB01268,DB11712,1
DB00367,DB00496,0
DB00244,DB00169,0
DB00621,DB00796,1
DB03756,DB04938,1
DB00180,DB00455,0
DB00533,DB01264,1
DB00469,DB00617,1
DB12713,DB00374,0
DB00806,DB01079,1
DB00188,DB01035,1
DB09173,DB00784,0
DB00586,DB12010,1
DB01357,DB00683,0
DB09291,DB00591,0
DB04838,DB01259,0
DB08873,DB12483,1
DB00361,DB00370,1
DB08846,DB09223,0
DB00343,DB08910,1
DB00356,DB09167,1
DB00214,DB01595,0
DB00379,DB00304,0
DB00409,DB12005,1
DB00177,DB00263,1
DB06741,DB01576,0
DB01041,DB06268,1
DB11697,DB06678,0
DB00628,DB01134,0
DB00163,DB01118,1
DB00469,DB00471,1
DB08877,DB09167,0
DB00333,DB01393,0
DB00622,DB00862,1
DB11886,DB02709,0
DB00568,DB00751,1
DB00549,DB11689,1
DB01039,DB01590,1
DB09239,DB00118,0
DB00677,DB01395,0
DB00104,DB01072,1
DB00476,DB00543,1
DB00467,DB06700,0
DB01059,DB03701,0
DB11791,DB00191,0
DB06203,DB12020,0
DB06729,DB05708,0
DB00224,DB00496,1
DB00730,DB00549,0
DB08439,DB00776,0
DB01137,DB04835,0
DB13158,DB00315,0
DB01406,DB06403,1
DB05246,DB00471,0
DB01275,DB00857,0
DB08807,DB12693,1
DB02134,DB12582,0
DB11855,DB13174,1
DB01098,DB08808,0
DB01129,DB06207,0
DB00751,DB08901,1
DB01645,DB04946,0
DB01067,DB01355,1
DB01067,DB00392,0
DB00467,DB05271,0
DB00571,DB01410,1
DB00532,DB06626,1
DB01132,DB08846,0
DB00872,DB01388,1
DB06738,DB08933,0
DB06512,DB09053,1
DB00593,DB04794,1
DB13174,DB00864,0
DB01142,DB02703,1
DB00477,DB13179,1
DB06210,DB12267,1
DB01337,DB11751,0
DB01295,DB06702,1
DB01232,DB01410,1
DB09229,DB01039,0
DB13158,DB13783,0
DB00557,DB00672,0
DB00908,DB06595,1
DB00177,DB00322,1
DB00553,DB01037,1
DB00476,DB00675,1
DB01032,DB01183,1
DB12466,DB00973,0
DB00582,DB11823,1
DB00945,DB11837,0
DB04832,DB08933,0
DB09048,DB09079,1
DB01232,DB05271,1
DB00872,DB02703,1
DB09290,DB11757,1
DB12466,DB00737,0
DB00261,DB00248,0
DB00549,DB00839,1
DB04841,DB02187,0
DB03010,DB01095,0
DB01611,DB06712,1
DB00476,DB04911,1
DB03515,DB06700,1
DB00904,DB01190,1
DB01667,DB11672,1
DB12543,DB06414,0
DB00663,DB08860,0
DB00706,DB01211,1
DB00379,DB00439,1
DB00367,DB09274,0
DB06152,DB00745,0
DB01357,DB04652,0
DB06691,DB08896,0
DB00439,DB00469,1
DB08811,DB12941,0
DB00912,DB06595,1
DB01058,DB00202,0
DB01054,DB00737,0
DB01245,DB12130,0
DB12301,DB09273,0
DB09083,DB09099,0
DB12513,DB00988,0
DB01355,DB08875,1
DB01268,DB00323,0
DB00675,DB06725,1
DB01059,DB04574,1
DB12457,DB00202,0
DB00335,DB06512,1
DB11886,DB00674,0
DB04856,DB08882,1
DB00730,DB11837,1
DB00530,DB01369,1
DB00949,DB11679,1
DB01014,DB03515,0
DB00220,DB00208,0
DB00866,DB11574,0
DB01708,DB09083,0
DB00277,DB01075,1
DB00444,DB00736,1
DB00518,DB00908,1
DB06287,DB09297,1
DB00744,DB00745,1
DB11691,DB04572,0
DB00736,DB01559,0
DB00741,DB01072,1
DB09244,DB08807,0
DB00118,DB00228,1
DB00180,DB00627,0
DB00741,DB09102,1
DB00694,DB00187,0
DB00909,DB12010,1
DB04557,DB06212,0
DB00531,DB00191,0
DB00337,DB00850,0
DB09204,DB08880,0
DB01039,DB06218,1
DB00334,DB01100,1
DB00220,DB08439,1
DB01319,DB00365,0
DB05990,DB12466,0
DB00472,DB00603,1
DB01208,DB00564,0
DB04871,DB06729,1
DB00264,DB00627,1
DB06152,DB00857,0
DB00370,DB00501,1
DB00557,DB11855,1
DB06603,DB00381,0
DB08846,DB00304,0
DB00238,DB00696,1
DB11921,DB01576,0
DB04076,DB01411,0
DB01764,DB00263,0
DB09166,DB11619,0
DB01018,DB01013,0
DB06693,DB12267,0
DB00184,DB11796,0
DB00205,DB09273,0
DB01192,DB11757,1
DB06419,DB00475,0
DB09216,DB12713,0
DB00328,DB01645,1
DB00333,DB01136,1
DB01039,DB00543,0
DB11757,DB01227,0
DB00224,DB06691,0
DB00268,DB00749,0
DB01544,DB08865,1
DB01074,DB01392,1
DB00841,DB06774,0
DB06594,DB02703,0
DB00841,DB01059,0
DB01297,DB11757,1
DB01064,DB01012,0
DB00850,DB04630,0
DB01208,DB00294,0
DB09296,DB00184,0
DB08873,DB11942,1
DB00353,DB00379,0
DB01264,DB09225,1
DB09198,DB00358,0
DB09143,DB00555,0
DB01168,DB08933,0
DB11796,DB00695,0
DB00969,DB09101,1
DB00365,DB01026,1
DB05812,DB06207,0
DB00908,DB01037,1
DB00487,DB06077,0
DB00531,DB03756,1
DB00588,DB00863,0
DB00960,DB01098,0
DB08882,DB08931,1
DB11995,DB06726,0
DB01152,DB01211,0
DB00186,DB00471,0
DB08798,DB00724,0
DB09124,DB00675,0
DB00762,DB00740,0
DB00752,DB08877,1
DB00214,DB01667,0
DB04725,DB08880,1
DB06414,DB12130,0
DB00238,DB06212,0
DB00904,DB00338,0
DB01029,DB01194,0
DB01076,DB01628,1
DB00482,DB01096,1
DB01242,DB09238,1
DB00976,DB02187,1
DB00273,DB11837,0
DB00477,DB01764,1
DB00697,DB00744,1
DB00792,DB09237,0
DB00796,DB04911,1
DB00959,DB01072,1
DB01129,DB04889,0
DB00444,DB00568,1
DB00582,DB08895,1
DB00976,DB00952,0
DB12319,DB01411,0
DB00553,DB01114,0
DB01036,DB06803,1
DB00872,DB08439,1
DB04871,DB12693,1
DB13783,DB01131,0
DB09053,DB01412,0
DB00402,DB09183,1
DB04835,DB00482,0
DB00185,DB00757,1
DB00946,DB11986,0
DB00752,DB00805,1
DB01114,DB11679,1
DB00233,DB01395,0
DB00240,DB01096,0
DB00467,DB00758,1
DB00675,DB00685,1
DB04825,DB06595,1
DB07615,DB00248,0
DB00349,DB00896,0
DB00946,DB01601,1
DB00779,DB09232,0
DB01238,DB04894,1
DB06267,DB00533,0
DB00759,DB00489,0
DB06603,DB11855,1
DB01201,DB00494,0
DB12543,DB00839,0
DB03756,DB12255,1
DB01064,DB01176,0
DB00864,DB11689,1
DB00490,DB12301,1
DB00244,DB00472,0
DB06201,DB00947,0
DB00575,DB11855,1
DB00338,DB06654,0
DB01217,DB13919,1
DB05294,DB13879,1
DB00347,DB06595,1
DB00193,DB00818,1
DB01234,DB01472,0
DB00949,DB01007,0
DB06228,DB01873,0
DB00338,DB08502,0
DB00202,DB11817,0
DB00993,DB00862,0
DB00918,DB09198,1
DB01117,DB06210,0
DB01380,DB00896,0
DB06636,DB09216,1
DB11689,DB05219,0
DB01764,DB09299,1
DB00668,DB00367,0
DB00717,DB01039,1
DB00184,DB01103,0
DB04898,DB00204,0
DB00745,DB00843,1
DB00904,DB09297,1
DB01132,DB11979,1
DB12130,DB01412,0
DB00860,DB01211,1
DB01074,DB01191,1
DB00705,DB00422,0
DB11828,DB12235,1
DB01086,DB04938,1
DB08931,DB04794,0
DB06725,DB11689,1
DB00737,DB09204,1
DB00185,DB00751,1
DB00297,DB00705,1
DB12674,DB00499,0
DB01012,DB00966,0
DB00857,DB09238,1
DB00352,DB09143,0
DB03783,DB11697,1
DB00448,DB00744,1
DB04070,DB00668,0
DB00575,DB12267,0
DB09389,DB01576,0
DB05541,DB01194,0
DB01171,DB06803,0
DB00973,DB00353,0
DB00201,DB06210,1
DB00976,DB01259,1
DB00374,DB01067,1
DB00674,DB09048,1
DB00951,DB09195,1
DB01685,DB04665,1
DB00440,DB00445,0
DB01588,DB00392,0
DB00758,DB01253,0
DB00220,DB09241,1
DB04920,DB00949,0
DB11730,DB12130,1
DB09273,DB12026,1
DB00330,DB08816,0
DB06605,DB00346,0
DB00608,DB11712,1
DB09238,DB09555,1
DB01166,DB12301,1
DB00471,DB00983,1
DB01580,DB04844,1
DB12582,DB00472,0
DB00563,DB11952,1
DB11751,DB00381,0
DB00949,DB06725,1
DB09095,DB00845,0
DB00392,DB11672,0
DB03756,DB00697,0
DB00976,DB01248,1
DB00862,DB08798,1
DB06203,DB12245,1
DB00831,DB00603,0
DB00347,DB08882,1
DB01058,DB08804,0
DB09245,DB06237,0
DB01096,DB01252,0
DB11737,DB09235,0
DB01062,DB09555,1
DB00740,DB00788,1
DB05219,DB03701,0
DB00850,DB09039,1
DB00603,DB01050,1
DB00379,DB00850,1
DB00494,DB06725,0
DB01014,DB11693,0
DB00951,DB01100,1
DB00440,DB06595,1
DB06678,DB11986,0
DB00169,DB00866,1
DB00622,DB00736,1
DB01029,DB01259,1
DB00289,DB01621,1
DB08808,DB08933,0
DB06594,DB13919,1
DB01214,DB01198,0
DB09053,DB00796,0
DB01142,DB11581,1
DB00805,DB05812,1
DB01095,DB04884,1
DB08882,DB13174,0
DB00909,DB01609,1
DB01223,DB01210,0
DB00176,DB00810,1
DB01050,DB06210,1
DB00598,DB00736,1
DB00530,DB13174,1
DB04861,DB12319,1
DB01096,DB08807,1
DB01708,DB01248,0
DB01624,DB11952,1
DB01117,DB09101,1
DB00629,DB01094,1
DB00334,DB00947,0
DB00973,DB01624,0
DB00401,DB00530,1
DB02709,DB01029,0
DB09237,DB00163,0
DB00209,DB11712,0
DB11730,DB11737,1
DB00530,DB08895,1
DB00297,DB01166,1
DB12457,DB13919,0
DB01252,DB00554,0
DB07615,DB11586,1
DB00622,DB01283,1
DB06777,DB04572,0
DB00409,DB08804,0
DB01873,DB00679,0
DB00700,DB09101,1
DB01008,DB01072,1
DB06207,DB00205,0
DB01076,DB08807,0
DB00243,DB00582,1
DB00706,DB09065,1
DB12267,DB04572,0
DB00343,DB00499,1
DB04835,DB00968,0
DB00356,DB01405,1
DB00104,DB00439,0
DB00384,DB00779,1
DB00335,DB00503,1
DB01183,DB00711,0
DB09238,DB08995,0
DB00679,DB08846,0
DB00932,DB09330,1
DB00253,DB00264,0
DB00724,DB00455,0
DB00956,DB09102,0
DB01076,DB08881,1
DB04840,DB11712,0
DB04835,DB01039,0
DB01656,DB00414,0
DB00857,DB01283,1
DB01583,DB01134,0
DB01044,DB12371,0
DB00185,DB12693,1
DB00499,DB04832,1
DB00253,DB09123,0
DB01044,DB04841,1
DB00253,DB00861,0
DB00910,DB00527,0
DB00699,DB06730,0
DB00283,DB00338,0
DB12978,DB00629,0
DB09090,DB11581,1
DB11679,DB11986,0
DB12471,DB02489,0
DB00969,DB06218,1
DB08995,DB00213,0
DB01227,DB00563,0
DB00627,DB06712,1
DB06789,DB00806,0
DB00494,DB01274,1
DB12874,DB00234,0
DB00749,DB06626,0
DB00518,DB01590,1
DB00252,DB09185,1
DB01232,DB04838,1
DB09065,DB09101,0
DB00751,DB11855,1
DB12093,DB00448,0
DB00455,DB11672,1
DB00687,DB06228,0
DB00678,DB09102,0
DB02789,DB09101,1
DB05814,DB01190,0
DB00574,DB00661,1
DB00675,DB09183,1
DB00678,DB12612,1
DB06595,DB09185,1
DB00945,DB00977,1
DB01228,DB00180,0
DB00749,DB12332,1
DB00187,DB09167,1
DB01132,DB00934,0
DB01388,DB03783,1
DB00315,DB06237,0
DB01059,DB01126,0
DB00499,DB00685,1
DB00264,DB00764,0
DB05990,DB06741,0
DB00379,DB09198,1
DB01297,DB01590,1
DB00270,DB06730,1
DB09229,DB11855,0
DB00687,DB01394,0
DB01406,DB01137,0
DB01544,DB09167,1
DB01708,DB12713,0
DB03783,DB11978,0
DB00309,DB06210,0
DB01138,DB11574,0
DB05109,DB13783,0
DB09167,DB11963,1
DB00209,DB01587,0
DB00758,DB01264,1
DB11967,DB00193,0
DB03575,DB11757,1
DB00741,DB00904,1
DB00487,DB13874,1
DB00586,DB13179,1
DB09053,DB00846,0
DB00208,DB05271,1
DB06741,DB09204,0
DB01248,DB08895,1
DB00712,DB06626,1
DB06144,DB06203,1
DB01087,DB00677,0
DB00248,DB09101,1
DB13783,DB04070,0
DB00289,DB00857,1
DB00949,DB08860,1
DB00425,DB00908,1
DB04839,DB00185,0
DB00530,DB01395,1
DB01064,DB01137,0
DB04844,DB00288,0
DB00749,DB01536,0
DB00467,DB00677,0
DB00543,DB00608,1
DB00533,DB00912,1
DB00234,DB08893,1
DB01319,DB00396,0
DB04552,DB00947,0
DB00414,DB08816,1
DB09079,DB12332,1
DB04854,DB01355,0
DB08896,DB11886,1
DB06605,DB05271,0
DB00469,DB01536,0
DB01359,DB00549,0
DB00304,DB11757,1
DB06756,DB00471,0
DB00972,DB04889,1
DB00818,DB01118,1
DB11791,DB00891,0
DB00545,DB00757,0
DB12693,DB00401,0
DB00582,DB04835,1
DB11575,DB04844,0
DB04977,DB00118,0
DB04070,DB01096,0
DB00199,DB00714,1
DB06228,DB01214,0
DB01394,DB11921,0
DB01058,DB09073,0
DB00788,DB01176,1
DB04856,DB12612,0
DB00846,DB06700,0
DB13879,DB00910,0
DB00629,DB05708,1
DB00601,DB00201,0
DB00356,DB01228,1
DB01233,DB04855,1
DB00216,DB06729,1
DB00927,DB12713,0
DB01167,DB09054,1
DB04911,DB06756,0
DB00330,DB04844,1
DB06148,DB06729,1
DB04889,DB08804,1
DB00932,DB04957,1
DB00706,DB06678,1
DB00861,DB04076,0
DB08901,DB09227,1
DB01228,DB00422,0
DB01072,DB01338,0
DB00448,DB00163,0
DB00799,DB00549,0
DB01388,DB06148,1
DB00402,DB08867,0
DB00367,DB00734,1
DB00724,DB00440,0
DB00685,DB01645,1
DB00726,DB04854,0
DB09079,DB00327,0
DB00338,DB00532,1
DB00730,DB09273,1
DB00187,DB01098,0
DB09389,DB06774,0
DB00914,DB09297,0
DB00543,DB08816,0
DB00712,DB09280,1
DB00731,DB00908,1
DB00951,DB09216,1
DB04846,DB05109,1
DB00810,DB01193,1
DB02134,DB00220,0
DB09213,DB04652,0
DB00629,DB00642,1
DB00337,DB01201,0
DB00932,DB00173,0
DB00753,DB06212,0
DB11697,DB12319,0
DB08865,DB00201,0
DB00346,DB00469,0
DB00598,DB00745,1
DB03783,DB01217,0
DB00469,DB01192,0
DB06636,DB08875,1
DB00471,DB12267,1
DB00656,DB01097,0
DB09245,DB05885,0
DB00675,DB09185,1
DB09039,DB12371,0
DB00346,DB06512,0
DB01026,DB09183,1
DB00304,DB03756,1
DB00433,DB12693,1
DB01224,DB11652,1
DB04216,DB11753,0
DB00358,DB00402,1
DB00484,DB01067,0
DB00872,DB12332,1
DB00779,DB08910,1
DB12301,DB00857,0
DB00238,DB09039,1
DB08815,DB08873,1
DB00490,DB11574,1
DB00758,DB09017,0
DB00330,DB00751,1
DB01041,DB09227,1
DB01062,DB04889,1
DB00243,DB01008,1
DB03783,DB06605,1
DB00736,DB06218,1
DB00988,DB09244,1
DB00268,DB00531,0
DB01384,DB09048,1
DB12218,DB00700,0
DB05541,DB11986,0
DB00530,DB01009,1
DB00818,DB04216,1
DB00532,DB05708,1
DB01074,DB06730,0
DB11697,DB00177,0
DB08811,DB00860,0
DB09216,DB00283,0
DB00163,DB00224,1
DB13879,DB00738,0
DB09389,DB12218,0
DB00872,DB06712,1
DB00872,DB06144,1
DB00176,DB04574,1
DB00439,DB00850,1
DB00601,DB04835,0
DB00422,DB00799,0
DB01590,DB04840,1
DB05294,DB13783,0
DB00973,DB01588,0
DB00834,DB11837,1
DB00571,DB01403,1
DB01069,DB11672,1
DB09054,DB04665,0
DB00759,DB09232,0
DB00934,DB13174,1
DB00503,DB12466,0
DB00338,DB11613,0
DB01129,DB11837,1
DB01233,DB12130,0
DB01577,DB05812,1
DB01173,DB11828,1
DB01047,DB04920,0
DB00191,DB00243,0
DB04842,DB11995,0
DB04838,DB00906,0
DB00289,DB11979,1
DB04911,DB08875,1
DB00817,DB00612,0
DB00956,DB01411,0
DB00379,DB00983,1
DB00395,DB13878,0
DB00455,DB00575,0
DB01623,DB09198,1
DB08827,DB00244,0
DB00737,DB12235,0
DB00745,DB01211,1
DB01062,DB12693,0
DB00365,DB00335,0
DB03496,DB09244,0
DB04839,DB04825,0
DB12483,DB00379,0
DB00749,DB12941,0
DB00294,DB05271,0
DB00294,DB00335,0
DB00224,DB01075,0
DB09102,DB00448,0
DB01167,DB01595,1
DB01193,DB05812,1
DB06789,DB11915,1
DB00627,DB01238,1
DB01058,DB01595,0
DB11986,DB00382,0
DB00234,DB04838,0
DB00489,DB12887,0
DB09198,DB11963,1
DB00977,DB09225,1
DB00204,DB00330,1
DB06267,DB09167,0
DB01013,DB01136,0
DB00250,DB00672,1
DB00704,DB01359,0
DB00487,DB09245,0
DB11679,DB11951,1
DB01130,DB00655,0
DB01388,DB11614,1
DB01050,DB01117,1
DB00316,DB05271,1
DB00593,DB06741,0
DB01074,DB04572,1
DB01114,DB12001,0
DB00672,DB04911,1
DB04572,DB04652,0
DB06595,DB08875,1
DB00557,DB08901,1
DB01029,DB12597,1
DB01050,DB06739,1
DB00234,DB06774,0
DB00378,DB11978,0
DB00277,DB08502,1
DB04908,DB03701,0
DB00737,DB01303,0
DB01098,DB01268,1
DB00184,DB01183,0
DB06654,DB11921,0
DB00914,DB09065,1
DB00187,DB00412,0
DB04841,DB09167,1
DB01094,DB11697,1
DB04871,DB01536,0
DB00661,DB06512,0
DB00663,DB00759,0
DB00787,DB09049,0
DB01008,DB01018,0
DB00672,DB06268,1
DB00199,DB04946,1
DB08867,DB04975,0
DB00448,DB01224,1
DB00294,DB00361,0
DB04557,DB00877,0
DB01601,DB06268,1
DB00363,DB00758,1
DB06726,DB01008,0
DB00792,DB01337,0
DB00186,DB09173,0
DB01075,DB08860,1
DB00439,DB00749,1
DB04076,DB04938,0
DB04070,DB00351,0
DB11581,DB01131,0
DB01114,DB05812,1
DB09198,DB06201,0
DB06817,DB09053,0
DB00850,DB04216,1
DB01611,DB11963,1
DB06077,DB01261,0
DB01058,DB02134,1
DB13179,DB00740,0
DB13174,DB11730,0
DB00476,DB01369,0
DB08903,DB00960,0
DB02703,DB11679,1
DB00918,DB08865,1
DB01155,DB12301,0
DB01624,DB12371,1
DB06419,DB09185,1
DB00580,DB03756,1
DB00783,DB01227,1
DB01177,DB00968,0
DB00277,DB06701,0
DB01002,DB11575,0
DB04854,DB11712,0
DB00685,DB01138,0
DB00531,DB05154,1
DB06401,DB00758,0
DB13179,DB00414,0
DB00353,DB00590,1
DB01126,DB01259,1
DB06148,DB06210,1
DB00216,DB00412,1
DB01114,DB08865,1
DB00288,DB09330,0
DB00468,DB08502,1
DB08820,DB09224,0
DB06335,DB06403,1
DB01601,DB02134,0
DB11915,DB00687,0
DB09034,DB00663,0
DB01007,DB00850,0
DB00468,DB09555,1
DB00862,DB08877,1
DB00622,DB12001,1
DB05154,DB05814,1
DB06412,DB01104,0
DB00361,DB00496,1
DB00425,DB01050,1
DB00185,DB01264,1
DB00933,DB06595,0
DB00185,DB04977,0
DB12543,DB04898,0
DB01013,DB11672,1
DB01217,DB12597,0
DB06228,DB01580,0
DB01873,DB08882,1
DB00188,DB00752,1
DB01394,DB00751,0
DB00805,DB11682,0
DB01050,DB06201,0
DB00188,DB12267,0
DB00914,DB11672,1
DB01645,DB06594,1
DB06803,DB13919,1
DB00289,DB00367,0
DB01032,DB11979,1
DB01076,DB06739,1
DB01192,DB03783,1
DB01032,DB01168,0
DB00810,DB00960,1
DB06512,DB01155,0
DB12301,DB00956,0
DB06419,DB01559,0
DB00382,DB00553,1
DB01035,DB01264,1
DB00731,DB06603,1
DB01098,DB06678,0
DB00374,DB00731,1
DB00495,DB11855,0
DB09143,DB00730,0
DB01558,DB09327,0
DB08867,DB01200,0
DB00252,DB04665,1
DB00412,DB09048,1
DB11952,DB00467,0
DB09048,DB11575,1
DB09017,DB09173,0
DB00672,DB01131,1
DB00409,DB00598,1
DB08895,DB00543,0
DB00738,DB00745,1
DB01037,DB11586,1
DB00379,DB04911,1
DB01075,DB01058,0
DB08827,DB00897,0
DB01259,DB08502,1
DB00533,DB03783,1
DB09195,DB11837,1
DB00533,DB09241,1
DB00496,DB02703,1
DB01029,DB04854,0
DB00863,DB00993,1
DB00412,DB01645,1
DB01472,DB00910,0
DB00712,DB06636,1
DB00238,DB09167,1
DB00700,DB00445,0
DB01079,DB01297,1
DB11952,DB00484,0
DB06414,DB00911,0
DB00352,DB00700,0
DB01412,DB00184,0
DB04630,DB11915,0
DB00356,DB00872,1
DB00266,DB06218,1
DB00238,DB09290,1
DB00792,DB01405,0
DB06287,DB12543,0
DB09053,DB00712,0
DB13174,DB00358,0
DB01138,DB01601,1
DB00557,DB00655,0
DB09053,DB09238,1
DB00539,DB09274,0
DB09296,DB01104,0
DB09389,DB12471,0
DB12329,DB11614,0
DB03515,DB06654,0
DB00773,DB04856,1
DB00381,DB00872,1
DB02187,DB00843,0
DB01409,DB08808,1
DB00731,DB01609,1
DB00471,DB09274,0
DB00810,DB02789,0
DB01036,DB11652,1
DB08807,DB12245,1
DB00619,DB12245,1
DB09237,DB12874,1
DB01873,DB04840,0
DB00877,DB01303,1
DB09232,DB11963,0
DB01155,DB09291,0
DB00619,DB04938,1
DB06702,DB06712,1
DB01041,DB04977,0
DB06725,DB08865,0
DB00499,DB12026,1
DB00896,DB04216,0
DB01369,DB08827,1
DB00687,DB00865,0
DB00273,DB09013,0
DB01624,DB12267,1
DB08875,DB01590,0
DB00304,DB00951,1
DB01395,DB12371,1
DB00813,DB04856,0
DB01012,DB11689,1
DB01357,DB00213,0
DB00831,DB00255,0
DB09224,DB01590,0
DB00327,DB06218,1
DB01176,DB01274,1
DB01175,DB04076,0
DB00243,DB11730,1
DB00343,DB00820,1
DB00568,DB00574,1
DB01044,DB13874,1
DB09173,DB09204,1
DB00202,DB12674,0
DB00202,DB09291,0
DB00328,DB01195,1
DB00439,DB00588,1
DB00909,DB01012,0
DB12184,DB00806,0
DB00740,DB01044,1
DB08864,DB03515,0
DB00184,DB00818,1
DB01007,DB08807,0
DB00343,DB00687,1
DB01039,DB01210,0
DB00778,DB01254,1
DB06701,DB00778,0
DB01295,DB06803,0
DB09017,DB09235,0
DB00277,DB01069,1
DB00936,DB06414,1
DB00700,DB01167,1
DB00575,DB01418,1
DB00983,DB06603,1
DB00185,DB00627,1
DB00374,DB00448,1
DB05294,DB11837,1
DB09102,DB00304,0
DB00792,DB11586,1
DB00307,DB00469,1
DB01012,DB00173,0
DB00188,DB00586,1
DB00414,DB00796,1
DB01283,DB12466,0
DB01645,DB01234,0
DB11718,DB00475,0
DB00323,DB00346,0
DB00924,DB09273,1
DB01211,DB09389,1
DB08881,DB00508,0
DB00184,DB00877,0
DB00279,DB00949,0
DB01177,DB04841,1
DB00191,DB01131,0
DB01873,DB01130,0
DB01261,DB11682,1
DB09185,DB00704,0
DB00839,DB01645,1
DB00367,DB01181,1
DB06781,DB13179,0
DB01026,DB06777,1
DB08896,DB00897,0
DB01190,DB11986,0
DB00343,DB04938,1
DB00661,DB09223,1
DB00343,DB01384,1
DB11682,DB00627,0
DB12597,DB00382,0
DB01319,DB08867,0
DB04884,DB00846,0
DB03756,DB09232,0
DB06739,DB11689,1
DB01645,DB09061,1
DB11823,DB01609,0
DB00527,DB01264,0
DB00471,DB01263,1
DB12332,DB13179,1
DB01134,DB08865,1
DB04630,DB00724,0
DB09039,DB09128,1
DB00959,DB04840,0
DB00672,DB11757,1
DB00818,DB01227,1
DB00546,DB00209,0
DB01177,DB04884,1
DB01028,DB01174,1
DB04841,DB13874,1
DB01211,DB04825,1
DB00593,DB11689,1
DB00238,DB00924,1
DB01132,DB09216,0
DB00468,DB04829,1
DB04854,DB00204,0
DB00448,DB09065,1
DB00685,DB00744,1
DB04725,DB08875,1
DB01536,DB00215,0
DB00499,DB00834,1
DB00570,DB04838,0
DB01221,DB06218,1
DB00118,DB11730,0
DB00465,DB01191,0
DB00356,DB00489,1
DB00877,DB11619,0
DB00330,DB01029,1
DB00599,DB00185,0
DB01211,DB01263,1
DB00736,DB12597,1
DB00346,DB12674,0
DB00316,DB02134,1
DB09079,DB01303,0
DB00335,DB00792,1
DB00845,DB01544,0
DB00588,DB01217,1
DB01628,DB04216,1
DB01026,DB13874,1
DB09183,DB00384,0
DB11817,DB13158,0
DB02709,DB00820,0
DB00712,DB09183,1
DB00620,DB00629,0
DB04665,DB00792,0
DB00819,DB01264,0
DB00465,DB00794,1
DB00543,DB00799,0
DB04845,DB09204,0
DB04572,DB09039,0
DB05294,DB12235,1
DB01100,DB01214,0
DB01233,DB08875,0
DB00238,DB00656,1
DB00261,DB08896,0
DB00726,DB13179,0
DB12130,DB04838,0
DB00570,DB02703,1
DB01400,DB00834,0
DB08931,DB04825,0
DB01319,DB09241,0
DB12235,DB01357,0
DB05239,DB09213,0
DB01590,DB11581,1
DB00176,DB00255,1
DB04898,DB11718,1
DB00845,DB09095,0
DB00238,DB00414,1
DB00745,DB00279,0
DB00317,DB00627,1
DB04855,DB12548,1
DB00932,DB01396,1
DB01621,DB09291,1
DB01002,DB01136,1
DB08439,DB11886,0
DB12693,DB06626,0
DB00543,DB01100,1
DB00787,DB00361,0
DB00973,DB00629,0
DB00352,DB01152,0
DB01192,DB01283,0
DB06335,DB09227,1
DB00997,DB11614,1
DB01103,DB11837,1
DB01319,DB11967,0
DB11737,DB00601,0
DB00238,DB01118,1
DB09166,DB05109,0
DB00555,DB09054,1
DB11689,DB12130,1
DB00843,DB01274,1
DB06741,DB12010,1
DB00433,DB13174,1
DB00327,DB00501,1
DB01583,DB04911,0
DB11689,DB04828,0
DB00904,DB01094,1
DB00933,DB09238,1
DB01295,DB09291,1
DB08873,DB09063,1
DB11986,DB01708,0
DB00227,DB04552,0
DB01355,DB01047,0
DB00243,DB00655,0
DB00877,DB09071,1
DB00813,DB01130,0
DB04894,DB00327,0
DB00810,DB11855,1
DB00320,DB00872,1
DB00490,DB09296,0
DB11995,DB00320,0
DB01611,DB09291,1
DB00233,DB02489,0
DB00343,DB00741,1
DB00598,DB00779,0
DB00194,DB00482,0
DB06512,DB05812,0
DB00250,DB08873,1
DB09173,DB00487,0
DB00564,DB06595,1
DB04725,DB04911,1
DB09017,DB01628,0
DB11574,DB04725,0
DB06207,DB00337,0
DB00334,DB00559,1
DB11672,DB00233,0
DB00679,DB00731,1
DB00173,DB01045,0
DB00863,DB01558,1
DB08880,DB00187,0
DB00675,DB00932,1
DB09102,DB00678,0
DB01076,DB11581,1
DB01200,DB06636,1
DB06412,DB06512,0
DB09280,DB08868,0
DB01177,DB04574,1
DB01621,DB00338,0
DB00762,DB06700,1
DB02789,DB00904,0
DB01357,DB13179,1
DB00402,DB09330,0
DB01059,DB12147,0
DB01095,DB01131,1
DB11751,DB08933,0
DB01029,DB05541,1
DB06739,DB04835,0
DB08860,DB01191,0
DB00973,DB04842,0
DB01406,DB04896,1
DB00194,DB00309,0
DB00699,DB00973,0
DB11679,DB11817,0
DB00687,DB08865,1
DB00501,DB04846,1
DB00195,DB01254,1
DB00374,DB01411,1
DB00792,DB04871,1
DB00696,DB09216,1
DB00214,DB01195,1
DB11679,DB06207,0
DB01667,DB00726,0
DB11737,DB00496,0
DB05109,DB09213,1
DB06781,DB11560,0
DB00338,DB01200,0
DB00700,DB01418,0
DB00270,DB03515,1
DB09063,DB12332,1
DB00396,DB00700,1
DB00799,DB00564,0
DB01588,DB13783,0
DB02703,DB11581,1
DB00817,DB01400,0
DB00501,DB00589,1
DB01628,DB11560,1
DB04957,DB06738,0
DB03756,DB00104,0
DB00312,DB01007,0
DB04552,DB06287,0
DB00738,DB04920,1
DB00205,DB06144,0
DB00337,DB00745,0
DB11921,DB04841,0
DB06691,DB13874,1
DB01588,DB12483,0
DB00270,DB00959,1
DB11823,DB09297,0
DB01007,DB11886,1
DB00216,DB01411,1
DB00736,DB09166,1
DB00678,DB01411,1
DB12466,DB01384,0
DB01072,DB01764,1
DB00187,DB01177,1
DB00477,DB00951,1
DB00374,DB00705,1
DB06595,DB12457,1
DB03515,DB08901,0
DB00216,DB09048,1
DB12887,DB00897,0
DB00672,DB00678,1
DB06693,DB01667,0
DB04894,DB01096,0
DB04844,DB09065,1
DB00487,DB00857,1
DB00983,DB12147,1
DB06212,DB00445,0
DB01072,DB09225,1
DB00865,DB09039,0
DB00787,DB00977,1
DB00195,DB00655,0
DB06282,DB01138,0
DB08827,DB05246,0
DB08882,DB04844,0
DB00234,DB00496,1
DB01392,DB09039,1
DB08910,DB09273,1
DB11967,DB01395,0
DB00270,DB00471,1
DB01032,DB11614,1
DB00227,DB12329,1
DB01058,DB01238,1
DB00494,DB00988,1
DB06603,DB00831,0
DB00554,DB01303,0
DB00997,DB04846,1
DB12020,DB00947,0
DB11682,DB00337,0
DB01076,DB04840,0
DB01264,DB00324,0
DB09071,DB01134,0
DB09048,DB09389,1
DB01392,DB08901,1
DB08903,DB00244,0
DB01094,DB00909,0
DB01155,DB01395,0
DB00617,DB09238,1
DB13003,DB02709,0
DB09034,DB04838,0
DB01558,DB04855,0
DB00279,DB01544,1
DB06152,DB06594,0
DB01176,DB01181,1
DB00268,DB00738,0
DB00655,DB01138,0
DB01198,DB00846,0
DB00819,DB11886,1
DB06144,DB09053,1
DB01369,DB08895,1
DB00820,DB01117,0
DB12887,DB00813,0
DB00227,DB05039,1
DB01131,DB01200,0
DB04070,DB00439,0
DB00283,DB00590,1
DB00503,DB11886,1
DB00531,DB01065,0
DB00608,DB06626,1
DB00834,DB00872,1
DB01590,DB00629,0
DB00590,DB12887,1
DB00861,DB00721,0
DB00586,DB01355,1
DB01087,DB12010,1
DB00752,DB05109,1
DB01623,DB11737,0
DB09099,DB08439,0
DB00434,DB01248,0
DB04975,DB11757,1
DB00489,DB01624,1
DB00327,DB11586,1
DB00176,DB00612,1
DB00570,DB09167,1
DB08881,DB09065,1
DB01764,DB09297,0
DB01214,DB06419,0
DB00317,DB00977,1
DB01222,DB06210,0
DB09273,DB01259,0
DB01198,DB11574,1
DB04829,DB12466,0
DB01254,DB06212,1
DB08875,DB04356,0
DB01259,DB01275,0
DB08910,DB01076,0
DB00317,DB08865,1
DB05294,DB09079,1
DB09048,DB09167,1
DB00711,DB00316,0
DB04832,DB11963,1
DB11837,DB11691,0
DB00490,DB00741,1
DB00248,DB00721,1
DB00745,DB06636,1
DB00531,DB09227,1
DB00482,DB04557,1
DB01544,DB12941,1
DB06729,DB01096,0
DB00187,DB01086,1
DB12301,DB09123,0
DB00118,DB00349,0
DB00367,DB01259,1
DB09061,DB11921,0
DB13874,DB00401,0
DB12147,DB00850,0
DB12218,DB09167,0
DB06594,DB00489,0
DB00444,DB01142,1
DB00176,DB00959,1
DB03756,DB00819,0
DB00850,DB01134,0
DB00679,DB04841,1
DB00448,DB08995,1
DB00831,DB01058,1
DB05154,DB04652,0
DB01558,DB05109,1
DB00582,DB11560,1
DB06603,DB01708,0
DB12941,DB01369,0
DB09143,DB01394,0
DB09063,DB09299,1
DB12319,DB08880,0
DB00409,DB09101,0
DB00608,DB09034,0
DB09013,DB01211,0
DB00289,DB01117,0
DB00118,DB03701,0
DB00608,DB00751,1
DB01136,DB08798,1
DB00188,DB00227,1
DB00953,DB09244,1
DB04630,DB09048,1
DB00532,DB01217,1
DB04829,DB00724,0
DB01274,DB06287,1
DB08827,DB00792,0
DB00949,DB01029,1
DB12267,DB00322,0
DB00568,DB04855,1
DB00187,DB04938,1
DB00317,DB00444,1
DB04894,DB09065,0
DB00425,DB06203,1
DB01367,DB06803,1
DB00289,DB06691,1
DB11817,DB00395,0
DB01059,DB01198,1
DB00309,DB04829,0
DB01035,DB09065,1
DB09101,DB01558,0
DB11560,DB06412,0
DB06212,DB09071,1
DB00330,DB01406,0
DB00184,DB00896,0
DB00819,DB02709,0
DB06268,DB09079,1
DB00738,DB01588,0
DB04574,DB00234,0
DB11886,DB12319,0
DB06789,DB00201,0
DB11995,DB09290,0
DB04070,DB00778,0
DB05541,DB11796,0
DB09327,DB06789,0
DB00468,DB04840,1
DB01075,DB06268,1
DB00356,DB06789,0
DB00776,DB11967,1
DB01211,DB00623,0
DB00173,DB00531,0
DB00316,DB13174,1
DB00978,DB01041,0
DB00455,DB01369,0
DB01392,DB12147,0
DB09299,DB11886,1
DB00471,DB11757,1
DB00642,DB12713,0
DB08502,DB00425,0
DB00907,DB01319,0
DB00531,DB01624,1
DB00185,DB04938,1
DB00674,DB09238,1
DB00216,DB00264,1
DB11978,DB00865,0
DB01166,DB01193,1
DB00910,DB11672,1
DB00574,DB06729,1
DB00471,DB01117,1
DB01393,DB13179,1
DB01233,DB11967,1
DB00792,DB01621,1
DB00377,DB09048,0
DB11712,DB01253,0
DB08995,DB09034,1
DB00863,DB01069,1
DB01166,DB05814,1
DB01012,DB01254,1
DB00476,DB01036,1
DB00696,DB00969,1
DB06626,DB12319,1
DB01074,DB02703,1
DB00968,DB12548,0
DB00469,DB08995,1
DB01072,DB01621,1
DB08933,DB06267,0
DB11586,DB11652,1
DB00997,DB01068,0
DB01095,DB04855,1
DB06152,DB04871,0
DB11753,DB06701,0
DB01190,DB09297,1
DB00402,DB01590,1
DB01656,DB02134,1
DB00936,DB08864,1
DB00323,DB00388,0
DB00563,DB00827,0
DB00590,DB09185,1
DB00440,DB09034,0
DB08873,DB09102,1
DB04725,DB06148,0
DB01198,DB13174,1
DB00706,DB08896,0
DB00494,DB01072,0
DB00518,DB00627,1
DB06789,DB12332,1
DB00356,DB00983,1
DB00966,DB08875,0
DB00622,DB06803,1
DB04840,DB00617,0
DB06207,DB06693,0
DB01129,DB12319,1
DB00927,DB04356,1
DB08931,DB09048,1
DB00199,DB00968,0
DB00367,DB00384,0
DB00309,DB06218,1
DB00802,DB08901,1
DB01166,DB01134,0
DB00243,DB00270,1
DB04896,DB01097,0
DB00173,DB01268,0
DB00810,DB09183,1
DB01394,DB01873,1
DB00998,DB00378,0
DB12371,DB01114,0
DB04977,DB01252,0
DB01320,DB06605,1
DB00209,DB00717,0
DB09274,DB00706,0
DB04216,DB06594,1
DB00787,DB12026,1
DB00988,DB05246,0
DB01667,DB09235,0
DB04829,DB01098,0
DB00266,DB09195,0
DB00379,DB08860,0
DB01295,DB01685,0
DB00401,DB08816,1
DB01297,DB00819,0
DB05885,DB09049,0
DB01012,DB11855,1
DB08880,DB00224,0
DB01173,DB01210,0
DB00730,DB11951,0
DB01177,DB01137,0
DB00440,DB04356,0
DB08918,DB11967,0
DB01114,DB09048,1
DB09034,DB00966,0
DB01472,DB00163,0
DB01045,DB01406,0
DB00575,DB08882,1
DB00294,DB00361,0
DB05812,DB13179,1
DB00307,DB00909,0
DB00805,DB00810,1
DB01044,DB06730,0
DB11737,DB03496,0
DB00543,DB09054,0
DB00799,DB01232,1
DB09124,DB00422,0
DB08877,DB06781,0
DB00307,DB01198,1
DB00932,DB05246,1
DB00412,DB06636,1
DB11652,DB12597,1
DB01214,DB01058,0
DB03756,DB01406,0
DB01355,DB02709,0
DB00627,DB00956,1
DB00528,DB09065,1
DB08875,DB11730,1
DB00598,DB12332,1
DB00379,DB01191,1
DB01058,DB00240,0
DB00490,DB09238,1
DB01098,DB00628,0
DB00818,DB11730,1
DB01087,DB09555,1
DB01409,DB00309,0
DB00806,DB01098,0
DB00195,DB08901,1
DB04920,DB12319,0
DB00401,DB01103,1
DB00338,DB12582,0
DB00180,DB13174,0
DB06789,DB05271,0
DB00696,DB01058,1
DB09299,DB00445,0
DB01177,DB01409,1
DB00850,DB01012,1
DB01228,DB06729,1
DB09101,DB11823,1
DB00191,DB00705,1
DB00620,DB01580,0
DB04946,DB01039,0
DB04844,DB06702,1
DB00571,DB01248,1
DB00180,DB00740,0
DB09291,DB00365,0
DB00367,DB00361,0
DB00194,DB00180,0
DB00932,DB01191,1
DB00337,DB12218,0
DB00173,DB06817,1
DB00570,DB09079,1
DB04829,DB04898,0
DB00678,DB00744,1
DB04557,DB06594,1
DB00744,DB00601,0
DB01050,DB04977,0
DB00378,DB00973,0
DB02134,DB04889,1
DB00988,DB00475,0
DB02709,DB00574,0
DB03515,DB12026,0
DB00425,DB01591,1
DB01076,DB01132,1
DB08864,DB11693,0
DB09236,DB00184,0
DB00757,DB01708,0
DB02789,DB11652,1
DB01357,DB00169,0
DB04855,DB00846,0
DB00977,DB00978,1
DB08798,DB00204,0
DB01008,DB13179,1
DB00334,DB01303,1
DB00214,DB01645,1
DB00936,DB01117,1
DB00865,DB01400,0
DB09049,DB00861,0
DB00356,DB06412,0
DB00554,DB04920,1
DB01645,DB11689,1
DB00227,DB00745,1
DB00612,DB00906,0
DB00238,DB00687,0
DB00358,DB00328,0
DB02709,DB00494,0
DB00559,DB00288,0
DB04076,DB11757,1
DB01210,DB08873,0
DB00338,DB04846,0
DB09143,DB01035,0
DB01667,DB01074,0
DB01228,DB00712,0
DB04898,DB12267,0
DB01008,DB01232,1
DB01126,DB00304,0
DB00163,DB01065,0
DB00356,DB00553,1
DB00528,DB06803,0
DB08439,DB13174,1
DB00819,DB06777,0
DB00834,DB08875,1
DB00253,DB00489,0
DB00496,DB04938,1
DB01628,DB04841,1
DB00381,DB04896,1
DB13878,DB00205,0
DB01041,DB12329,0
DB00361,DB00543,1
DB00433,DB06603,1
DB00934,DB01134,0
DB06335,DB08931,0
DB11672,DB12543,1
DB01167,DB08502,0
DB08816,DB08502,0
DB06738,DB11679,1
DB00862,DB12245,1
DB00283,DB09213,0
DB00603,DB01165,0
DB00819,DB09079,1
DB00503,DB00623,1
DB01268,DB09227,1
DB00753,DB09065,0
DB00779,DB00956,0
DB00977,DB01254,1
DB06218,DB01094,0
DB06730,DB11757,1
DB00663,DB12130,0
DB01068,DB01044,0
DB11817,DB01223,0
DB09290,DB00324,0
DB04356,DB00591,0
DB01136,DB12978,1
DB00320,DB01076,1
DB06695,DB08815,0
DB00440,DB00751,0
DB01192,DB09183,1
DB04977,DB00273,0
DB12001,DB00191,0
DB00356,DB00951,1
DB01274,DB11575,0
DB00612,DB03010,0
DB00494,DB00784,1
DB00184,DB00330,1
DB11672,DB12329,1
DB01167,DB08918,1
DB01232,DB12141,1
DB00570,DB01591,1
DB00234,DB00731,1
DB00758,DB00475,0
DB01032,DB12005,1
DB00918,DB09291,1
DB00448,DB01303,0
DB01217,DB01685,1
DB00283,DB12218,0
DB00697,DB01094,1
DB00683,DB00983,0
DB12457,DB00738,0
DB00564,DB09237,1
DB01393,DB01173,0
DB01210,DB09232,0
DB01395,DB05294,1
DB01012,DB00434,0
DB01198,DB06419,1
DB00619,DB00712,1
DB12582,DB00721,0
DB06218,DB06803,1
DB07615,DB00982,0
DB00277,DB00384,1
DB04572,DB00792,0
DB00370,DB01261,0
DB00494,DB06702,1
DB01065,DB11757,1
DB00993,DB09273,1
DB00216,DB01072,1
DB00783,DB11979,1
DB00337,DB00297,0
DB00608,DB00699,1
DB00608,DB01126,1
DB05814,DB00677,0
DB00469,DB09555,0
DB06512,DB09204,1
DB09039,DB09288,1
DB00764,DB01183,0
DB01032,DB00959,0
DB00831,DB11753,1
DB00434,DB09237,0
DB06267,DB06729,0
DB00758,DB01138,1
DB01580,DB01058,0
DB00188,DB09389,0
DB09198,DB01396,0
DB01136,DB09065,1
DB00263,DB01097,1
DB00307,DB01406,1
DB00862,DB02703,1
DB06414,DB11586,1
DB00188,DB00629,1
DB03783,DB11942,0
DB04911,DB09241,1
DB00163,DB11915,0
DB11697,DB12713,0
DB00288,DB09090,0
DB05246,DB00209,0
DB00696,DB01136,1
DB00307,DB02187,0
DB00759,DB01406,1
DB00619,DB04356,1
DB11942,DB01104,0
DB04889,DB01032,0
DB00204,DB09296,0
DB00918,DB12332,1
DB00250,DB00490,1
DB01198,DB06210,1
DB08901,DB02789,0
DB01583,DB00677,0
DB00586,DB00599,0
DB00796,DB01611,1
DB04572,DB04884,1
DB08807,DB04794,0
DB00571,DB09071,1
DB01406,DB12001,1
DB00699,DB06512,1
DB08922,DB00337,0
DB09290,DB11837,1
DB01609,DB09280,0
DB06712,DB12026,1
DB00629,DB00998,1
DB00194,DB00949,0
DB00559,DB09195,0
DB01400,DB01058,0
DB01062,DB01624,1
DB00472,DB11689,1
DB00580,DB12147,1
DB00439,DB06605,1
DB00792,DB12218,0
DB01167,DB09238,1
DB00839,DB01095,1
DB01177,DB01623,0
DB01580,DB08901,1
DB00589,DB13174,1
DB11691,DB01591,0
DB09185,DB11796,1
DB00343,DB01222,1
DB05294,DB01621,0
DB00818,DB01396,1
DB04957,DB06419,1
DB11574,DB00792,0
DB00951,DB11619,1
DB11575,DB09216,0
DB00866,DB06603,1
DB06738,DB11586,1
DB00327,DB07615,1
DB00997,DB04841,1
DB00409,DB00857,1
DB00333,DB00872,1
DB00736,DB00412,0
DB04216,DB11614,1
DB00621,DB09054,0
DB00531,DB08798,1
DB00712,DB00546,0
DB12543,DB06414,0
DB11619,DB04861,0
DB06741,DB00866,0
DB12329,DB08807,0
DB11757,DB12597,1
DB00482,DB00382,0
DB00392,DB00669,0
DB03515,DB09330,0
DB00184,DB00568,1
DB09123,DB00448,0
DB12301,DB00288,0
DB08798,DB01045,0
DB01320,DB00927,0
DB09124,DB00490,0
DB00184,DB00531,1
DB01873,DB00758,0
DB00195,DB00501,1
DB01623,DB09048,0
DB00972,DB06605,1
DB00554,DB00744,1
DB08907,DB00924,0
DB00933,DB11901,0
DB00946,DB09073,1
DB06693,DB03701,0
DB00656,DB00863,1
DB08846,DB04908,0
DB01472,DB09195,1
DB00374,DB01177,1
DB06626,DB01357,0
DB00968,DB01384,0
DB12319,DB01210,0
DB00554,DB09183,1
DB00454,DB01264,1
DB09065,DB09288,1
DB09183,DB04828,0
DB00499,DB01191,1
DB12329,DB00642,0
DB01303,DB12978,0
DB08864,DB12020,1
DB00712,DB03783,1
DB09102,DB00264,0
DB09099,DB00813,0
DB00395,DB00736,1
DB01576,DB04557,0
DB00668,DB11757,1
DB12612,DB00933,0
DB00843,DB01418,1
DB01098,DB09195,0
DB00487,DB12329,0
DB01410,DB00617,0
DB00608,DB00872,1
DB00546,DB00696,1
DB02709,DB00927,0
DB04076,DB00288,0
DB13783,DB00238,0
DB00471,DB08865,1
DB00788,DB00908,1
DB01118,DB06237,1
DB00244,DB00495,0
DB11921,DB00494,0
DB01065,DB01254,1
DB01062,DB01152,0
DB01032,DB06803,1
DB01611,DB01283,0
DB01259,DB00737,0
DB00316,DB08873,1
DB05039,DB06210,1
DB00320,DB00721,1
DB00163,DB00227,1
DB04572,DB01577,0
DB04665,DB13874,1
DB00850,DB00554,0
DB05239,DB09185,1
DB00914,DB02709,0
DB01536,DB00214,0
DB01211,DB12278,1
DB06414,DB01403,0
DB12887,DB09083,0
DB00530,DB08873,1
DB02703,DB04630,1
DB00283,DB00543,1
DB00395,DB04911,1
DB01044,DB01254,1
DB01028,DB08901,1
DB04946,DB06228,1
DB12329,DB11574,0
DB01367,DB11697,1
DB00530,DB08846,0
DB00468,DB08875,1
DB00705,DB05885,1
DB00261,DB09389,0
DB00601,DB06626,0
DB01254,DB13783,0
DB12184,DB04856,0
DB01098,DB01411,1
DB00543,DB01319,0
DB00563,DB01536,0
DB01384,DB02187,0
DB11942,DB11614,0
DB00714,DB01217,1
DB06267,DB04572,0
DB01609,DB09244,0
DB00334,DB00814,1
DB00188,DB08811,0
DB00279,DB00734,0
DB09143,DB13179,1
DB00409,DB08807,1
DB00527,DB02489,0
DB04920,DB12693,1
DB00388,DB11978,0
DB00467,DB00863,1
DB05246,DB11817,0
DB06678,DB06218,0
DB04832,DB09102,1
DB00933,DB06730,0
DB00862,DB00163,0
DB00379,DB00589,1
DB01064,DB04894,0
DB00270,DB04946,1
DB01403,DB12005,1
DB00499,DB01026,1
DB00568,DB05271,1
DB04975,DB11730,1
DB00590,DB00617,1
DB00740,DB04889,1
DB00334,DB00482,1
DB00384,DB06144,0
DB09389,DB05814,0
DB12582,DB00827,0
DB00467,DB01195,1
DB00792,DB11757,1
DB04652,DB01355,0
DB00475,DB06803,0
DB01211,DB08877,1
DB00951,DB01621,1
DB00936,DB09296,0
DB01117,DB11581,1
DB00277,DB02703,1
DB00180,DB12020,0
DB09095,DB00818,0
DB00501,DB04871,1
DB00353,DB01087,1
DB00361,DB09063,1
DB01418,DB09299,1
DB01410,DB12332,1
DB01087,DB01577,1
DB06702,DB11672,1
DB00361,DB00904,1
DB01118,DB11901,1
DB08816,DB00591,0
DB01117,DB00956,0
DB04856,DB00543,0
DB01214,DB00757,0
DB01211,DB04839,1
DB00185,DB08811,0
DB04911,DB01252,0
DB00250,DB01100,1
DB11791,DB05541,0
DB00745,DB07615,1
DB00224,DB06636,1
DB00448,DB00872,1
DB09143,DB11652,1
DB00741,DB06803,0
DB09034,DB09054,1
DB01228,DB00959,0
DB00762,DB00972,1
DB00661,DB01628,1
DB01026,DB09227,1
DB12466,DB01623,0
DB00486,DB00983,1
DB00751,DB01645,0
DB04840,DB04574,0
DB00309,DB05154,1
DB01369,DB00857,0
DB00730,DB01100,1
DB00619,DB05708,1
DB00734,DB01074,1
DB00191,DB00591,0
DB01072,DB01259,1
DB01098,DB09330,1
DB00730,DB01058,1
DB00951,DB06594,1
DB00381,DB00818,1
DB12941,DB06756,0
DB01395,DB06595,1
DB02187,DB04846,0
DB00233,DB03575,0
DB00932,DB04574,1
DB00382,DB00401,0
DB12278,DB08846,0
DB00252,DB06268,1
DB00849,DB06739,1
DB00758,DB06626,1
DB01645,DB09213,1
DB00465,DB00778,0
DB00669,DB01087,0
DB04957,DB00559,0
DB06817,DB12005,0
DB06152,DB00628,0
DB00575,DB01167,1
DB00677,DB08880,0
DB00322,DB08875,1
DB00612,DB00685,0
DB00261,DB06726,0
DB00912,DB06777,0
DB00370,DB00499,1
DB00773,DB01369,1
DB00343,DB00409,1
DB00661,DB12874,1
DB00617,DB13919,1
DB00773,DB09227,1
DB00444,DB00501,1
DB00335,DB09048,1
DB00238,DB00839,1
DB00745,DB12612,0
DB11837,DB00253,0
DB01095,DB13919,1
DB00694,DB00599,0
DB00471,DB09013,0
DB00208,DB12010,0
DB00910,DB00864,0
DB09389,DB04076,0
DB01086,DB06729,1
DB00792,DB00234,0
DB02789,DB00850,0
DB01117,DB00377,0
DB08903,DB09216,0
DB00213,DB04557,0
DB00904,DB05708,1
DB00176,DB11712,1
DB09143,DB00850,0
DB09083,DB00268,0
DB00574,DB01409,1
DB00918,DB11586,1
DB01075,DB04920,1
DB00343,DB00737,1
DB00330,DB06212,1
DB00316,DB11855,1
DB09053,DB09073,1
DB00227,DB00708,1
DB00976,DB03515,1
DB00177,DB00363,1
DB00758,DB01412,1
DB00409,DB00675,1
DB00188,DB00796,1
DB01130,DB12548,0
DB11796,DB00546,0
DB01201,DB09101,1
DB01576,DB01013,0
DB04794,DB02187,0
DB00201,DB00501,1
DB11978,DB01667,0
DB12612,DB00590,0
DB00250,DB00333,1
DB01192,DB12245,1
DB12874,DB12693,0
DB00953,DB08868,0
DB01173,DB01396,1
DB06693,DB01252,0
DB01041,DB00253,0
DB06777,DB06654,0
DB11682,DB13158,0
DB00322,DB08877,1
DB09049,DB01037,0
DB00499,DB00582,1
DB12001,DB00323,0
DB00603,DB01029,1
DB01076,DB12026,1
DB00773,DB00374,0
DB01232,DB01559,1
DB00820,DB01764,0
DB01087,DB06228,1
DB00334,DB09185,1
DB00802,DB11837,1
DB01253,DB01252,0
DB01138,DB00621,0
DB09054,DB00663,0
DB00365,DB04889,1
DB00279,DB01168,0
DB06152,DB01137,0
DB01392,DB12005,1
DB00918,DB01132,1
DB09063,DB09330,1
DB09101,DB12147,1
DB01013,DB02134,0
DB00193,DB04557,0
DB00255,DB09079,1
DB00499,DB00932,1
DB12471,DB01076,0
DB00489,DB09274,0
DB01072,DB01319,1
DB06781,DB00977,0
DB11817,DB09102,0
DB01297,DB00817,0
DB01380,DB04652,0
DB01338,DB08895,0
DB01044,DB00627,0
DB04574,DB00762,0
DB00496,DB13874,1
DB00608,DB01238,1
DB00779,DB01544,0
DB05154,DB09071,1
DB00277,DB01198,1
DB06678,DB09297,0
DB01037,DB06777,0
DB04854,DB01234,0
DB01012,DB01601,1
DB00443,DB01228,0
DB06756,DB00289,0
DB11963,DB00813,0
DB00346,DB00322,0
DB13179,DB12582,0
DB07615,DB01667,0
DB01002,DB08933,0
DB00471,DB11679,1
DB11672,DB06817,0
DB00706,DB11586,1
DB01411,DB04825,0
DB04794,DB00714,0
DB01259,DB01544,0
DB01248,DB09034,1
DB00752,DB00977,1
DB00545,DB00843,0
DB06817,DB01355,0
DB00695,DB00494,0
DB01173,DB11979,1
DB00571,DB11586,1
DB01384,DB01355,0
DB00238,DB06210,1
DB09039,DB09065,1
DB00501,DB00850,1
DB00289,DB00623,1
DB00185,DB00334,1
DB00571,DB03783,1
DB01009,DB01076,1
DB00316,DB00933,1
DB00968,DB05990,0
DB00214,DB01194,0
DB00187,DB09291,1
DB00213,DB00307,0
DB09238,DB13919,1
DB01131,DB01065,0
DB01873,DB00539,0
DB00764,DB11614,0
DB06730,DB11581,1
DB00918,DB12612,1
DB00188,DB00543,1
DB00334,DB04630,0
DB00622,DB01117,1
DB00841,DB06512,0
DB11560,DB00268,0
DB00575,DB01263,1
DB01198,DB02703,1
DB01254,DB11689,1
DB05814,DB00776,0
DB00619,DB13783,0
DB09054,DB11672,1
DB00337,DB09224,0
DB00909,DB00724,0
DB01173,DB11652,1
DB01173,DB06702,1
DB01232,DB11614,1
DB01096,DB00628,0
DB00622,DB01131,1
DB00753,DB00163,0
DB01396,DB11837,1
DB03701,DB06700,1
DB00677,DB09017,0
DB00976,DB06595,1
DB08931,DB02709,0
DB04938,DB12371,1
DB08918,DB06781,0
DB00414,DB01177,1
DB03010,DB00475,0
DB05814,DB00601,0
DB00836,DB02134,0
DB00467,DB04871,1
DB00444,DB09227,1
DB12513,DB01067,0
DB01198,DB01609,1
DB09173,DB00437,0
DB05541,DB08798,1
DB00476,DB00843,1
DB00891,DB00186,0
DB00455,DB09245,0
DB00872,DB01245,0
DB01175,DB06636,1
DB00240,DB00575,0
DB00379,DB01403,1
DB11757,DB02709,0
DB04898,DB00191,0
DB00784,DB09297,0
DB00988,DB05219,0
DB01580,DB09555,1
DB06595,DB09227,1
DB01062,DB01576,1
DB09017,DB09063,0
DB00696,DB06730,1
DB00454,DB09053,0
DB00599,DB06218,1
DB00220,DB13003,1
DB00817,DB08910,1
DB00612,DB01059,0
DB01191,DB00484,0
DB08873,DB09143,1
DB04839,DB11581,1
DB04871,DB00966,0
DB01014,DB09013,0
DB01369,DB08901,1
DB01177,DB01685,1
DB01118,DB12278,1
DB00475,DB00374,0
DB01355,DB11978,0
DB11693,DB00697,0
DB03496,DB01214,0
DB00906,DB09053,0
DB00947,DB01623,0
DB09079,DB01114,0
DB00468,DB01283,1
DB01074,DB01472,1
DB00751,DB01058,0
DB11921,DB04841,0
DB00216,DB01067,1
DB00365,DB04845,0
DB01086,DB04076,1
DB01087,DB09101,1
DB00621,DB06201,0
DB00563,DB00708,0
DB09017,DB00482,0
DB00382,DB12147,0
DB00669,DB02489,0
DB00187,DB00675,1
DB00663,DB01126,0
DB00482,DB00949,1
DB00361,DB09299,1
DB11575,DB06414,0
DB01222,DB06636,1
DB00455,DB00696,1
DB00184,DB01173,1
DB00696,DB08907,1
DB01238,DB01764,1
DB01645,DB06738,1
DB00396,DB00392,0
DB00932,DB04840,1
DB00564,DB06287,1
DB00445,DB11979,0
DB06729,DB08807,1
DB00346,DB01587,1
DB01624,DB11886,1
DB09030,DB12267,1
DB12267,DB06267,0
DB01263,DB11951,1
DB00437,DB00818,0
DB01283,DB09063,1
DB00307,DB00533,1
DB01303,DB09274,0
DB06803,DB08804,0
DB09239,DB00636,0
DB11697,DB00936,0
DB00327,DB08896,1
DB01087,DB06237,1
DB06726,DB09065,1
DB00216,DB00582,1
DB00338,DB00697,0
DB00696,DB00946,1
DB00176,DB00730,1
DB01166,DB08816,1
DB01211,DB09555,1
DB00349,DB06605,1
DB06401,DB08896,1
DB01588,DB00977,0
DB01136,DB11921,0
DB06738,DB11952,0
DB05039,DB04216,0
DB00580,DB04574,1
DB01137,DB09330,0
DB01173,DB01628,1
DB01008,DB09213,0
DB01406,DB12161,1
DB00846,DB00591,0
DB00891,DB01131,1
DB00699,DB06691,1
DB00472,DB00745,1
DB00655,DB00683,0
DB00783,DB07615,1
DB00968,DB06691,0
DB00378,DB01072,1
DB01076,DB13179,1
DB09185,DB02709,0
DB00976,DB01357,1
DB00213,DB01104,1
DB01152,DB09238,0
DB00266,DB04920,1
DB00570,DB00813,0
DB00495,DB00589,0
DB05271,DB12582,0
DB01059,DB04854,0
DB00250,DB00661,1
DB00590,DB12483,1
DB00351,DB01406,1
DB00762,DB09330,1
DB00675,DB04216,1
DB00851,DB09225,1
DB06210,DB00454,0
DB12582,DB01601,0
DB00608,DB11652,1
DB11855,DB06595,0
DB00370,DB01076,1
DB01131,DB01175,1
DB00738,DB11613,0
DB00714,DB04838,0
DB08877,DB11963,1
DB00897,DB12301,1
DB09013,DB01337,0
DB06741,DB01223,0
DB00947,DB01009,0
DB01096,DB08827,0
DB00163,DB00678,0
DB13783,DB00163,0
DB00396,DB00365,0
DB00264,DB00726,1
DB00294,DB00751,0
DB01609,DB12612,1
DB00356,DB12332,1
DB12147,DB09167,0
DB01181,DB11679,1
DB00951,DB09555,1
DB01183,DB00549,0
DB01191,DB00294,0
DB00288,DB00570,0
DB00252,DB01035,1
DB01418,DB06594,1
DB00907,DB01079,1
DB00176,DB00294,1
DB00440,DB08502,1
DB01708,DB00933,0
DB00528,DB08846,0
DB00674,DB00486,0
DB00495,DB09048,1
DB00655,DB00911,0
DB00817,DB01198,0
DB00831,DB00977,1
DB00118,DB00589,0
DB00711,DB00700,0
DB00546,DB01264,1
DB01104,DB01411,1
DB00518,DB00956,0
DB01406,DB09124,1
DB05154,DB09236,0
DB00227,DB01595,1
DB04855,DB09389,1
DB00788,DB01100,1
DB11942,DB11619,0
DB09095,DB09013,0
DB00568,DB13174,1
DB12597,DB00952,0
DB01319,DB01222,0
DB00896,DB00799,0
DB13878,DB12235,0
DB04070,DB06691,0
DB01410,DB00629,0
DB00250,DB00472,1
DB00414,DB08877,1
DB01076,DB06730,1
DB01355,DB01014,0
DB02703,DB08439,1
DB01129,DB01037,0
DB08931,DB11581,1
DB00759,DB00951,1
DB00543,DB01095,1
DB00294,DB04855,1
DB00227,DB00814,1
DB00527,DB01074,0
DB11730,DB12010,1
DB09198,DB06077,0
DB11575,DB11837,0
DB00953,DB03783,0
DB09073,DB01303,0
DB11986,DB01544,0
DB00642,DB00104,0
DB00353,DB00951,1
DB00694,DB01076,1
DB09290,DB01576,0
DB06412,DB11691,0
DB04871,DB09183,1
DB04630,DB00261,0
DB01232,DB04871,1
DB00758,DB04574,1
DB00696,DB08895,1
DB06594,DB08875,1
DB00361,DB12161,1
DB01134,DB04076,0
DB00263,DB00307,1
DB00675,DB09274,0
DB00952,DB00337,0
DB01072,DB11737,1
DB00381,DB00590,1
DB08901,DB09128,1
DB00568,DB11613,1
DB00185,DB00494,1
DB03783,DB08875,1
DB03701,DB09128,0
DB04839,DB00191,0
DB01039,DB00261,0
DB00377,DB09291,1
DB00533,DB01685,1
DB00629,DB00779,1
DB09102,DB01012,0
DB12543,DB00467,0
DB04574,DB05271,0
DB00255,DB04896,1
DB00374,DB04630,0
DB00264,DB01410,1
DB00972,DB00759,0
DB00969,DB01283,1
DB08811,DB01132,0
DB09034,DB00487,0
DB00330,DB04557,1
DB09073,DB00365,0
DB01072,DB11575,1
DB01395,DB00378,0
DB00862,DB06700,1
DB01223,DB01624,1
DB00794,DB00891,1
DB01319,DB02187,0
DB00244,DB01559,0
DB00482,DB11672,1
DB00489,DB00956,1
DB00499,DB00827,1
DB00582,DB09198,1
DB00215,DB03515,0
DB00184,DB09327,1
DB00622,DB04856,1
DB00997,DB00392,0
DB00234,DB00951,1
DB00896,DB00475,0
DB04861,DB09061,1
DB05541,DB00836,0
DB09225,DB00608,0
DB00382,DB12245,1
DB01095,DB08864,1
DB01211,DB06817,0
DB11672,DB01064,0
DB09090,DB00233,0
DB06678,DB12457,0
DB00588,DB00845,1
DB01228,DB06603,1
DB01412,DB09034,0
DB00352,DB00818,0
DB01118,DB01181,1
DB00338,DB11995,0
DB02187,DB00603,0
DB00489,DB04889,1
DB00163,DB00343,1
DB09213,DB09102,0
DB01054,DB01167,1
DB11574,DB00204,0
DB01037,DB00352,0
DB00501,DB09065,1
DB01245,DB06207,0
DB04630,DB00973,0
DB00758,DB00817,1
DB00582,DB09239,1
DB00209,DB01393,0
DB00661,DB00827,1
DB00744,DB00788,1
DB00358,DB11672,1
DB08995,DB06702,0
DB00642,DB01405,1
DB00724,DB12147,0
DB08815,DB00169,0
DB00580,DB09102,0
DB03010,DB00205,0
DB08860,DB11679,1
DB00176,DB01259,1
DB01708,DB01032,0
DB12093,DB09073,0
DB00796,DB04975,0
DB00330,DB08860,1
DB09173,DB05239,0
DB00528,DB00243,0
DB00240,DB09063,0
DB03010,DB12582,0
DB00738,DB01259,1
DB01176,DB00496,0
DB00317,DB00425,1
DB00382,DB00213,0
DB00706,DB04356,0
DB00796,DB01217,1
DB12010,DB09013,0
DB11837,DB00324,0
DB00679,DB01028,1
DB04975,DB08882,1
DB12887,DB01355,0
DB03756,DB11614,1
DB06626,DB09225,1
DB00621,DB00323,0
DB11586,DB01064,0
DB01036,DB09185,1
DB00193,DB00530,1
DB09229,DB00736,0
DB00724,DB01165,0
DB00215,DB00810,1
DB00622,DB09083,1
DB08882,DB11978,1
DB01171,DB01418,1
DB00705,DB04076,0
DB04840,DB13003,0
DB06701,DB08880,0
DB00531,DB04725,1
DB01198,DB01601,1
DB01403,DB06803,0
DB00866,DB01079,1
DB01392,DB08907,0
DB00353,DB01623,0
DB00683,DB04630,0
DB08867,DB06403,0
DB12319,DB00717,0
DB09143,DB01536,0
DB01173,DB09297,0
DB11963,DB13179,1
DB00988,DB00617,0
DB01708,DB00322,0
DB00334,DB11837,1
DB00307,DB01176,1
DB00531,DB04861,1
DB01583,DB00316,0
DB01087,DB06203,1
DB00976,DB08893,1
DB01117,DB13919,1
DB00820,DB01103,1
DB00234,DB09173,1
DB00216,DB00361,1
DB00557,DB06267,1
DB00744,DB06741,0
DB04946,DB11837,1
DB00486,DB00973,0
DB04898,DB01764,0
DB11672,DB00266,0
DB00370,DB00570,1
DB00580,DB12245,1
DB00394,DB01036,0
DB01253,DB01094,0
DB00445,DB01155,0
DB01367,DB06626,1
DB00209,DB00571,1
DB00697,DB01079,1
DB04838,DB11613,0
DB04856,DB04884,0
DB00489,DB01104,1
DB05814,DB01026,0
DB01409,DB11614,1
DB00752,DB04652,0
DB00783,DB00998,1
DB00998,DB02134,1
DB00233,DB09013,0
DB08873,DB00388,0
DB01012,DB06595,1
DB01558,DB00263,0
DB04835,DB06228,0
DB11986,DB00209,0
DB00672,DB01117,1
DB06701,DB00379,0
DB00758,DB13874,1
DB00356,DB09198,1
DB06201,DB11614,0
DB04574,DB09071,1
DB00796,DB01418,1
DB06700,DB12329,1
DB00448,DB01037,1
DB00947,DB00352,0
DB01624,DB13879,1
DB00501,DB06803,1
DB00118,DB13179,0
DB00494,DB00912,0
DB00951,DB01254,1
DB00388,DB06512,0
DB00908,DB08827,1
DB01035,DB12332,1
DB00209,DB00850,1
DB01130,DB00187,0
DB01009,DB08875,0
DB00530,DB00976,1
DB00374,DB12713,0
DB01177,DB04911,1
DB00169,DB12161,1
DB01576,DB12245,1
DB00918,DB01319,0
DB01624,DB12332,1
DB00288,DB00726,0
DB00503,DB13174,1
DB00202,DB01095,0
DB01406,DB08918,1
DB09073,DB11751,0
DB12887,DB01193,0
DB11613,DB04630,0
DB00749,DB01198,1
DB01191,DB12887,0
DB01191,DB01412,1
DB08873,DB01152,0
DB09229,DB00863,0
DB00312,DB00104,0
DB01048,DB12874,1
DB05814,DB04829,0
DB01177,DB01576,1
DB01412,DB05219,0
DB08918,DB09049,0
DB00932,DB04630,1
DB06152,DB12674,0
DB00465,DB00253,0
DB01198,DB00346,0
DB09224,DB06207,0
DB00227,DB04076,0
DB04076,DB12466,0
DB04356,DB00343,0
DB00227,DB00490,1
DB01152,DB00315,0
DB00533,DB01645,1
DB11730,DB01191,0
DB00363,DB01134,1
DB00530,DB06712,1
DB12941,DB13919,0
DB04832,DB12483,1
DB00952,DB00661,0
DB00972,DB04977,1
DB00530,DB01263,1
DB00582,DB01409,1
DB01079,DB00378,0
DB00238,DB00918,1
DB08808,DB11691,0
DB00589,DB06212,0
DB09239,DB00496,0
DB01303,DB00543,0
DB00402,DB01208,0
DB06700,DB11817,1
DB00580,DB05109,1
DB04854,DB09063,0
DB00570,DB00818,1
DB12001,DB00356,0
DB12457,DB01137,0
DB00972,DB01303,1
DB00796,DB00169,0
DB01177,DB09280,1
DB04832,DB11737,1
DB00486,DB00169,0
DB00487,DB00788,1
DB01155,DB11952,0
DB09327,DB12267,0
DB00297,DB09173,1
DB01259,DB08439,0
DB09061,DB11652,1
DB05708,DB01175,0
DB01013,DB06695,0
DB00224,DB08827,1
DB00933,DB01035,1
DB00872,DB01591,1
DB05708,DB09061,1
DB00745,DB00857,1
DB00396,DB09173,1
DB00783,DB01254,1
DB05246,DB12941,0
DB12130,DB01393,0
DB08868,DB00738,0
DB01137,DB00877,0
DB01380,DB01367,0
DB06803,DB00910,0
DB01211,DB04896,1
DB06702,DB01198,0
DB01118,DB08877,1
DB08804,DB01129,0
DB05708,DB13174,1
DB04574,DB00753,0
DB00377,DB11613,0
DB08864,DB09204,1
DB00672,DB00947,0
DB01195,DB04076,1
DB00717,DB00402,0
DB00904,DB06218,1
DB11952,DB11817,0
DB05708,DB11951,0
DB00927,DB01086,1
DB00945,DB06803,1
DB12471,DB00533,0
DB12466,DB00201,0
DB01062,DB08882,1
DB11672,DB06292,0
DB00320,DB12235,1
DB01100,DB04894,1
DB00330,DB09053,1
DB00201,DB04920,0
DB00872,DB02187,1
DB04894,DB11730,1
DB00382,DB00214,0
DB02709,DB00557,0
DB00744,DB00346,0
DB01098,DB08502,0
DB00792,DB04630,0
DB08899,DB08995,1
DB00195,DB01173,1
DB00997,DB05885,0
DB01222,DB12218,0
DB00619,DB09185,1
DB00726,DB08895,0
DB01628,DB12245,1
DB00799,DB04975,0
DB00323,DB00668,1
DB11753,DB01400,0
DB00714,DB08873,1
DB00277,DB00946,1
DB00465,DB00792,0
DB09273,DB00220,0
DB00365,DB00338,0
DB01319,DB00805,0
DB00806,DB00228,0
DB00266,DB00532,1
DB01580,DB05812,1
DB06691,DB11817,0
DB00563,DB01167,1
DB09223,DB01297,0
DB00518,DB08903,0
DB00482,DB11915,1
DB01008,DB06203,0
DB00255,DB01192,0
DB11791,DB00820,0
DB00590,DB04844,1
DB00574,DB12483,0
DB12005,DB00841,0
DB04076,DB00263,0
DB01068,DB01029,0
DB01176,DB06725,1
DB12319,DB08881,0
DB00599,DB00953,0
DB09166,DB00322,0
DB06781,DB02187,0
DB01406,DB00721,0
DB13174,DB01587,0
DB04630,DB01134,0
DB00932,DB09061,1
DB09124,DB01259,0
DB01409,DB01393,0
DB06701,DB00253,0
DB00277,DB11967,1
DB02187,DB05812,0
DB06268,DB06605,1
DB00764,DB00476,0
DB06595,DB09238,1
DB02187,DB06777,0
DB01355,DB06595,0
DB00439,DB01297,1
DB00969,DB01087,1
DB11791,DB01253,0
DB00836,DB06210,1
DB06695,DB00575,0
DB00261,DB00850,1
DB01044,DB06287,0
DB00266,DB00330,1
DB00977,DB06148,1
DB06419,DB13179,1
DB05271,DB11693,0
DB12218,DB11921,0
DB09167,DB02789,0
DB00482,DB01062,1
DB00678,DB09198,1
DB00347,DB00932,1
DB06712,DB00776,0
DB06595,DB09071,1
DB11855,DB01236,0
DB12483,DB00467,0
DB01029,DB05990,0
DB00575,DB06789,1
DB00367,DB12483,1
DB12674,DB09241,0
DB00796,DB00891,1
DB00820,DB01611,0
DB00993,DB01558,1
DB00477,DB09195,1
DB01076,DB04856,1
DB00469,DB03783,1
DB00169,DB00434,0
DB11614,DB04835,0
DB05109,DB09167,1
DB01472,DB06781,0
DB06693,DB01264,0
DB04855,DB09083,1
DB06730,DB00193,0
DB00850,DB04911,1
DB06292,DB00911,0
DB00655,DB00734,0
DB00736,DB12612,0
DB01152,DB06228,0
DB05294,DB11952,1
DB06774,DB00749,0
DB00199,DB11712,1
DB00877,DB04896,1
DB00264,DB01472,1
DB00568,DB01242,1
DB11978,DB00351,0
DB12612,DB00792,0
DB00250,DB06419,1
DB00927,DB01384,0
DB00264,DB00960,1
DB00252,DB11979,1
DB00738,DB06403,1
DB00477,DB09065,1
DB00590,DB08903,0
DB11823,DB05708,0
DB00802,DB05990,0
DB00586,DB00773,1
DB01166,DB00973,0
DB00687,DB11942,0
DB09235,DB00378,0
DB00396,DB01075,1
DB01357,DB04725,1
DB00687,DB00705,1
DB00685,DB00758,1
DB06803,DB08798,1
DB00208,DB01609,0
DB00396,DB00531,1
DB00620,DB11575,0
DB00629,DB04076,1
DB09555,DB12245,1
DB01177,DB00968,0
DB01395,DB11837,1
DB11979,DB00273,0
DB00533,DB00779,1
DB00612,DB01058,0
DB13878,DB06700,0
DB00531,DB06594,1
DB04908,DB00627,0
DB00532,DB09195,1
DB06152,DB00531,0
DB06654,DB09065,1
DB00912,DB09241,1
DB00571,DB09183,1
DB01191,DB09099,0
DB08439,DB00184,0
DB00827,DB01254,1
DB02709,DB12674,0
DB00784,DB01079,1
DB00443,DB06701,0
DB00495,DB12093,0
DB00307,DB00356,0
DB00297,DB01095,1
DB00472,DB12020,1
DB00379,DB09030,0
DB00334,DB01079,1
DB01406,DB09143,1
DB00737,DB04855,1
DB00409,DB01297,1
DB12471,DB12582,0
DB00283,DB13874,1
DB00806,DB00283,0
DB00395,DB06210,0
DB00378,DB00966,0
DB01232,DB06739,1
DB00998,DB05219,0
DB00328,DB06693,0
DB00322,DB01621,0
DB00912,DB04898,0
DB09013,DB00655,0
DB00908,DB00998,1
DB00617,DB01177,1
DB01393,DB00557,0
DB01609,DB00706,0
DB11718,DB00202,0
DB00753,DB01590,0
DB00309,DB09291,0
DB01396,DB00799,0
DB06144,DB02789,0
DB00454,DB13179,1
DB00731,DB01075,1
DB01183,DB00191,0
DB00555,DB12978,1
DB00187,DB01252,0
DB11693,DB12674,0
DB04861,DB11614,1
DB04911,DB00627,0
DB00465,DB00752,1
DB00783,DB13874,1
DB00908,DB00956,1
DB12483,DB00346,0
DB00784,DB11614,1
DB00333,DB00603,1
DB01410,DB09039,1
DB01242,DB12693,1
DB00932,DB04975,1
DB13158,DB00501,0
DB00783,DB00806,1
DB00448,DB00539,0
DB08881,DB09195,1
DB11730,DB12161,1
DB00238,DB01074,1
DB00169,DB04884,1
DB00897,DB04825,0
DB00499,DB01173,1
DB11796,DB00409,0
DB01198,DB11679,1
DB11791,DB00912,0
DB00448,DB00862,1
DB12978,DB06789,0
DB04839,DB01155,0
DB00588,DB01039,1
DB00214,DB00796,1
DB08808,DB00378,0
DB01223,DB06712,1
DB00177,DB11679,1
DB08864,DB09063,1
DB01283,DB06738,1
DB00796,DB12693,0
DB00363,DB01395,1
DB01232,DB05039,1
DB12161,DB12010,0
DB00518,DB11613,0
DB01411,DB09101,1
DB01621,DB11942,0
DB04835,DB01228,0
DB00499,DB12147,0
DB00620,DB01576,0
DB00501,DB04946,1
DB01411,DB01319,0
DB01166,DB01268,1
DB00448,DB04898,1
DB00448,DB00945,1
DB01198,DB08896,1
DB01685,DB11693,0
DB00253,DB00849,0
DB01037,DB05109,1
DB06419,DB06282,0
DB00343,DB03756,1
DB01174,DB08868,1
DB08864,DB09030,1
DB11697,DB11886,1
DB00433,DB03756,0
DB06693,DB04975,0
DB02709,DB04216,0
DB00213,DB00622,1
DB00661,DB04835,1
DB06603,DB11995,0
DB00623,DB01177,1
DB00209,DB00945,0
DB00908,DB09173,1
DB00448,DB01129,1
DB01039,DB01087,1
DB11672,DB11737,1
DB05541,DB09239,0
DB00711,DB09083,0
DB03783,DB09227,1
DB00924,DB01087,1
DB01595,DB04898,0
DB00543,DB12005,1
DB00546,DB00580,0
DB11791,DB04975,0
DB00736,DB12093,0
DB00699,DB01104,1
DB00976,DB04652,1
DB00475,DB00351,0
DB00401,DB01623,0
DB05885,DB12941,0
DB00959,DB11575,0
DB01117,DB06595,1
DB00188,DB01221,1
DB01254,DB09223,0
DB06403,DB13179,1
DB09213,DB13874,1
DB06725,DB06603,0
DB00982,DB01118,1
DB00590,DB06605,1
DB05109,DB01134,0
DB04838,DB08882,1
DB04957,DB09102,1
DB00896,DB08846,0
DB01177,DB01242,1
DB00391,DB08931,0
DB00268,DB11963,0
DB00694,DB09555,0
DB00679,DB13158,0
DB12674,DB01126,0
DB01263,DB09090,1
DB00374,DB01095,1
DB00365,DB01152,0
DB00169,DB00757,1
DB00627,DB01167,0
DB00580,DB01075,1
DB01095,DB09327,0
DB00261,DB00773,1
DB00675,DB00956,1
DB01338,DB01303,0
DB01048,DB00817,0
DB01211,DB04356,1
DB00571,DB01590,1
DB00947,DB08816,0
DB11574,DB05246,0
DB04840,DB06282,0
DB00543,DB00675,1
DB01601,DB04832,1
DB00695,DB02789,0
DB00209,DB09053,1
DB01167,DB09223,1
DB00283,DB01667,0
DB04216,DB00737,0
DB00934,DB02703,1
DB00714,DB01611,1
DB00193,DB01295,1
DB09124,DB11942,0
DB00818,DB11757,1
DB01126,DB12693,0
DB00554,DB12301,0
DB05541,DB06803,1
DB01041,DB09198,1
DB01338,DB11689,0
DB04835,DB00531,0
DB00679,DB12319,1
DB00379,DB00448,1
DB02789,DB08931,0
DB00993,DB01118,1
DB00215,DB08807,1
DB04552,DB01623,0
DB00863,DB09232,0
DB12130,DB08811,0
DB00330,DB08881,1
DB00661,DB01406,1
DB09225,DB11730,1
DB12278,DB12329,0
DB01086,DB01577,1
DB09555,DB12597,0
DB00549,DB00557,1
DB00629,DB11855,0
DB00744,DB01195,1
DB00472,DB04356,1
DB00663,DB09236,0
DB01079,DB11837,1
DB01400,DB06603,0
DB00933,DB01195,1
DB01411,DB13919,1
DB04832,DB11693,1
DB01645,DB01559,0
DB08865,DB00952,0
DB00370,DB04838,0
DB05039,DB01097,0
DB00932,DB00959,1
DB00216,DB11915,1
DB01068,DB09039,0
DB06412,DB00177,0
DB00805,DB00932,1
DB11619,DB11791,0
DB00337,DB00590,0
DB00227,DB00674,1
DB00486,DB00445,0
DB00976,DB11901,1
DB09048,DB09183,1
DB00956,DB00787,0
DB01079,DB00749,0
DB00779,DB04841,1
DB00969,DB04898,1
DB00810,DB11586,1
DB04574,DB11581,1
DB03515,DB01047,0
DB01264,DB01559,1
DB09173,DB11730,0
DB00250,DB00163,0
DB00440,DB09198,1
DB00489,DB00706,1
DB00338,DB03010,0
DB00227,DB09034,1
DB00617,DB01418,1
DB00737,DB00810,1
DB04855,DB06335,1
DB01095,DB01211,1
DB00953,DB00487,0
DB01130,DB08895,0
DB00672,DB09183,0
DB00530,DB09128,1
DB12267,DB12332,1
DB00205,DB00343,1
DB00559,DB00661,1
DB00347,DB00799,1
DB00471,DB00705,1
DB01392,DB00173,0
DB00277,DB06282,0
DB00409,DB04725,0
DB09123,DB00843,0
DB01590,DB01065,0
DB06695,DB00201,0
DB09327,DB00248,0
DB01583,DB00655,0
DB00570,DB00827,0
DB00620,DB13879,0
DB01472,DB11718,1
DB08807,DB01130,0
DB01087,DB06282,1
DB12026,DB01621,0
DB01062,DB12026,1
DB01048,DB12130,0
DB00443,DB00316,0
DB00335,DB00574,1
DB01167,DB09071,1
DB01065,DB01394,0
DB00959,DB09173,0
DB00187,DB01242,1
DB00361,DB00489,1
DB00381,DB11586,1
DB01590,DB08807,1
DB09048,DB09128,1
DB00382,DB00468,1
DB11921,DB00799,0
DB01058,DB00810,0
DB06777,DB06654,0
DB01194,DB00475,0
DB00857,DB01129,0
DB01192,DB00685,0
DB00227,DB09204,1
DB01118,DB01201,1
DB00932,DB01086,1
DB00952,DB09244,1
DB06726,DB08881,1
DB00489,DB09049,0
DB08873,DB08896,1
DB00465,DB00972,1
DB00227,DB00951,1
DB01591,DB06287,1
DB13003,DB01198,0
DB01261,DB01190,0
DB06228,DB00724,0
DB06803,DB11823,1
DB00952,DB00759,0
DB00818,DB08995,1
DB00465,DB01118,1
DB01591,DB01138,0
DB11921,DB12471,0
DB12548,DB04835,0
DB01536,DB00173,0
DB04557,DB04665,1
DB00744,DB12218,0
DB01065,DB08804,0
DB01559,DB12887,0
DB04630,DB04832,1
DB09049,DB01181,0
DB00496,DB00705,1
DB11796,DB09238,0
DB09095,DB11652,1
DB04557,DB00683,0
DB00177,DB06268,1
DB00860,DB01167,1
DB00699,DB06702,1
DB00224,DB01559,1
DB00674,DB04889,1
DB00675,DB00778,1
DB00866,DB01190,0
DB08933,DB04842,0
DB01221,DB09389,0
DB00402,DB01059,1
DB11943,DB00570,0
DB01097,DB01283,1
DB03575,DB13174,0
DB00908,DB12332,1
DB00696,DB01097,0
DB00169,DB00819,0
DB00814,DB09101,1
DB04889,DB13874,1
DB00343,DB01227,1
DB11619,DB04846,0
DB00704,DB01074,0
DB09183,DB01013,0
DB00554,DB00891,1
DB00568,DB01393,0
DB01114,DB01223,0
DB04957,DB13158,0
DB01609,DB06738,1
DB01136,DB01155,1
DB00468,DB01074,1
DB00555,DB12548,0
DB00836,DB08846,0
DB00204,DB09330,1
DB06712,DB12130,1
DB00554,DB00794,1
DB00508,DB11817,0
DB00377,DB01591,1
DB04898,DB06207,0
DB00615,DB11730,1
DB00469,DB00675,1
DB00695,DB08912,1
DB00486,DB00860,0
DB00752,DB00936,1
DB00661,DB00738,1
DB01394,DB02187,0
DB00598,DB00927,0
DB00288,DB04854,0
DB00439,DB00330,0
DB00627,DB01611,1
DB00730,DB00783,1
DB00333,DB00661,1
DB00454,DB00678,1
DB00367,DB00773,1
DB00752,DB12471,0
DB00209,DB01576,1
DB04946,DB11915,1
DB00588,DB00745,1
DB01044,DB00392,0
DB00377,DB06287,1
DB11915,DB13874,1
DB01210,DB01039,0
DB00711,DB00951,0
DB09166,DB01217,0
DB00244,DB00209,0
DB01174,DB04920,1
DB00784,DB04920,1
DB00627,DB04840,1
DB00316,DB05219,0
DB01232,DB01392,1
DB00288,DB00475,0
DB03783,DB11581,1
DB01591,DB08865,1
DB01129,DB01008,0
DB03575,DB01275,0
DB09223,DB12245,0
DB02703,DB09017,1
DB01536,DB01029,0
DB04725,DB00813,0
DB09039,DB00788,0
DB01580,DB00173,0
DB01590,DB09288,1
DB00384,DB09198,1
DB01406,DB00988,0
DB00745,DB01388,1
DB01171,DB01591,1
DB01167,DB01624,1
DB00379,DB00784,1
DB08816,DB01410,0
DB08798,DB00185,0
DB00205,DB00888,0
DB00936,DB01337,0
DB00518,DB04894,1
DB01166,DB04829,1
DB00863,DB00486,0
DB00356,DB09239,0
DB00201,DB00508,0
DB01214,DB05154,0
DB01214,DB08868,0
DB00363,DB09223,1
DB00414,DB00440,1
DB00283,DB00414,0
DB01131,DB01062,0
DB01041,DB01211,1
DB06730,DB11689,1
DB11921,DB11978,0
DB11560,DB00467,0
DB01098,DB01472,0
DB12093,DB11682,0
DB08827,DB09071,1
DB01400,DB00758,0
DB01134,DB08922,0
DB00629,DB01044,1
DB00261,DB00993,1
DB00316,DB01076,1
DB02789,DB01095,0
DB00914,DB09053,1
DB00599,DB12332,1
DB00477,DB01035,1
DB00448,DB04574,1
DB09053,DB11915,1
DB12941,DB01628,0
DB05239,DB05885,0
DB00346,DB01198,0
DB01369,DB00574,0
DB12471,DB00434,0
DB01621,DB11652,1
DB09241,DB12010,1
DB00705,DB01234,1
DB04552,DB00857,0
DB00215,DB01223,1
DB00378,DB01087,1
DB01058,DB12874,1
DB08865,DB11828,1
DB00439,DB00468,1
DB06781,DB01173,0
DB00169,DB01075,1
DB00216,DB11751,0
DB00374,DB12674,0
DB00543,DB09185,1
DB06605,DB00968,0
DB00796,DB00443,0
DB06654,DB01685,0
DB00908,DB12612,1
DB06693,DB00674,0
DB00708,DB00912,0
DB00751,DB00752,1
DB00316,DB00468,1
DB00215,DB00528,0
DB00582,DB12332,1
DB01026,DB01611,1
DB11886,DB01142,0
DB04665,DB00323,0
DB01577,DB00268,0
DB00533,DB11837,1
DB13158,DB01583,0
DB01012,DB11614,1
DB01576,DB01047,0
DB00335,DB06287,1
DB04725,DB00910,0
DB00675,DB01355,1
DB00468,DB12130,1
DB00914,DB00402,0
DB01138,DB08502,0
DB00243,DB01245,0
DB04840,DB00224,0
DB01095,DB04911,1
DB01074,DB13158,0
DB01175,DB05814,0
DB06218,DB00724,0
DB06218,DB09288,1
DB00932,DB01393,1
DB01079,DB06774,1
DB00627,DB09280,0
DB09235,DB00621,0
DB06636,DB08820,1
DB06738,DB00104,0
DB09143,DB01228,0
DB00934,DB06412,0
DB00805,DB12245,1
DB01472,DB00351,0
DB05239,DB00499,0
DB09195,DB06789,0
DB00704,DB00672,0
DB01103,DB00799,0
DB01201,DB01369,0
DB04889,DB06729,1
DB00467,DB01254,1
DB01036,DB01248,0
DB01035,DB06636,1
DB09238,DB11828,1
DB00266,DB00896,0
DB01079,DB01228,1
DB03496,DB01104,0
DB00891,DB03515,0
DB01087,DB09143,1
DB00414,DB12245,1
DB00396,DB00752,1
DB09213,DB11757,1
DB01580,DB12332,1
DB00266,DB01118,1
DB00216,DB11796,0
DB12255,DB00699,0
DB01194,DB00726,0
DB00238,DB00396,1
DB01026,DB11823,1
DB01041,DB01576,0
DB01013,DB01253,0
DB00982,DB00334,0
DB09123,DB09124,0
DB00553,DB01472,0
DB01708,DB00392,0
DB00496,DB01104,1
DB00642,DB00543,0
DB01198,DB01263,1
DB00580,DB01685,1
DB01167,DB04841,1
DB01087,DB12001,1
DB00402,DB01079,1
DB00553,DB04841,1
DB00554,DB00224,0
DB06777,DB00337,0
DB04216,DB09290,1
DB00214,DB00409,0
DB01173,DB09195,1
DB00818,DB01183,1
DB00699,DB12332,1
DB04938,DB13174,1
DB12001,DB00253,0
DB00250,DB03010,0
DB01264,DB11901,1
DB08820,DB08807,0
DB11693,DB04825,0
DB01233,DB04840,1
DB12332,DB08903,0
DB09102,DB01628,0
DB00810,DB01621,1
DB00591,DB00705,1
DB00696,DB09128,1
DB09099,DB00924,0
DB03515,DB00685,0
DB00201,DB06803,1
DB00277,DB01026,1
DB01198,DB12147,1
DB04855,DB09048,1
DB00740,DB09296,0
DB01026,DB01118,1
DB01029,DB00199,0
DB00799,DB06210,1
DB00704,DB08901,0
DB00591,DB01131,0
DB00679,DB00850,1
DB00924,DB06626,1
DB06228,DB06626,1
DB01406,DB09167,0
DB00850,DB01036,1
DB00379,DB00712,0
DB01152,DB00846,0
DB01400,DB00699,0
DB00330,DB06595,1
DB00379,DB00531,1
DB00205,DB00201,0
DB00850,DB01228,1
DB00322,DB05109,1
DB00532,DB00705,1
DB00243,DB02703,1
DB00475,DB11915,0
DB12329,DB00731,0
DB01007,DB09245,0
DB00330,DB01580,1
DB01155,DB00960,0
DB00496,DB01096,1
DB06144,DB00437,0
DB01264,DB01337,0
DB00545,DB00864,0
DB01130,DB01405,0
DB01259,DB00687,0
DB00888,DB00104,0
DB00850,DB00932,1
DB01032,DB11575,0
DB00425,DB00580,1
DB01418,DB04835,0
DB00779,DB12245,1
DB12457,DB01193,0
DB04889,DB12693,1
DB00737,DB04552,0
DB00194,DB00934,0
DB00783,DB08995,1
DB09238,DB11614,1
DB00499,DB00877,1
DB00209,DB00820,0
DB06781,DB09280,0
DB01167,DB06148,1
DB00327,DB08995,1
DB00201,DB00384,1
DB04076,DB11697,1
DB00288,DB04938,0
DB09236,DB00627,0
DB00531,DB01283,1
DB12457,DB01410,0
DB00549,DB09083,0
DB12713,DB00184,0
DB00891,DB01320,1
DB00496,DB00983,1
DB00612,DB01026,1
DB00784,DB12941,1
DB00787,DB01118,1
DB00317,DB04889,1
DB09185,DB11619,1
DB00574,DB09173,1
DB00783,DB01072,1
DB01611,DB04911,1
DB01008,DB09030,1
DB09101,DB09291,1
DB00255,DB01264,1
DB03783,DB09198,1
DB00831,DB09185,1
DB01708,DB00787,0
DB01418,DB09224,0
DB11915,DB11986,0
DB00580,DB05219,0
DB00266,DB12319,1
DB00953,DB00443,0
DB01624,DB09173,1
DB06152,DB11730,1
DB00717,DB01393,0
DB01283,DB06077,0
DB08815,DB12267,0
DB00773,DB00802,1
DB01263,DB05541,1
DB06777,DB00851,0
DB00412,DB08811,0
DB01087,DB05239,1
DB00213,DB11718,1
DB00872,DB08865,1
DB01472,DB13874,1
DB08873,DB01152,0
DB01018,DB12582,0
DB01210,DB01380,0
DB00467,DB00661,1
DB00530,DB01079,1
DB00489,DB02789,0
DB00864,DB13879,1
DB01338,DB00266,0
DB01559,DB11963,0
DB06725,DB09048,1
DB00215,DB00851,1
DB02789,DB00349,0
DB00204,DB01009,0
DB01069,DB01100,1
DB00696,DB12543,1
DB01007,DB00304,0
DB09124,DB09274,0
DB00976,DB04828,1
DB00343,DB01200,1
DB00337,DB01103,0
DB00320,DB08895,1
DB01041,DB01411,1
DB01098,DB01064,0
DB01072,DB06152,1
DB00700,DB00872,1
DB01173,DB09227,1
DB09101,DB13003,1
DB09017,DB00338,0
DB06237,DB00927,0
DB00346,DB00448,1
DB00118,DB00501,0
DB08807,DB09071,0
DB00846,DB06781,0
DB11823,DB06210,0
DB09049,DB00467,0
DB01064,DB12005,0
DB00678,DB02187,0
DB00764,DB01192,0
DB00571,DB09065,1
DB00968,DB12582,0
DB00495,DB00370,0
DB00401,DB01406,1
DB01174,DB00787,0
DB01058,DB06789,1
DB04076,DB04845,1
DB01601,DB04794,0
DB01136,DB12319,1
DB05812,DB11586,1
DB00367,DB00656,1
DB01044,DB11560,0
DB05039,DB01103,0
DB00495,DB00677,0
DB09204,DB09389,0
DB09389,DB11796,0
DB01130,DB00668,0
DB00783,DB08910,1
DB04841,DB01536,0
DB09102,DB12278,0
DB00444,DB05990,0
DB00699,DB01388,1
DB00186,DB00699,0
DB00233,DB00787,0
DB08931,DB00740,0
DB01645,DB01165,0
DB08868,DB06077,0
DB00352,DB00669,0
DB00469,DB12332,1
DB08502,DB13878,0
DB00367,DB01233,0
DB00945,DB09555,0
DB13783,DB12130,0
DB01177,DB12245,1
DB11757,DB11823,1
DB01544,DB13874,1
DB00744,DB06712,1
DB00304,DB00734,0
DB00205,DB08873,0
DB06701,DB01268,0
DB05219,DB04846,0
DB03515,DB00195,0
DB13919,DB04845,0
DB00334,DB13879,0
DB09073,DB12235,1
DB00224,DB08882,1
DB00717,DB12141,1
DB00806,DB00827,1
DB12218,DB09225,0
DB01118,DB09555,1
DB00730,DB03756,0
DB04841,DB00279,0
DB02789,DB00998,0
DB00215,DB01058,1
DB11737,DB01283,0
DB00118,DB04725,0
DB09195,DB01198,0
DB01079,DB08807,1
DB00531,DB01176,1
DB01050,DB01094,0
DB00731,DB01369,0
DB01409,DB01472,1
DB01059,DB00813,0
DB09185,DB09232,1
DB00862,DB08912,1
DB00215,DB12887,1
DB00906,DB03701,0
DB04938,DB06726,1
DB00309,DB06292,0
DB00199,DB00184,0
DB00448,DB00476,1
DB01409,DB05271,1
DB00712,DB01544,1
DB01558,DB00353,0
DB08804,DB04356,0
DB01591,DB04832,1
DB00334,DB09167,1
DB01591,DB12674,0
DB01047,DB00669,0
DB00214,DB00726,1
DB00788,DB06401,0
DB06817,DB12874,1
DB00261,DB01369,0
DB01211,DB01611,1
DB00379,DB01171,1
DB01624,DB09291,1
DB01065,DB08868,0
DB01355,DB13174,1
DB09227,DB11613,1
DB00443,DB01192,0
DB09245,DB01047,0
DB00675,DB06148,1
DB08846,DB06419,0
DB00187,DB09061,1
DB00802,DB01406,1
DB04856,DB06739,1
DB01098,DB00850,0
DB01601,DB04825,1
DB01173,DB12267,1
DB00586,DB11886,0
DB00496,DB05219,0
DB08880,DB12278,0
DB00365,DB04076,1
DB00738,DB00843,1
DB00751,DB05109,1
DB00489,DB01611,1
DB00454,DB00997,1
DB03496,DB01611,0
DB00545,DB00365,0
DB00539,DB01232,1
DB01295,DB01544,0
DB00173,DB04920,0
DB00356,DB04557,0
DB00322,DB00617,1
DB04829,DB04839,0
DB00814,DB00268,0
DB01072,DB11751,1
DB06712,DB12332,1
DB00796,DB08922,1
DB01393,DB00700,0
DB00288,DB01245,0
DB00960,DB04889,1
DB00188,DB09555,1
DB06335,DB00194,0
DB00169,DB00721,0
DB09225,DB13874,1
DB00851,DB01136,1
DB09048,DB11679,1
DB00531,DB00731,1
DB01611,DB06636,1
DB08995,DB04356,0
DB01062,DB13878,0
DB01261,DB06691,0
DB06203,DB09291,1
DB09296,DB00571,0
DB04630,DB00530,0
DB00582,DB00909,1
DB11619,DB01873,0
DB00741,DB06595,1
DB01623,DB04216,1
DB00593,DB11730,1
DB09013,DB08882,0
DB01623,DB12026,1
DB00617,DB09099,0
DB00270,DB12548,1
DB01232,DB01261,1
DB11614,DB12319,1
DB11682,DB01252,0
DB00836,DB00863,0
DB00973,DB01050,0
DB01195,DB09241,1
DB01283,DB01645,1
DB06803,DB01211,0
DB00253,DB04825,0
DB00738,DB06287,1
DB01611,DB12001,0
DB00448,DB04920,1
DB01211,DB00998,0
DB09297,DB04630,0
DB04854,DB00489,0
DB00674,DB09183,1
DB12693,DB05039,0
DB06777,DB09048,1
DB01263,DB11796,1
DB12612,DB00454,0
DB05885,DB11574,0
DB00932,DB09054,1
DB00444,DB01238,1
DB00872,DB11951,1
DB00661,DB04975,1
DB09053,DB00365,0
DB00977,DB11730,1
DB00672,DB09183,0
DB00499,DB00586,1
DB01035,DB08933,0
DB01012,DB06702,1
DB09065,DB00891,0
DB00818,DB05885,0
DB01252,DB00201,0
DB12371,DB01114,0
DB01591,DB00758,0
DB00377,DB06603,1
DB00946,DB01274,1
DB00346,DB06712,1
DB01611,DB08864,1
DB00472,DB06212,1
DB00862,DB11682,0
DB01577,DB12001,0
DB01035,DB05812,1
DB00924,DB01708,0
DB00820,DB01095,1
DB01411,DB05219,0
DB03756,DB04856,1
DB01007,DB06207,1
DB00532,DB09173,1
DB00530,DB04846,1
DB00477,DB01628,1
DB12466,DB00186,0
DB06401,DB01013,0
DB01394,DB04884,1
DB08877,DB00734,0
DB00679,DB00857,1
DB00621,DB00862,1
DB00549,DB11952,1
DB04630,DB04829,0
DB00617,DB01393,1
DB06654,DB09143,0
DB00448,DB00764,1
DB08439,DB11986,0
DB04572,DB00700,0
DB00487,DB09128,0
DB01411,DB11679,1
DB12471,DB11712,0
DB00248,DB11679,0
DB11581,DB12543,1
DB00202,DB01233,1
DB00213,DB04896,1
DB01338,DB00706,0
DB00953,DB00414,0
DB00476,DB01026,1
DB00234,DB00309,0
DB01369,DB09225,0
DB01074,DB04829,1
DB12001,DB00575,0
DB04957,DB09185,1
DB09090,DB09291,0
DB01134,DB01577,0
DB00758,DB01263,1
DB09299,DB00714,0
DB09079,DB01192,0
DB01103,DB13879,0
DB00621,DB00629,0
DB04896,DB11613,1
DB00904,DB12147,1
DB00361,DB01224,1
DB00333,DB01029,1
DB00749,DB06594,1
DB06148,DB09238,1
DB00956,DB00759,0
DB00343,DB00891,1
DB01026,DB09185,1
DB00445,DB00294,0
DB00261,DB13874,1
DB00283,DB01201,0
DB00908,DB04975,0
DB00213,DB04854,0
DB01259,DB05294,1
DB04574,DB09048,1
DB00208,DB02134,1
DB01708,DB01252,0
DB01165,DB01130,0
DB00187,DB08995,0
DB00343,DB08933,0
DB01384,DB09039,1
DB01384,DB00549,0
DB00712,DB04557,1
DB01611,DB12329,0
DB00193,DB08808,1
DB00469,DB08881,1
DB08875,DB12245,1
DB00622,DB00783,1
DB01580,DB01210,0
DB00186,DB00227,1
DB11952,DB12235,1
DB09061,DB09173,1
DB04828,DB04938,0
DB01536,DB00448,0
DB00764,DB12457,0
DB01036,DB01173,1
DB00849,DB00851,0
DB04076,DB09183,0
DB09185,DB12329,1
DB04557,DB09167,0
DB00543,DB00253,0
DB00588,DB00608,1
DB00590,DB00762,1
DB08816,DB01611,0
DB11855,DB00528,0
DB00934,DB01264,1
DB04216,DB01068,0
DB00959,DB01369,0
DB00918,DB00951,1
DB01165,DB00549,0
DB00252,DB00437,1
DB00193,DB06512,1
DB00705,DB01012,1
DB06267,DB06210,0
DB00850,DB11837,1
DB04572,DB08865,1
DB08808,DB09061,1
DB08882,DB09102,1
DB09330,DB12267,1
DB00622,DB00228,0
DB09389,DB06419,0
DB00737,DB01012,1
DB00934,DB00353,0
DB00327,DB06268,1
DB00749,DB06626,0
DB11791,DB00753,0
DB00476,DB09102,0
DB00972,DB12161,1
DB00629,DB04356,1
DB00574,DB00896,0
DB00361,DB00240,0
DB00744,DB09288,1
DB00501,DB00836,1
DB00764,DB12329,0
DB00444,DB12245,1
DB00849,DB11586,1
DB00396,DB01406,1
DB00571,DB01263,1
DB00976,DB01384,1
DB08882,DB12161,1
DB01126,DB09185,1
DB00843,DB00487,0
DB00201,DB01411,0
DB00817,DB09143,0
DB01369,DB00608,0
DB04855,DB05271,1
DB08502,DB00636,0
DB08827,DB12483,1
DB01137,DB01412,1
DB12471,DB04957,0
DB00503,DB00933,1
DB00988,DB06595,0
DB12141,DB01095,0
DB00379,DB08873,1
DB11901,DB05219,0
DB06210,DB06152,0
DB09095,DB11613,0
DB00475,DB00495,0
DB00687,DB01167,1
DB01248,DB00467,0
DB04854,DB06777,1
DB04630,DB00425,0
DB00788,DB01223,1
DB01048,DB01227,0
DB05812,DB12319,0
DB01611,DB04896,1
DB00857,DB09288,1
DB00738,DB01211,1
DB00356,DB00788,1
DB00752,DB06730,0
DB04896,DB12278,1
DB00762,DB06712,1
DB00865,DB02703,1
DB01036,DB01096,1
DB01261,DB08502,1
DB01048,DB00927,0
DB11619,DB11682,0
DB00289,DB04841,1
DB00335,DB00487,0
DB00783,DB11697,1
DB00629,DB00391,0
DB00951,DB00933,0
DB01380,DB01136,0
DB00705,DB01236,0
DB06695,DB00924,0
DB00477,DB12597,1
DB01048,DB01194,0
DB09013,DB00973,0
DB13919,DB00819,0
DB01098,DB00933,0
DB00730,DB01191,1
DB00622,DB00636,1
DB00250,DB09227,1
DB00177,DB00316,0
DB00753,DB09167,1
DB01177,DB05271,1
DB13919,DB11967,0
DB06268,DB06594,1
DB00209,DB11963,1
DB06817,DB11693,0
DB09291,DB00330,0
DB06725,DB08995,1
DB00911,DB09048,1
DB00499,DB11652,1
DB08995,DB00674,0
DB04356,DB01395,0
DB00440,DB04832,1
DB00924,DB01047,0
DB03496,DB01171,0
DB00952,DB09173,0
DB00724,DB00261,0
DB01685,DB04574,1
DB04975,DB01595,0
DB09198,DB00778,0
DB01195,DB03783,1
DB00753,DB00744,0
DB00337,DB00744,0
DB01232,DB11817,1
DB00914,DB01007,0
DB03701,DB00215,0
DB11986,DB00724,0
DB00753,DB12235,0
DB00545,DB01165,0
DB00741,DB00228,0
DB02789,DB00531,0
DB00392,DB01628,0
DB06412,DB08864,0
DB01190,DB04855,1
DB01131,DB01274,1
DB00956,DB01064,0
DB03756,DB08910,0
DB03010,DB04838,0
DB08811,DB06335,0
DB00356,DB12874,0
DB01131,DB09213,1
DB00381,DB01118,1
DB00932,DB11586,1
DB06148,DB11672,1
DB06678,DB00851,0
DB00694,DB09273,0
DB00545,DB00186,0
DB00335,DB12141,0
DB00956,DB11963,1
DB00877,DB08808,0
DB01338,DB11886,0
DB00677,DB08864,0
DB03701,DB00324,0
DB01138,DB11614,1
DB00699,DB00904,1
DB05541,DB00685,0
DB01232,DB08903,1
DB09290,DB00324,0
DB00555,DB12371,0
DB00317,DB09216,0
DB01410,DB12693,1
DB00215,DB01248,1
DB11886,DB00593,0
DB00794,DB01165,0
DB01062,DB09079,1
DB00983,DB06730,1
DB01261,DB01210,0
DB01217,DB08502,1
DB04216,DB00699,0
DB00574,DB01275,0
DB00866,DB01264,1
DB00289,DB00972,1
DB00288,DB04829,0
DB00988,DB00776,0
DB00697,DB11757,1
DB06605,DB08901,1
DB00586,DB01544,1
DB00590,DB04894,1
DB00482,DB00621,1
DB00346,DB00414,0
DB12161,DB00860,0
DB00365,DB01645,1
DB00289,DB00574,1
DB00346,DB06419,1
DB00409,DB00907,1
DB00741,DB01058,1
DB00818,DB01685,1
DB01131,DB01392,1
DB00857,DB00914,1
DB04070,DB00209,0
DB00866,DB01137,0
DB00977,DB01126,1
DB06267,DB00674,0
DB00489,DB11915,1
DB00598,DB12141,0
DB01254,DB06712,1
DB13919,DB08868,0
DB00177,DB05708,0
DB01259,DB01018,0
DB00214,DB12329,0
DB08827,DB00621,0
DB04871,DB11915,1
DB00810,DB09288,1
DB00946,DB01195,1
DB00951,DB01227,1
DB00997,DB01359,1
DB11886,DB00476,0
DB13783,DB01252,0
DB09128,DB13174,1
DB01667,DB05708,1
DB00740,DB01076,0
DB00762,DB09048,1
DB00571,DB09185,1
DB01138,DB09225,0
DB00518,DB00599,1
DB00851,DB00439,0
DB00717,DB01014,0
DB00530,DB06817,1
DB11575,DB00289,0
DB00370,DB00758,1
DB00714,DB09053,1
DB08918,DB00545,0
DB00467,DB00717,0
DB05154,DB00731,0
DB01041,DB13174,1
DB01013,DB00118,0
DB01621,DB09143,0
DB02709,DB00317,0
DB00195,DB01558,1
DB00382,DB00381,0
DB12161,DB12371,0
DB01685,DB06726,0
DB04835,DB09330,0
DB04356,DB11963,0
DB01621,DB01248,0
DB00582,DB04856,1
DB00414,DB12582,0
DB06210,DB06817,1
DB00764,DB00865,0
DB08816,DB04825,0
DB00976,DB06712,1
DB00227,DB04938,1
DB11560,DB12245,1
DB08439,DB08881,1
DB01406,DB01064,0
DB01405,DB01018,0
DB00177,DB11689,1
DB00655,DB09225,0
DB02134,DB09048,0
DB01018,DB01667,0
DB13874,DB00953,0
DB00549,DB01411,1
DB00549,DB11586,1
DB00440,DB06210,1
DB00582,DB00891,1
DB00440,DB00661,1
DB00730,DB00908,1
DB01208,DB04871,0
DB09173,DB09017,0
DB00353,DB11886,1
DB13158,DB09555,0
DB00820,DB09053,1
DB06594,DB12005,1
DB00758,DB11712,1
DB01177,DB01580,1
DB00414,DB01036,1
DB00356,DB06729,1
DB00532,DB12147,1
DB01018,DB13179,1
DB01152,DB03010,0
DB01536,DB04844,0
DB06267,DB06603,0
DB01009,DB01211,0
DB01319,DB09079,1
DB00554,DB08880,1
DB00857,DB00213,0
DB00353,DB00186,0
DB01217,DB04216,1
DB13003,DB00378,0
DB00627,DB01577,1
DB06781,DB05219,0
DB00888,DB08439,0
DB00379,DB04938,1
DB08875,DB09238,1
DB00532,DB00590,1
DB06282,DB00233,0
DB02134,DB00708,0
DB01037,DB06803,1
DB00530,DB00758,1
DB00195,DB00494,1
DB00440,DB01176,1
DB00209,DB01195,1
DB01198,DB04839,1
DB00817,DB06210,1
DB00877,DB00972,1
DB00799,DB01259,1
DB00675,DB01224,1
DB00997,DB08931,0
DB00683,DB00977,1
DB00472,DB08896,1
DB00315,DB00779,1
DB00528,DB06636,1
DB00352,DB00663,0
DB00877,DB11672,1
DB06781,DB09232,0
DB08811,DB06789,0
DB08907,DB04557,0
DB00401,DB02703,1
DB01211,DB12978,1
DB00199,DB06237,1
DB04855,DB09173,1
DB00586,DB09297,1
DB00677,DB01166,0
DB01355,DB01252,0
DB05039,DB06218,0
DB06595,DB06789,1
DB00244,DB00433,0
DB00627,DB08807,1
DB00711,DB01253,0
DB00448,DB00736,1
DB00927,DB00956,0
DB00819,DB00758,0
DB01129,DB01411,0
DB04557,DB09063,1
DB09224,DB12267,0
DB00309,DB01406,1
DB09128,DB00911,0
DB00586,DB00998,1
DB00805,DB00908,1
DB00465,DB01611,1
DB00841,DB01217,0
DB08827,DB09073,1
DB00863,DB09128,1
DB00208,DB00213,1
DB04884,DB09167,1
DB00412,DB09039,0
DB00850,DB05814,0
DB00396,DB12543,0
DB00617,DB08502,1
DB00705,DB01062,1
DB01193,DB01403,1
DB01583,DB00998,0
DB00784,DB01114,0
DB00951,DB12147,1
DB01576,DB06729,1
DB01087,DB11986,1
DB09327,DB00907,0
DB01232,DB11757,1
DB00736,DB00233,0
DB04725,DB00338,0
DB00494,DB01194,0
DB06739,DB09238,1
DB08820,DB00866,0
DB00315,DB13878,1
DB00717,DB13879,1
DB00724,DB04552,0
DB00384,DB00857,1
DB00261,DB04076,1
DB01667,DB01036,0
DB00263,DB00347,1
DB00661,DB01094,1
DB01026,DB01261,1
DB00865,DB08907,0
DB06789,DB00543,0
DB00912,DB11951,0
DB00685,DB00736,0
DB01002,DB01012,1
DB01764,DB04896,0
DB01192,DB09238,1
DB00439,DB05271,1
DB01223,DB11855,0
DB04894,DB09235,0
DB06144,DB00620,0
DB00744,DB00904,1
DB00672,DB01041,1
DB00465,DB00745,1
DB01576,DB05271,1
DB00215,DB00857,1
DB00636,DB00932,1
DB00384,DB01223,1
DB04840,DB01708,0
DB11712,DB08815,0
DB00363,DB04835,1
DB01118,DB09099,1
DB00779,DB00956,0
DB00978,DB06401,0
DB01587,DB00559,0
DB00414,DB02187,0
DB00240,DB00177,0
DB00738,DB12255,0
DB08933,DB00555,0
DB00215,DB11652,1
DB01591,DB00906,0
DB06595,DB09054,1
DB00968,DB01026,0
DB00678,DB01167,1
DB00328,DB05239,1
DB06741,DB01126,0
DB12147,DB03701,0
DB01369,DB06701,0
DB01058,DB01181,1
DB01319,DB00351,0
DB08901,DB12693,1
DB00545,DB00323,0
DB00233,DB11679,0
DB01177,DB01337,0
DB00952,DB01171,1
DB01238,DB01395,0
DB01685,DB08502,1
DB01275,DB00202,0
DB00699,DB01410,1
DB00494,DB00699,1
DB08893,DB01138,0
DB00477,DB04840,1
DB00675,DB09128,1
DB00759,DB09101,1
DB00353,DB04889,0
DB01297,DB00445,0
DB01472,DB09238,1
DB00495,DB00714,1
DB00738,DB01096,1
DB00487,DB00574,1
DB09195,DB01044,0
DB00603,DB09555,0
DB00320,DB02489,0
DB00863,DB04652,0
DB01076,DB00721,0
DB01338,DB09065,0
DB04871,DB00539,0
DB12874,DB01295,0
DB05541,DB11718,1
DB09017,DB00861,0
DB12235,DB12332,1
DB00343,DB11737,1
DB08895,DB01014,0
DB01418,DB12887,1
DB00745,DB06739,1
DB03701,DB00736,0
DB01012,DB06726,1
DB00489,DB00726,1
DB01395,DB00455,0
DB01263,DB01591,1
DB00322,DB11730,0
DB01411,DB01544,1
DB09274,DB08893,0
DB00831,DB06803,1
DB01559,DB06268,0
DB00857,DB01012,1
DB00227,DB00663,1
DB11693,DB12130,0
DB00240,DB00726,0
DB00273,DB13174,0
DB00972,DB09213,1
DB08846,DB01233,0
DB00454,DB05294,1
DB06654,DB01394,0
DB00328,DB12874,1
DB12184,DB00328,0
DB06738,DB00982,0
DB00949,DB12466,1
DB00947,DB01072,1
DB09330,DB00820,0
DB00220,DB09063,1
DB06777,DB00475,0
DB00169,DB00714,0
DB06287,DB06691,0
DB00717,DB08827,1
DB00304,DB00437,0
DB09071,DB06605,0
DB00472,DB00621,1
DB01194,DB11828,0
DB09327,DB06774,0
DB06777,DB11963,0
DB00570,DB00933,1
DB00440,DB11823,1
DB00762,DB09238,1
DB01591,DB01667,0
DB00201,DB00315,1
DB00250,DB11837,1
DB00539,DB01009,0
DB09236,DB06693,0
DB00209,DB00379,1
DB01409,DB00365,0
DB00752,DB11697,0
DB01009,DB00557,0
DB00674,DB01577,1
DB09223,DB12005,0
DB00757,DB06774,0
DB12184,DB00528,0
DB00951,DB09013,0
DB06595,DB04844,0
DB01100,DB08808,1
DB01072,DB01580,0
DB12301,DB00968,0
DB00489,DB02703,1
DB11613,DB09224,0
DB08807,DB09071,0
DB13878,DB04839,0
DB01012,DB09225,1
DB00553,DB01264,0
DB01118,DB06282,1
DB00468,DB00904,1
DB00993,DB03575,0
DB09039,DB09073,1
DB01117,DB04898,1
DB00787,DB00546,0
DB00862,DB09225,0
DB00783,DB00978,1
DB09224,DB00378,0
DB09235,DB11823,0
DB01012,DB01075,1
DB01191,DB02134,1
DB01764,DB11952,1
DB05294,DB00173,0
DB04855,DB11796,1
DB00327,DB09229,0
DB01039,DB00685,0
DB00751,DB09102,0
DB01176,DB05154,0
DB00773,DB01026,1
DB01195,DB13179,0
DB00724,DB00465,0
DB05812,DB12612,1
DB13179,DB00208,0
DB01018,DB00233,0
DB00799,DB00475,0
DB09071,DB11730,1
DB00195,DB00857,1
DB01193,DB08864,1
DB01319,DB12887,1
DB00934,DB11753,1
DB09143,DB00865,0
DB00864,DB01667,0
DB00477,DB01392,1
DB11901,DB01764,0
DB00744,DB01176,1
DB01166,DB05219,0
DB00279,DB08995,0
DB11978,DB01418,0
DB00598,DB12245,1
DB12674,DB00977,0
DB00476,DB05294,0
DB00945,DB06218,1
DB01074,DB09128,1
DB00395,DB00495,0
DB01558,DB11697,1
DB01395,DB11712,0
DB09227,DB06741,0
DB01264,DB06726,1
DB01086,DB11586,1
DB00414,DB01117,1
DB00379,DB01409,1
DB00234,DB09053,1
DB06700,DB08865,1
DB09327,DB00335,0
DB00191,DB00347,0
DB01263,DB01536,1
DB00252,DB06594,1
DB11751,DB01355,0
DB06218,DB06595,1
DB00224,DB04574,1
DB00776,DB00173,0
DB03515,DB04938,0
DB00264,DB00846,0
DB00677,DB13874,0
DB04846,DB06287,1
DB00188,DB02703,1
DB01357,DB09185,1
DB00273,DB06739,1
DB01087,DB01224,1
DB00343,DB01018,1
DB00543,DB00792,1
DB00494,DB08896,1
DB01044,DB03515,0
DB01590,DB04889,1
DB06700,DB06730,1
DB01708,DB04861,0
DB11560,DB11921,0
DB04630,DB00448,0
DB05812,DB01411,0
DB00530,DB11691,0
DB12026,DB06267,0
DB00998,DB12329,0
DB01166,DB13179,1
DB00677,DB01048,0
DB01176,DB06401,0
DB04911,DB01103,0
DB00315,DB11730,0
DB00363,DB06218,1
DB01098,DB09030,1
DB00270,DB12026,1
DB00717,DB00751,0
DB08882,DB01245,0
DB12319,DB00773,0
DB00599,DB01132,0
DB01086,DB04871,1
DB09061,DB09297,1
DB00934,DB04861,1
DB00724,DB00186,0
DB09204,DB00444,0
DB01223,DB01400,0
DB01406,DB12093,1
DB00531,DB04894,1
DB00234,DB06203,1
DB00177,DB00378,0
DB00745,DB06725,1
DB01096,DB00439,0
DB00951,DB11978,1
DB00582,DB09061,1
DB00396,DB00486,1
DB01577,DB04856,0
DB00472,DB04557,1
DB05039,DB01369,0
DB00997,DB01395,1
DB00250,DB01195,1
DB01406,DB06212,1
DB09049,DB04572,0
DB00557,DB00705,1
DB04841,DB09053,1
DB00814,DB08873,1
DB08439,DB04839,0
DB00392,DB01059,0
DB00736,DB00737,0
DB11691,DB00623,0
DB01118,DB01177,1
DB08864,DB12005,1
DB00409,DB09053,1
DB08877,DB12319,1
DB00193,DB01319,0
DB08816,DB08811,0
DB06512,DB00448,0
DB04856,DB01168,0
DB00582,DB00956,1
DB00388,DB00933,0
DB00486,DB00857,1
DB00283,DB11915,1
DB01009,DB00570,0
DB11995,DB01013,0
DB09083,DB08439,0
DB01094,DB01096,0
DB00932,DB08867,1
DB01103,DB00911,0
DB00904,DB08798,1
DB08875,DB08931,1
DB00199,DB08811,0
DB00343,DB00564,1
DB00486,DB08827,0
DB13003,DB00998,0
DB02134,DB06210,1
DB11967,DB09195,0
DB00216,DB04856,1
DB00586,DB01233,1
DB01036,DB04840,1
DB00163,DB00661,1
DB00936,DB01319,0
DB00370,DB04574,1
DB01008,DB06077,0
DB11943,DB09034,0
DB01303,DB01873,1
DB00736,DB00266,0
DB11791,DB04908,0
DB00976,DB08868,0
DB00672,DB01195,1
DB06603,DB08933,0
DB04828,DB13179,1
DB04977,DB09099,0
DB01228,DB11751,0
DB01274,DB04856,1
DB00250,DB09101,1
DB00947,DB11574,0
DB00712,DB13878,1
DB06210,DB01559,0
DB00872,DB00978,0
DB05812,DB00603,0
DB04920,DB12130,0
DB01590,DB02187,0
DB00608,DB13174,1
DB01045,DB01044,0
DB00564,DB01590,1
DB00582,DB09034,1
DB00851,DB00753,0
DB01104,DB00836,0
DB00224,DB00910,1
DB00956,DB01211,1
DB09034,DB11986,1
DB06693,DB00731,0
DB01412,DB04889,1
DB01395,DB00862,0
DB00277,DB00382,1
DB00216,DB09389,0
DB00706,DB09291,1
DB00699,DB11855,1
DB06605,DB11672,1
DB01044,DB01097,1
DB00934,DB09238,1
DB01222,DB09101,1
DB01134,DB05219,0
DB04216,DB01096,0
DB00444,DB00518,1
DB06739,DB07615,1
DB00531,DB04856,1
DB08903,DB09124,0
DB00627,DB09079,1
DB00176,DB00779,1
DB00330,DB09143,1
DB01214,DB01409,0
DB12693,DB00977,0
DB00328,DB09297,1
DB00627,DB01576,1
DB00891,DB01211,0
DB00549,DB00731,1
DB00575,DB06605,1
DB09034,DB12301,0
DB04856,DB00860,0
DB12941,DB00289,0
DB00839,DB00904,1
DB00911,DB11619,0
DB04557,DB12319,1
DB00571,DB11730,1
DB00627,DB06412,0
DB01210,DB00695,0
DB00307,DB01037,1
DB00367,DB00233,0
DB00663,DB08901,0
DB04552,DB11737,0
DB01264,DB01393,1
DB01645,DB06739,1
DB01337,DB01194,0
DB00347,DB00675,1
DB00796,DB11682,1
DB00619,DB00788,1
DB01012,DB09101,1
DB00959,DB04829,0
DB01136,DB11560,1
DB06512,DB11963,1
DB00396,DB00554,1
DB04840,DB04855,1
DB00358,DB08895,1
DB06803,DB12005,1
DB00532,DB03783,1
DB06712,DB08995,1
DB01221,DB09198,1
DB08882,DB11823,1
DB01100,DB06267,1
DB00685,DB01412,1
DB00330,DB01104,1
DB00227,DB00969,1
DB08895,DB12130,0
DB06267,DB11718,1
DB01131,DB06203,1
DB01054,DB04652,0
DB04835,DB06702,0
DB01394,DB09235,1
DB00866,DB00932,1
DB00501,DB01079,1
DB00378,DB08882,1
DB01320,DB08931,1
DB09128,DB01254,0
DB01137,DB12548,0
DB01072,DB12245,1
DB01047,DB00612,0
DB00779,DB05154,0
DB11575,DB01012,0
DB00862,DB09124,0
DB00289,DB00850,1
DB00169,DB00571,1
DB00384,DB11689,1
DB09123,DB11979,0
DB00377,DB01044,0
DB11823,DB01228,0
DB01050,DB03783,1
DB00202,DB01035,1
DB00261,DB00661,1
DB00764,DB12020,0
DB00787,DB01392,0
DB00738,DB04911,1
DB00598,DB06210,1
DB04665,DB00104,0
DB00440,DB11581,1
DB00224,DB12466,0
DB08882,DB04889,0
DB00304,DB01036,1
DB01097,DB00184,0
DB00304,DB00904,1
DB00327,DB00796,1
DB08798,DB00685,0
DB08846,DB06207,0
DB00379,DB04840,1
DB00533,DB00696,1
DB01559,DB06412,0
DB01210,DB06287,0
DB04896,DB12483,1
DB01357,DB04855,1
DB04884,DB13874,1
DB12674,DB01068,0
DB01142,DB06603,1
DB00532,DB00817,1
DB00589,DB09555,1
DB00668,DB06414,1
DB00351,DB04842,0
DB00966,DB01409,0
DB06803,DB05239,0
DB00956,DB09048,1
DB00384,DB01357,0
DB04216,DB06730,0
DB01261,DB01393,1
DB08864,DB09244,0
DB09124,DB01002,0
DB00328,DB00622,1
DB00528,DB00675,1
DB09143,DB00323,0
DB09071,DB12147,1
DB08807,DB12141,0
DB00468,DB00549,1
DB06419,DB01175,0
DB00582,DB01238,1
DB04832,DB00445,0
DB00191,DB04889,1
DB01536,DB08865,1
DB00863,DB00250,0
DB00227,DB09291,1
DB07615,DB08896,1
DB06412,DB09280,0
DB00185,DB00582,1
DB01396,DB01194,0
DB00227,DB06726,1
DB00820,DB03515,0
DB00738,DB09073,0
DB00328,DB12245,1
DB00335,DB00897,0
DB04957,DB01132,0
DB00685,DB08875,0
DB00195,DB00817,1
DB01418,DB11978,0
DB01406,DB04839,1
DB00477,DB04920,1
DB01227,DB13158,0
DB00209,DB00445,0
DB08903,DB04911,0
DB00570,DB04840,1
DB00322,DB04884,0
DB01029,DB01098,1
DB00700,DB11951,1
DB00697,DB00814,0
DB00836,DB04896,1
DB00621,DB11751,0
DB01132,DB11712,0
DB00862,DB06594,1
DB00482,DB00983,1
DB06781,DB09290,0
DB04889,DB00759,0
DB00872,DB00951,1
DB00872,DB09227,1
DB00333,DB00379,1
DB09245,DB00959,0
DB01095,DB12319,1
DB08995,DB09195,0
DB00169,DB00185,1
DB00489,DB00598,1
DB01193,DB09555,1
DB01183,DB09274,0
DB00622,DB01609,1
DB08502,DB09213,1
DB00726,DB01242,1
DB01037,DB12941,0
DB01062,DB04356,0
DB01601,DB06203,1
DB00617,DB04557,1
DB00590,DB01388,1
DB05109,DB08816,1
DB01094,DB00932,0
DB00255,DB01261,1
DB00382,DB04557,0
DB00531,DB01274,1
DB00499,DB00705,1
DB00872,DB01211,1
DB00501,DB11979,1
DB00224,DB02187,1
DB13179,DB06268,0
DB00834,DB01026,1
DB00358,DB04856,0
DB01026,DB12612,1
DB01685,DB09198,1
DB09213,DB00896,0
DB00932,DB01171,1
DB00717,DB11730,1
DB00619,DB00820,1
DB00843,DB04911,1
DB00836,DB01320,1
DB00475,DB08816,0
DB01087,DB09236,1
DB00412,DB13874,1
DB01369,DB01388,0
DB01183,DB12301,0
DB09095,DB01028,0
DB00323,DB01214,0
DB09166,DB00796,0
DB04889,DB04070,0
DB06741,DB00468,0
DB01104,DB06774,0
DB00762,DB04840,0
DB01274,DB12693,1
DB01095,DB05039,0
DB00564,DB09238,1
DB04652,DB00469,0
DB01036,DB09238,1
DB00444,DB09124,0
DB04839,DB12235,1
DB01069,DB11995,1
DB00896,DB12278,0
DB00220,DB01764,0
DB04557,DB03701,0
DB01103,DB06738,0
DB00532,DB00568,1
DB04839,DB04946,1
DB00779,DB01667,1
DB00361,DB04889,1
DB00180,DB00346,0
DB00730,DB00924,1
DB00678,DB00409,0
DB11672,DB02709,0
DB01234,DB08827,1
DB09013,DB11978,0
DB01114,DB08901,1
DB01357,DB02187,0
DB06777,DB00412,0
DB09327,DB00627,0
DB09124,DB11614,0
DB01210,DB00532,0
DB09274,DB09213,0
DB04835,DB05039,0
DB04840,DB04884,1
DB08820,DB01137,0
DB06817,DB12674,0
DB00568,DB09198,1
DB01195,DB02703,1
DB08901,DB00384,0
DB09239,DB01076,0
DB04652,DB00783,0
DB01254,DB09273,1
DB00495,DB06594,1
DB00982,DB01263,1
DB00367,DB01126,1
DB00401,DB00976,1
DB00250,DB04898,1
DB01873,DB01406,0
DB00862,DB01176,1
DB00708,DB01129,0
DB00655,DB01012,0
DB09102,DB01096,0
DB00574,DB01297,1
DB00338,DB11915,0
DB00337,DB00240,0
DB12020,DB00810,0
DB00425,DB00839,1
DB00818,DB09013,0
DB01048,DB00194,0
DB00555,DB01007,0
DB00471,DB00668,1
DB04845,DB00209,0
DB06401,DB01079,0
DB04825,DB09073,0
DB01117,DB00253,0
DB01403,DB01234,0
DB00945,DB00951,1
DB00378,DB08865,1
DB00877,DB01095,1
DB00751,DB01177,1
DB00448,DB08880,1
DB00591,DB00969,0
DB01087,DB01393,1
DB00717,DB11672,1
DB00433,DB00501,1
DB00705,DB06636,1
DB00194,DB04846,0
DB00334,DB04871,1
DB00545,DB00956,0
DB00214,DB12612,1
DB00744,DB00752,1
DB04908,DB04856,0
DB00361,DB11581,1
DB00621,DB09099,0
DB05814,DB00307,0
DB00762,DB03496,0
DB00704,DB00486,0
DB01227,DB01048,0
DB01198,DB01611,1
DB01131,DB01242,1
DB01624,DB00982,0
DB00836,DB01406,1
DB00575,DB08864,1
DB01355,DB00240,0
DB08933,DB00214,0
DB00617,DB01096,0
DB00213,DB03575,0
DB00582,DB05039,1
DB00554,DB00932,0
DB09237,DB11921,0
DB01177,DB00629,0
DB09239,DB09225,0
DB00361,DB00783,0
DB00810,DB01590,0
DB01068,DB00187,0
DB01132,DB11682,1
DB13003,DB00228,0
DB00752,DB06725,1
DB00988,DB00849,0
DB08807,DB09065,1
DB00204,DB01395,1
DB00234,DB00289,1
DB00712,DB00783,1
DB08895,DB09241,1
DB00264,DB01086,1
DB00248,DB00872,1
DB09099,DB09299,1
DB00802,DB01076,1
DB01274,DB11586,1
DB00672,DB12020,0
DB01194,DB06700,0
DB11828,DB06738,0
DB00437,DB00757,0
DB00717,DB00820,1
DB01183,DB00721,0
DB06201,DB06401,0
DB00317,DB01238,1
DB01628,DB08922,1
DB00374,DB08995,1
DB01048,DB12887,0
DB00539,DB11672,1
DB09173,DB09183,1
DB04794,DB04946,1
DB06401,DB12218,0
DB00381,DB00412,1
DB09195,DB00346,0
DB09237,DB00266,0
DB06144,DB11586,1
DB00395,DB12887,0
DB00598,DB00845,0
DB00333,DB09204,1
DB00704,DB13919,0
DB01007,DB00288,0
DB00580,DB00409,0
DB11951,DB01044,0
DB00379,DB05990,1
DB00532,DB06203,1
DB01130,DB01645,0
DB04794,DB00233,0
DB00863,DB01192,1
DB01395,DB06603,1
DB00554,DB08864,1
DB01236,DB01094,0
DB03496,DB00737,0
DB00744,DB09227,1
DB12548,DB01007,0
DB09296,DB11943,1
DB00843,DB12147,1
DB01211,DB11817,1
DB09185,DB12371,1
DB00224,DB09225,1
DB01395,DB06287,1
DB00346,DB00531,0
DB01195,DB06678,1
DB01268,DB00315,0
DB08860,DB00924,0
DB01039,DB04977,1
DB00180,DB11652,1
DB00678,DB00843,1
DB00433,DB00477,1
DB01232,DB09124,1
DB01338,DB00384,0
DB12612,DB00628,0
DB00629,DB06803,1
DB00907,DB09327,0
DB01601,DB09229,1
DB08502,DB01012,0
DB00188,DB01065,1
DB00528,DB00951,1
DB09204,DB03515,0
DB06207,DB00805,0
DB01175,DB11682,0
DB00744,DB03756,1
DB01177,DB01191,1
DB00568,DB02703,1
DB01211,DB08910,1
DB00554,DB08881,1
DB00394,DB01392,0
DB00993,DB11751,0
DB01177,DB00365,0
DB01595,DB12457,0
DB08903,DB01595,0
DB04908,DB00104,0
DB06203,DB00471,0
DB00501,DB01095,1
DB04841,DB08995,1
DB01087,DB08875,1
DB01062,DB09274,0
DB00495,DB00836,1
DB00443,DB12184,0
DB01076,DB12887,0
DB00751,DB00412,0
DB00465,DB01355,1
DB00518,DB00588,1
DB01176,DB08899,1
DB06144,DB12597,0
DB01050,DB09183,1
DB00896,DB06268,0
DB00279,DB00827,0
DB00678,DB11586,1
DB02789,DB04977,0
DB00599,DB01076,1
DB00199,DB01171,0
DB08798,DB00668,0
DB00277,DB09238,1
DB01045,DB00623,0
DB01238,DB08816,1
DB01167,DB01223,1
DB06267,DB09101,1
DB00946,DB00951,1
DB00367,DB08918,0
DB02789,DB13179,1
DB00195,DB01393,0
DB00224,DB01222,1
DB04855,DB06595,1
DB01236,DB05154,0
DB01002,DB09185,1
DB00531,DB06725,1
DB00953,DB00379,0
DB00248,DB09099,1
DB01167,DB06626,1
DB09173,DB09195,1
DB00696,DB06287,1
DB00187,DB03701,0
DB00202,DB00477,1
DB00545,DB00546,0
DB01097,DB09039,0
DB06414,DB01601,0
DB00532,DB00851,1
DB00865,DB00674,0
DB00434,DB00173,0
DB00216,DB00744,1
DB01130,DB00621,0
DB01338,DB12319,0
DB00347,DB01645,1
DB00888,DB11951,0
DB08877,DB00475,0
DB00726,DB01072,1
DB00343,DB01319,1
DB00177,DB00454,0
DB00788,DB12597,1
DB08912,DB00173,0
DB01136,DB01166,1
DB09227,DB00998,0
DB06228,DB08882,1
DB00627,DB00843,1
DB01190,DB06335,1
DB00346,DB01369,1
DB00394,DB01032,0
DB00401,DB00675,1
DB01167,DB08922,1
DB05154,DB01236,0
DB00255,DB01873,0
DB00896,DB08901,0
DB00711,DB00353,0
DB01076,DB01472,0
DB00553,DB00619,1
DB00195,DB01264,1
DB01228,DB01392,1
DB00946,DB00896,0
DB01167,DB04825,1
DB00810,DB01359,1
DB11995,DB00445,0
DB00757,DB06268,0
DB00792,DB01536,0
DB01222,DB00494,0
DB05990,DB00392,0
DB08798,DB12245,1
DB00655,DB00904,0
DB12161,DB11886,0
DB00802,DB01263,1
DB04911,DB09061,1
DB04975,DB01359,0
DB00656,DB13174,1
DB04794,DB12319,0
DB00998,DB09030,0
DB01396,DB09185,1
DB00346,DB01263,1
DB00997,DB01098,1
DB00819,DB02187,0
DB00933,DB01062,1
DB00252,DB01406,1
DB00805,DB09053,1
DB01232,DB11712,1
DB12713,DB12020,0
DB04839,DB09054,1
DB01303,DB01590,1
DB03575,DB00445,0
DB00215,DB11672,1
DB01708,DB01132,0
DB03701,DB00675,0
DB01100,DB01297,1
DB01087,DB05271,1
DB00255,DB08880,1
DB00752,DB00711,0
DB00949,DB09101,1
DB09236,DB00783,0
DB00627,DB06678,1
DB00238,DB04861,1
DB09555,DB05990,0
DB00787,DB01059,1
DB09229,DB01007,0
DB09173,DB00998,0
DB01191,DB04841,1
DB05541,DB09238,1
DB00704,DB00330,0
DB01242,DB04871,1
DB00740,DB11837,1
DB00391,DB00712,0
DB00173,DB01472,0
DB00482,DB08933,0
DB11979,DB01007,0
DB01171,DB09173,1
DB00176,DB00320,1
DB00621,DB01320,1
DB00706,DB08864,1
DB00675,DB05812,1
DB01072,DB04946,1
DB09017,DB01609,0
DB01211,DB00338,0
DB11837,DB00792,0
DB00433,DB00675,1
DB12674,DB00704,0
DB00696,DB01248,1
DB00445,DB00448,0
DB00202,DB01166,0
DB01576,DB11855,1
DB00484,DB00553,0
DB00773,DB01103,1
DB00173,DB00704,1
DB00288,DB09236,0
DB00328,DB11753,1
DB00699,DB06203,1
DB01392,DB06729,1
DB01232,DB08907,1
DB00805,DB04908,1
DB00191,DB00872,1
DB00904,DB01117,1
DB04884,DB00378,0
DB00455,DB01037,1
DB01223,DB05154,1
DB01275,DB12693,0
DB08912,DB00382,0
DB00731,DB00740,0
DB00396,DB00444,1
DB00169,DB00814,0
DB00518,DB00827,1
DB00530,DB09183,1
DB00736,DB04908,0
DB00465,DB08882,0
DB11978,DB01177,0
DB09123,DB00679,0
DB09065,DB09128,1
DB00843,DB01577,1
DB08903,DB00238,0
DB08502,DB00778,0
DB00518,DB08864,1
DB00169,DB00972,1
DB06287,DB06401,0
DB00914,DB12005,1
DB00554,DB00969,1
DB06654,DB04572,0
DB06803,DB00264,0
DB05271,DB09039,1
DB00764,DB09061,0
DB00696,DB02789,1
DB00374,DB01069,1
DB00738,DB00758,1
DB00642,DB01100,1
DB01369,DB00674,0
DB01050,DB11689,1
DB01418,DB00555,0
DB00813,DB09101,1
DB04871,DB04911,1
DB00347,DB01132,1
DB00227,DB01074,1
DB00553,DB00571,1
DB00185,DB00343,1
DB00619,DB06729,1
DB01012,DB01190,0
DB00972,DB01074,1
DB01392,DB08864,1
DB00163,DB06777,0
DB12319,DB01233,0
DB00216,DB01395,0
DB01228,DB02187,0
DB00288,DB00187,0
DB00717,DB11855,0
DB00496,DB00734,1
DB09173,DB00392,0
DB00888,DB05271,0
DB01058,DB01558,1
DB01623,DB00706,0
DB06412,DB04896,0
DB06594,DB06287,0
DB00379,DB00705,1
DB00484,DB00255,0
DB00759,DB04977,0
DB00317,DB12319,0
DB05990,DB01137,0
DB08439,DB13874,1
DB00499,DB09288,1
DB08903,DB00865,0
DB00482,DB09291,1
DB01114,DB00378,0
DB00173,DB04854,1
DB00717,DB04884,1
DB06237,DB06693,0
DB00947,DB01221,0
DB00706,DB12130,0
DB00476,DB01873,0
DB00238,DB00468,1
DB00598,DB02703,1
DB04835,DB00946,0
DB01155,DB00234,0
DB00322,DB01037,1
DB00553,DB01201,0
DB00374,DB04856,1
DB00248,DB06401,0
DB00499,DB00784,1
DB13174,DB00367,0
DB01067,DB06210,1
DB00412,DB01037,1
DB00779,DB00440,0
DB00586,DB04938,1
DB00598,DB01087,1
DB00570,DB05271,1
DB05219,DB00349,0
DB09101,DB09555,1
DB01590,DB00714,0
DB00337,DB00969,0
DB00932,DB00977,1
DB00753,DB04572,1
DB01129,DB09166,1
DB00758,DB00818,1
DB06729,DB05294,0
DB01100,DB11952,1
DB00738,DB09238,1
DB01410,DB08873,1
DB04845,DB11952,1
DB00193,DB00264,1
DB01263,DB04835,1
DB00294,DB00888,0
DB00757,DB12471,0
DB01410,DB00528,0
DB04557,DB00477,0
DB08896,DB11679,1
DB12543,DB03496,0
DB00496,DB00738,1
DB12010,DB00494,0
DB06203,DB00740,0
DB00924,DB01601,1
DB00570,DB00582,1
DB00575,DB01259,1
DB00977,DB04957,1
DB00353,DB09099,0
DB05294,DB00708,0
DB00672,DB12674,0
DB00250,DB12612,1
DB04070,DB11886,1
DB01228,DB08827,0
DB01191,DB01254,1
DB11753,DB00677,0
DB00343,DB09049,1
DB08868,DB00872,0
DB00320,DB00454,1
DB01072,DB01338,0
DB00622,DB00914,1
DB08798,DB00927,0
DB00839,DB00778,0
DB00998,DB00439,0
DB00396,DB12693,1
DB00185,DB08881,1
DB00590,DB09330,1
DB00945,DB09173,0
DB06712,DB09128,1
DB00860,DB09102,0
DB04911,DB11679,1
DB04572,DB08798,0
DB01100,DB08846,0
DB00846,DB06817,0
DB00764,DB06210,1
DB04841,DB08875,1
DB00324,DB12483,0
DB01103,DB06626,1
DB00409,DB01138,0
DB00714,DB01320,1
DB09173,DB01064,0
DB08933,DB11575,0
DB11575,DB00392,0
DB11828,DB00599,0
DB00687,DB00759,0
DB06419,DB00437,0
DB00518,DB12010,1
DB12457,DB01275,0
DB00307,DB12874,0
DB01198,DB00736,0
DB12184,DB00533,0
DB01611,DB12457,0
DB00233,DB01129,0
DB00863,DB02134,1
DB00224,DB00377,1
DB00712,DB00862,1
DB06512,DB11718,1
DB00532,DB04861,1
DB01079,DB01611,1
DB02489,DB00255,0
DB04861,DB08873,1
DB05541,DB08868,0
DB02703,DB11942,1
DB00476,DB01117,1
DB09297,DB00553,0
DB03756,DB00382,0
DB00762,DB05239,1
DB00208,DB04574,1
DB00674,DB01129,0
DB00796,DB06268,1
DB00745,DB04665,1
DB00471,DB00966,0
DB00201,DB00627,0
DB00363,DB03515,1
DB00655,DB00831,0
DB00208,DB12026,1
DB00582,DB06237,1
DB01628,DB08864,1
DB01194,DB08931,0
DB00932,DB04896,1
DB00433,DB04911,1
DB00969,DB09124,0
DB11581,DB11886,1
DB00255,DB09071,1
DB01223,DB06700,1
DB00575,DB02703,1
DB00482,DB02134,0
DB00726,DB01193,1
DB08873,DB00891,0
DB00619,DB01367,1
DB00343,DB04845,1
DB00378,DB01138,0
DB00918,DB00620,0
DB01054,DB00636,0
DB09048,DB09185,1
DB04835,DB07615,0
DB00724,DB00346,0
DB00557,DB00598,1
DB04838,DB00694,0
DB01065,DB11901,0
DB00395,DB08808,0
DB00778,DB06201,0
DB11942,DB08907,0
DB00705,DB12543,1
DB00188,DB01191,1
DB00779,DB00612,0
DB00238,DB00323,0
DB00184,DB00956,1
DB00846,DB11979,0
DB00972,DB06729,1
DB08875,DB01621,0
DB00169,DB01114,1
DB00338,DB01174,1
DB00695,DB00694,0
DB01012,DB00250,0
DB01166,DB00414,0
DB01369,DB01245,0
DB00472,DB01032,1
DB12582,DB00983,0
DB09063,DB09173,0
DB00700,DB00843,0
DB00495,DB01132,1
DB00968,DB00220,0
DB04835,DB01621,0
DB00799,DB01132,1
DB01114,DB06335,1
DB00503,DB05109,1
DB06817,DB08912,1
DB01183,DB13874,1
DB00623,DB00294,0
DB00381,DB00608,0
DB09290,DB12010,0
DB00741,DB00395,0
DB01242,DB09073,1
DB00289,DB11951,0
DB00208,DB01035,1
DB01198,DB11613,1
DB12329,DB00699,0
DB09099,DB00663,0
DB01595,DB06595,1
DB09049,DB06730,0
DB00382,DB11730,0
DB00845,DB01136,0
DB00663,DB00475,0
DB06741,DB01100,0
DB00343,DB06412,0
DB00352,DB01595,0
DB11672,DB01014,0
DB00661,DB00687,1
DB00796,DB04557,1
DB00365,DB00622,1
DB00468,DB11679,1
DB11757,DB00213,0
DB08807,DB09185,1
DB00467,DB04574,1
DB00188,DB01764,1
DB01208,DB01126,0
DB04842,DB02489,0
DB00863,DB00557,0
DB01656,DB11967,1
DB00757,DB01014,0
DB00738,DB12020,1
DB09095,DB12471,0
DB13878,DB00764,0
DB12582,DB00240,0
DB06756,DB09195,0
DB00700,DB01058,1
DB08811,DB04356,0
DB05039,DB01181,0
DB01580,DB09173,1
DB00891,DB00487,0
DB00224,DB00248,1
DB04855,DB09241,1
DB09236,DB08816,0
DB01223,DB01232,1
DB00762,DB01192,0
DB04841,DB12245,1
DB01238,DB06268,1
DB12693,DB09123,0
DB06207,DB00104,0
DB05109,DB06691,1
DB00696,DB08864,1
DB00448,DB05885,0
DB01166,DB01587,1
DB11693,DB06268,0
DB01192,DB09291,1
DB00714,DB08865,1
DB00731,DB04855,1
DB11828,DB01136,0
DB00914,DB09291,1
DB00778,DB01238,1
DB00904,DB06267,1
DB00227,DB00443,1
DB01238,DB00304,0
DB00582,DB00872,1
DB00220,DB01409,1
DB09236,DB01222,0
DB01012,DB11652,1
DB00277,DB08868,1
DB00668,DB08922,0
DB00891,DB11613,0
DB11586,DB09236,0
DB06414,DB09166,1
DB04794,DB00312,0
DB00395,DB08901,0
DB00370,DB00439,1
DB04725,DB11679,1
DB01409,DB00663,0
DB06803,DB12184,0
DB05109,DB06595,1
DB00467,DB03010,0
DB00412,DB01236,1
DB12141,DB11691,0
DB01590,DB04356,1
DB00554,DB00714,1
DB01252,DB12674,0
DB00518,DB09235,1
DB11652,DB11682,1
DB00472,DB08877,1
DB00486,DB11757,1
DB09030,DB13158,0
DB00379,DB09128,1
DB06148,DB13174,1
DB04898,DB09330,0
DB00209,DB00250,0
DB01039,DB05814,1
DB06636,DB06730,1
DB01098,DB01338,0
DB01198,DB04938,1
DB12674,DB01059,0
DB12483,DB01168,0
DB12001,DB01412,0
DB01645,DB11679,1
DB06636,DB06741,0
DB00932,DB12457,1
DB00972,DB04975,0
DB00717,DB01275,1
DB00352,DB06203,0
DB00784,DB00973,1
DB00740,DB00694,0
DB00946,DB09299,1
DB00440,DB09213,1
DB04898,DB13174,1
DB01114,DB06403,1
DB01095,DB04871,1
DB00208,DB04855,1
DB00814,DB01544,1
DB06210,DB09280,1
DB00557,DB11952,0
DB00752,DB01359,1
DB06712,DB00273,0
DB06292,DB01233,0
DB00346,DB09054,1
DB00193,DB00598,1
DB00972,DB01263,1
DB01037,DB09288,1
DB01039,DB01072,1
DB01136,DB11672,1
DB01645,DB11995,1
DB00173,DB09198,0
DB00914,DB08867,0
DB00678,DB06218,1
DB00568,DB09053,1
DB00796,DB00204,0
DB00501,DB00813,1
DB01126,DB01369,0
DB00623,DB06817,0
DB01132,DB08864,1
DB08868,DB06595,0
DB03575,DB12941,0
DB00243,DB08873,1
DB01283,DB09048,1
DB04898,DB02789,0
DB09090,DB11712,0
DB04552,DB06414,0
DB00553,DB01012,1
DB00347,DB12612,1
DB08867,DB09071,0
DB06700,DB11619,1
DB00784,DB08896,1
DB04825,DB00194,0
DB11575,DB00347,0
DB00273,DB00705,0
DB11942,DB00841,0
DB01142,DB04845,0
DB00705,DB00956,1
DB06512,DB00591,0
DB01097,DB05990,1
DB04652,DB00788,0
DB00425,DB00945,1
DB01192,DB11963,1
DB00422,DB11718,0
DB01210,DB12941,0
DB00685,DB08875,0
DB00589,DB11614,1
DB00252,DB01029,1
DB01136,DB04871,1
DB00802,DB00205,0
DB11613,DB01096,0
DB00216,DB00227,1
DB06712,DB08439,1
DB01155,DB09225,1
DB00324,DB09232,0
DB00365,DB11757,1
DB09213,DB11796,0
DB00629,DB09297,0
DB01029,DB06210,1
DB00736,DB09225,0
DB06695,DB12978,0
DB00977,DB01190,1
DB01405,DB09061,1
DB04855,DB13179,1
DB00678,DB09101,1
DB00337,DB00730,0
DB01118,DB04835,1
DB00997,DB08865,1
DB00382,DB00817,1
DB00208,DB01129,1
DB00338,DB12184,0
DB11921,DB06077,0
DB01036,DB01087,1
DB01117,DB00367,0
DB12301,DB12978,0
DB02703,DB09224,1
DB01076,DB12466,1
DB00409,DB01193,1
DB00233,DB01577,0
DB11995,DB01018,0
DB01072,DB01263,1
DB04841,DB00860,0
DB00501,DB12874,1
DB00317,DB00717,1
DB00335,DB00496,1
DB05294,DB09071,1
DB01050,DB06777,1
DB00330,DB05246,1
DB01559,DB00352,0
DB06595,DB11901,1
DB00307,DB00799,1
DB00202,DB00888,1
DB01217,DB11689,1
DB04835,DB08873,1
DB00304,DB00472,1
DB00475,DB09083,0
DB01058,DB09101,1
DB00918,DB01177,1
DB00749,DB06739,1
DB01611,DB00323,0
DB01095,DB09198,1
DB01248,DB09013,0
DB00705,DB00730,0
DB00983,DB07615,1
DB00518,DB00570,1
DB00620,DB01232,1
DB00557,DB01094,0
DB00872,DB09095,1
DB11693,DB08502,0
DB00486,DB00554,1
DB00759,DB00195,0
DB04665,DB08881,1
DB01166,DB01303,1
DB09065,DB11574,1
DB00367,DB00530,1
DB00946,DB01131,1
DB00949,DB01252,0
DB00455,DB08918,0
DB00334,DB00582,1
DB00951,DB12332,1
DB00220,DB04884,1
DB00669,DB01171,1
DB00169,DB06144,1
DB00188,DB00532,1
DB05109,DB05219,0
DB00608,DB01588,0
DB04975,DB06712,1
DB00814,DB09327,0
DB00422,DB00687,0
DB00744,DB01410,0
DB12543,DB12301,0
DB09198,DB06419,0
DB00872,DB05039,1
DB00590,DB01259,1
DB00367,DB01295,0
DB00495,DB09296,1
DB04832,DB11828,1
DB00936,DB00118,0
DB04794,DB00365,0
DB00590,DB00850,1
DB00467,DB00402,0
DB00717,DB11837,1
DB00277,DB00734,1
DB01337,DB00469,0
DB00320,DB00661,1
DB00264,DB12457,0
DB08811,DB00401,0
DB01173,DB04889,1
DB00370,DB11652,1
DB00317,DB11581,1
DB00603,DB00818,1
DB00468,DB13919,1
DB00744,DB11652,1
DB01369,DB00969,0
DB01611,DB06729,1
DB00277,DB00347,1
DB01667,DB04842,0
DB01047,DB00422,0
DB00384,DB00891,0
DB09195,DB08896,0
DB00695,DB00518,0
DB01062,DB01274,1
DB09330,DB04856,0
DB06512,DB12161,1
DB00487,DB01037,1
DB00185,DB01624,1
DB00724,DB00163,0
DB00501,DB09061,1
DB08918,DB11652,1
DB00752,DB04572,0
DB12010,DB00751,0
DB00176,DB00220,1
DB01400,DB01058,0
DB01536,DB00796,0
DB01283,DB09183,0
DB01248,DB12301,1
DB01167,DB06654,1
DB00972,DB00993,1
DB06739,DB09128,0
DB01026,DB12693,0
DB00448,DB00496,1
DB11652,DB11942,1
DB01117,DB08882,1
DB00248,DB00818,1
DB00636,DB12245,0
DB01764,DB08895,1
DB00758,DB09071,1
DB00494,DB13158,0
DB00993,DB12543,0
DB08933,DB00384,0
DB06287,DB06678,1
DB00412,DB01623,0
DB01008,DB01087,1
DB00672,DB12141,0
DB00187,DB12582,0
DB01044,DB00349,0
DB00549,DB00617,1
DB00678,DB06210,1
DB00320,DB01118,1
DB06077,DB00104,0
DB00208,DB06789,0
DB00184,DB06237,0
DB04572,DB11952,1
DB01211,DB11652,1
DB09239,DB00186,0
DB09073,DB09238,1
DB00297,DB08864,1
DB00679,DB01297,1
DB00866,DB12513,0
DB00846,DB00250,0
DB00546,DB09124,0
DB00448,DB09273,0
DB00356,DB02703,1
DB00316,DB04861,1
DB00622,DB01047,1
DB12267,DB04908,0
DB00764,DB06781,0
DB01035,DB00776,0
DB00533,DB00757,0
DB06729,DB00361,0
DB08896,DB00952,0
DB00185,DB00983,1
DB12218,DB01242,0
DB00377,DB01295,1
DB00283,DB01134,0
DB00911,DB09061,0
DB00468,DB11613,1
DB09017,DB11697,0
DB00661,DB13874,1
DB00851,DB06210,1
DB06144,DB09555,1
DB00216,DB00530,1
DB01221,DB04216,1
DB01155,DB11967,1
DB00365,DB06636,1
DB01059,DB00564,0
DB09048,DB09061,1
DB01044,DB13878,0
DB09555,DB12674,0
DB00619,DB11560,1
DB01236,DB01177,0
DB01087,DB05885,1
DB00959,DB00608,0
DB00705,DB02789,1
DB06419,DB11672,1
DB06695,DB00557,0
DB00243,DB01173,1
DB00864,DB12978,1
DB04975,DB00731,0
DB08896,DB00751,0
DB00496,DB01014,0
DB06210,DB11978,1
DB12301,DB12026,0
DB00865,DB08873,1
DB00338,DB01233,0
DB00744,DB00787,1
DB00266,DB13174,1
DB00896,DB00396,0
DB00866,DB04938,1
DB05541,DB11586,1
DB04856,DB11574,1
DB01026,DB08895,1
DB04574,DB12245,1
DB00465,DB01217,1
DB00896,DB05246,0
DB01191,DB12332,1
DB04356,DB04574,1
DB02703,DB12026,1
DB00568,DB06729,1
DB00240,DB01165,0
DB00530,DB00661,1
DB01039,DB09034,1
DB00972,DB01094,1
DB00489,DB00736,0
DB00978,DB11753,1
DB01208,DB00448,0
DB12161,DB12693,1
DB01142,DB11712,0
DB00574,DB02703,1
DB00518,DB09124,0
DB00173,DB00328,1
DB00717,DB00751,0
DB00904,DB08860,1
DB01062,DB01295,1
DB00696,DB09227,1
DB00762,DB11886,1
DB11978,DB04838,0
DB01228,DB08864,1
DB08875,DB12319,1
DB00952,DB12483,0
DB00758,DB06335,1
DB01026,DB06700,1
DB01094,DB00434,0
DB00805,DB01264,1
DB01166,DB11619,0
DB01388,DB00288,0
DB00486,DB01190,0
DB06203,DB00617,0
DB00177,DB00731,1
DB01228,DB01418,0
DB00224,DB01369,0
DB00208,DB04946,1
DB00204,DB11951,0
DB03515,DB00104,0
DB01041,DB01129,0
DB01254,DB06741,0
DB00439,DB00603,1
DB00518,DB01181,1
DB01380,DB00194,0
DB01183,DB06678,0
DB01068,DB12371,0
DB09013,DB00490,0
DB00248,DB04894,1
DB01166,DB09039,1
DB00327,DB12005,1
DB08798,DB11823,1
DB11828,DB08798,0
DB00969,DB01405,1
DB00724,DB00936,0
DB00997,DB04076,0
DB03515,DB01395,0
DB01167,DB09102,1
DB00695,DB00444,0
DB00818,DB08910,1
DB01192,DB06636,1
DB00814,DB08882,1
DB01039,DB11757,1
DB13874,DB13879,1
DB05219,DB00469,0
DB00255,DB01283,1
DB11652,DB00983,0
DB01261,DB09288,1
DB01355,DB12255,1
DB04572,DB01274,0
DB04574,DB04725,1
DB09101,DB12301,1
DB13003,DB04920,0
DB01075,DB11979,1
DB00802,DB00834,1
DB00201,DB11828,0
DB06693,DB06595,0
DB08881,DB04552,0
DB06626,DB08864,1
DB01418,DB01601,1
DB00705,DB01583,1
DB00216,DB05812,1
DB00714,DB04938,1
DB06148,DB11613,1
DB01096,DB12245,1
DB00582,DB00738,1
DB00169,DB00912,0
DB00297,DB00501,1
DB00316,DB09124,0
DB01221,DB04975,1
DB00215,DB09291,1
DB01248,DB00434,0
DB00343,DB01410,1
DB00966,DB04884,0
DB11796,DB09173,0
DB01012,DB09227,1
DB01645,DB06237,1
DB01405,DB05154,0
DB06268,DB08860,1
DB00471,DB11963,1
DB00599,DB09063,0
DB05708,DB11697,1
DB00445,DB01208,0
DB00532,DB00945,1
DB06741,DB06267,0
DB01132,DB01166,0
DB04845,DB00545,0
DB01611,DB08918,0
DB00270,DB04652,1
DB00863,DB09273,1
DB00549,DB08816,1
DB00877,DB09063,1
DB00252,DB00448,1
DB00982,DB00365,0
DB00356,DB00914,1
DB04652,DB00163,0
DB11737,DB01198,0
DB00792,DB01193,1
DB01075,DB01087,1
DB00586,DB06738,1
DB04076,DB09299,0
DB09291,DB11855,1
DB11986,DB00740,0
DB01227,DB12483,1
DB03010,DB00528,0
DB09273,DB00205,0
DB01036,DB04855,1
DB01131,DB08918,0
DB01059,DB12267,0
DB12301,DB00184,0
DB00261,DB00655,0
DB00396,DB01268,1
DB00486,DB08875,1
DB00586,DB09290,1
DB00818,DB00891,1
DB08846,DB00186,0
DB00518,DB04845,1
DB12329,DB06203,0
DB04829,DB04920,1
DB01132,DB06739,1
DB00477,DB01029,1
DB00484,DB09124,0
DB01264,DB01410,1
DB06702,DB12319,0
DB00169,DB06726,1
DB00518,DB00819,1
DB00270,DB00617,1
DB00176,DB00817,1
DB00982,DB01264,1
DB01007,DB00697,0
DB00467,DB11967,1
DB00118,DB12235,0
DB01095,DB12483,1
DB00758,DB00324,0
DB01138,DB00687,0
DB00778,DB00185,0
DB02187,DB06789,0
DB00439,DB12161,1
DB00872,DB01595,1
DB04828,DB01393,0
DB00857,DB09065,1
DB00717,DB04832,1
DB00539,DB00696,1
DB00444,DB00472,1
DB09183,DB12543,0
DB00294,DB11574,0
DB00589,DB01103,0
DB00381,DB00736,1
DB00619,DB09227,1
DB01029,DB11737,0
DB01029,DB11979,1
DB08918,DB01177,0
DB00586,DB00730,1
DB12267,DB00969,0
DB00945,DB11995,1
DB08798,DB08811,0
DB11560,DB09229,0
DB01628,DB08860,1
DB01129,DB11967,1
DB00661,DB00969,1
DB00440,DB01601,1
DB06203,DB09017,0
DB00608,DB11581,1
DB00549,DB08882,1
DB00872,DB11586,1
DB00487,DB03701,0
DB00740,DB09288,1
DB01411,DB04557,1
DB00402,DB09099,1
DB00433,DB00622,1
DB00477,DB08807,1
DB00412,DB00745,1
DB00910,DB01357,0
DB12941,DB13919,0
DB00608,DB01069,1
DB01232,DB09223,1
DB00564,DB01131,1
DB00297,DB00914,1
DB12235,DB08502,0
DB00476,DB00908,1
DB00263,DB12483,0
DB00563,DB06595,1
DB00356,DB11963,1
DB00977,DB04855,1
DB00598,DB01609,1
DB11796,DB12319,0
DB00104,DB01409,0
DB00700,DB09048,1
DB00927,DB00273,0
DB09213,DB09274,0
DB01588,DB05812,0
DB01232,DB11586,1
DB01252,DB00379,0
DB01211,DB04871,1
DB06144,DB00839,0
DB00959,DB00744,0
DB00467,DB01094,1
DB00533,DB01002,1
DB00590,DB01264,1
DB00425,DB04665,1
DB08820,DB01155,0
DB00960,DB13874,1
DB00224,DB00952,0
DB11730,DB00810,0
DB02187,DB06218,0
DB00968,DB04076,0
DB06512,DB09216,0
DB00104,DB04908,0
DB00363,DB12319,1
DB04216,DB08439,1
DB09166,DB12483,0
DB00489,DB09053,1
DB00382,DB00532,1
DB01242,DB12941,0
DB01167,DB01191,0
DB04908,DB01044,0
DB02489,DB00796,0
DB01152,DB09030,1
DB00857,DB06712,1
DB01764,DB09073,1
DB02187,DB00946,0
DB00422,DB01097,0
DB00220,DB13179,1
DB00333,DB09238,1
DB01103,DB00320,0
DB00554,DB00846,0
DB01595,DB01129,0
DB00699,DB01079,1
DB01412,DB01667,1
DB09291,DB11652,1
DB09099,DB00255,0
DB04911,DB09213,1
DB12184,DB00717,0
DB00532,DB01191,1
DB04835,DB01208,0
DB04845,DB12332,1
DB05812,DB06203,1
DB00608,DB09102,1
DB00745,DB04861,1
DB11652,DB00228,0
DB06678,DB09204,1
DB11791,DB11619,0
DB00324,DB01367,0
DB09030,DB00440,0
DB01405,DB01621,0
DB08865,DB09079,1
DB04894,DB04574,0
DB00627,DB03515,0
DB01248,DB00617,0
DB06695,DB01708,0
DB00734,DB04889,1
DB11689,DB11886,0
DB00487,DB03496,0
DB00857,DB00924,1
DB00496,DB00759,0
DB01054,DB05541,0
DB11942,DB01274,0
DB08860,DB12093,0
DB13174,DB00191,0
DB00888,DB09238,0
DB11672,DB12010,1
DB01118,DB09065,1
DB04825,DB00621,0
DB01411,DB01764,0
DB00277,DB01155,1
DB01039,DB06626,1
DB01171,DB04889,1
DB00328,DB01134,0
DB00382,DB11697,1
DB00608,DB01259,1
DB00234,DB11581,1
DB00914,DB00549,0
DB06739,DB01224,0
DB00253,DB06403,0
DB00620,DB00599,0
DB00736,DB08873,1
DB01201,DB06741,0
DB00972,DB11560,1
DB00477,DB01232,1
DB00220,DB00590,1
DB04665,DB11796,0
DB00924,DB00741,0
DB11817,DB01236,0
DB04832,DB09389,1
DB00277,DB00476,1
DB01059,DB00564,0
DB00487,DB02703,0
DB06693,DB04884,0
DB00636,DB00549,0
DB00465,DB00675,1
DB09090,DB09073,0
DB04911,DB00988,0
DB00827,DB00185,0
DB00758,DB11560,1
DB06702,DB09291,1
DB01359,DB04844,1
DB01104,DB08798,1
DB11679,DB00968,0
DB12147,DB01623,0
DB00323,DB12548,0
DB00977,DB11951,1
DB01252,DB04854,0
DB09102,DB11942,0
DB06401,DB04794,0
DB01764,DB05239,1
DB00896,DB13919,0
DB06401,DB01208,0
DB11691,DB00104,0
DB00234,DB00792,0
DB00316,DB00817,1
DB08877,DB09101,1
DB06207,DB11679,0
DB00264,DB12161,1
DB09143,DB09227,1
DB06712,DB06738,1
DB09128,DB09102,0
DB09204,DB01117,0
DB00972,DB09183,1
DB00731,DB08860,1
DB00820,DB00711,0
DB09013,DB09101,0
DB03496,DB00347,0
DB00677,DB06729,0
DB12466,DB04665,0
DB00759,DB12319,0
DB01072,DB12130,1
DB04652,DB05885,0
DB00205,DB01117,0
DB01873,DB01319,0
DB00672,DB00904,1
DB04894,DB01384,0
DB00731,DB06148,1
DB06700,DB11575,1
DB01062,DB01224,1
DB11682,DB00949,0
DB00568,DB06512,1
DB12483,DB00699,0
DB01217,DB01134,0
DB05239,DB01303,0
DB00675,DB01059,1
DB00717,DB11986,1
DB00378,DB00694,0
DB01263,DB11712,1
DB00993,DB01628,1
DB00675,DB00712,1
DB00209,DB00476,1
DB00215,DB00620,0
DB00530,DB00796,1
DB00675,DB06693,0
DB01406,DB04842,1
DB01268,DB06210,0
DB00627,DB04070,0
DB00176,DB00736,1
DB11691,DB06774,0
DB00845,DB12130,1
DB06414,DB04842,0
DB00499,DB01418,1
DB00993,DB00248,0
DB01029,DB06729,1
DB01039,DB01214,0
DB00623,DB04828,0
DB00468,DB08873,1
DB09039,DB01536,0
DB00549,DB00866,0
DB08807,DB01217,0
DB00425,DB13179,1
DB11951,DB12329,0
DB01609,DB12255,1
DB00947,DB01369,0
DB00495,DB12147,1
DB09330,DB00445,0
DB00209,DB01114,1
DB12026,DB00392,0
DB00675,DB04856,1
DB04842,DB01536,0
DB00622,DB09143,1
DB05812,DB11574,0
DB00582,DB13179,1
DB00188,DB03515,0
DB00661,DB05271,1
DB00559,DB09101,1
DB09030,DB00412,0
DB00356,DB08865,1
DB00250,DB06218,1
DB00951,DB08868,1
DB00969,DB04841,1
DB00444,DB01359,0
DB01114,DB00888,0
DB06203,DB01236,0
DB06729,DB11837,1
DB11951,DB12332,1
DB00810,DB00499,0
DB00307,DB06268,1
DB00778,DB01667,0
DB00184,DB00472,1
DB04840,DB05812,1
DB01238,DB09054,1
DB00663,DB00356,0
DB00289,DB12548,0
DB01259,DB06268,1
DB01577,DB04871,1
DB00169,DB06419,0
DB00353,DB01394,1
DB00490,DB01259,1
DB08820,DB01873,0
DB00924,DB01039,0
DB00947,DB01369,0
DB00778,DB00972,0
DB01388,DB09013,0
DB00402,DB05812,1
DB00414,DB00549,1
DB00589,DB00608,1
DB01357,DB08880,1
DB11823,DB00759,0
DB00753,DB00910,0
DB05812,DB08807,1
DB00843,DB01130,0
DB12582,DB01403,0
DB08865,DB09213,0
DB00683,DB12235,1
DB00714,DB11995,0
DB08815,DB01047,0
DB01168,DB13879,0
DB00897,DB01126,1
DB00741,DB09227,1
DB07615,DB00370,0
DB00575,DB00118,0
DB00677,DB00912,0
DB09291,DB04856,0
DB01097,DB06268,1
DB00277,DB00714,1
DB00553,DB00788,1
DB00696,DB13879,1
DB01059,DB00805,0
DB00589,DB06712,1
DB01223,DB00496,0
DB00213,DB04725,0
DB01095,DB01117,1
DB00194,DB00214,0
DB00661,DB09071,1
DB11613,DB09244,0
DB00960,DB11652,0
DB01211,DB09017,1
DB06626,DB09065,1
DB00248,DB04946,1
DB00194,DB00753,0
DB01191,DB13174,1
DB06152,DB00273,0
DB04572,DB00724,0
DB06210,DB00706,0
DB11697,DB11915,0
DB00370,DB01396,1
DB06267,DB00778,0
DB04871,DB09291,1
DB06726,DB11757,1
DB00977,DB01114,1
DB01079,DB04841,1
DB01181,DB09034,1
DB00621,DB02489,0
DB01601,DB09101,1
DB04946,DB08901,1
DB00528,DB01583,0
DB00563,DB04557,0
DB08901,DB01283,0
DB01171,DB04855,1
DB06335,DB00378,0
DB04840,DB01685,0
DB01242,DB09173,1
DB04356,DB12130,0
DB00425,DB01134,0
DB00934,DB09167,1
DB04894,DB01405,0
DB00401,DB04896,1
DB00617,DB11730,1
DB00846,DB11942,0
DB00601,DB11855,0
DB06201,DB00678,0
DB01232,DB02703,1
DB00374,DB12466,1
DB00501,DB01142,1
DB04856,DB00612,0
DB00744,DB12245,1
DB05271,DB08867,0
DB00528,DB09054,0
DB12001,DB09124,0
DB00563,DB04975,0
DB01394,DB00266,0
DB12026,DB08846,0
DB09017,DB12457,0
DB01064,DB00475,0
DB00924,DB00204,0
DB00813,DB11921,0
DB08877,DB09079,1
DB06725,DB08933,0
DB11581,DB06412,0
DB01623,DB01645,1
DB01117,DB01221,1
DB00621,DB00982,0
DB00177,DB01764,0
DB00752,DB03515,0
DB00312,DB00338,1
DB01392,DB02703,1
DB11986,DB12674,0
DB08816,DB01165,0
DB00228,DB08846,1
DB04835,DB00177,0
DB00932,DB00601,0
DB00384,DB12026,1
DB00706,DB01098,0
DB00374,DB00891,1
DB00220,DB00924,1
DB00347,DB04216,1
DB01037,DB01406,1
DB01177,DB06817,0
DB12130,DB06741,0
DB00264,DB06741,0
DB12543,DB00912,0
DB04825,DB12548,0
DB00324,DB01685,0
DB00731,DB04889,1
DB00759,DB00862,1
DB00283,DB00911,0
DB00248,DB11730,1
DB00118,DB09071,0
DB08881,DB01048,0
DB01095,DB04835,0
DB00568,DB03756,1
DB00307,DB00334,1
DB01100,DB01295,1
DB00445,DB01194,0
DB00367,DB09102,1
DB00333,DB11689,1
DB08933,DB00320,0
DB00924,DB00738,0
DB00792,DB09288,1
DB00568,DB08798,1
DB01098,DB05541,1
DB00396,DB11963,1
DB00568,DB00621,1
DB00528,DB11574,1
DB00601,DB11560,0
DB11978,DB01067,0
DB09297,DB00817,0
DB09297,DB00320,0
DB00528,DB04896,1
DB01303,DB01656,1
DB00270,DB12278,1
DB00834,DB01303,0
DB12020,DB04871,0
DB11986,DB06729,0
DB11943,DB00705,0
DB00711,DB00927,0
DB09124,DB00546,0
DB06726,DB00946,0
DB00959,DB00356,0
DB00468,DB00495,1
DB01224,DB12693,1
DB12010,DB09327,0
DB00388,DB00104,0
DB00455,DB09053,0
DB06335,DB09061,1
DB00503,DB00726,1
DB01094,DB01064,0
DB06702,DB08882,1
DB00264,DB05109,1
DB00531,DB13179,1
DB00501,DB03783,1
DB05239,DB00697,0
DB00434,DB08827,0
DB00575,DB09073,1
DB00621,DB00555,0
DB06774,DB09034,1
DB01058,DB04840,0
DB00363,DB00862,1
DB01274,DB09291,1
DB00863,DB00209,0
DB01104,DB11718,1
DB00557,DB00762,1
DB02134,DB08860,0
DB00472,DB05708,1
DB00338,DB01074,0
DB11586,DB12332,1
DB00227,DB00949,1
DB00779,DB04977,0
DB01079,DB01238,1
DB04861,DB11837,1
DB12674,DB08907,0
DB01050,DB04572,0
DB09555,DB00736,0
DB00621,DB00936,1
DB01411,DB06803,1
DB00224,DB05885,1
DB03756,DB08860,1
DB00817,DB01628,1
DB00677,DB00208,0
DB00263,DB06725,1
DB01208,DB12026,0
DB12026,DB04861,0
DB01274,DB06218,1
DB00843,DB00976,1
DB00951,DB03515,1
DB00904,DB01087,1
DB01623,DB01183,0
DB09232,DB11823,0
DB09102,DB01242,0
DB00201,DB00993,1
DB00224,DB01588,1
DB00518,DB09101,1
DB01103,DB12010,0
DB01026,DB08867,1
DB01007,DB00936,0
DB00508,DB01283,0
DB01132,DB06210,1
DB00169,DB01095,1
DB06419,DB09065,1
DB00501,DB06700,1
DB00501,DB09173,1
DB12612,DB01587,0
DB00674,DB01403,1
DB00343,DB00783,1
DB00877,DB06335,1
DB00468,DB01094,1
DB07615,DB11581,1
DB04630,DB11560,0
DB00730,DB00849,0
DB00495,DB00802,0
DB00909,DB12483,1
DB12941,DB06693,0
DB06781,DB00209,0
DB00557,DB06789,1
DB01134,DB01047,0
DB09048,DB11986,1
DB05154,DB00289,0
DB00912,DB01029,1
DB08827,DB11672,1
DB11986,DB00475,0
DB00705,DB01013,1
DB04898,DB11586,1
DB00328,DB09079,1
DB01536,DB12245,0
DB01072,DB11952,1
DB00696,DB03783,1
DB06077,DB00553,0
DB00696,DB11967,0
DB11586,DB11730,1
DB00270,DB11737,1
DB00872,DB01227,1
DB00343,DB01098,1
DB01012,DB00367,0
DB11967,DB01048,0
DB01104,DB00309,0
DB01536,DB09102,0
DB01100,DB00495,0
DB04845,DB09238,1
DB01029,DB01217,1
DB01095,DB06691,1
DB01580,DB00687,0
DB00184,DB09299,0
DB00531,DB01129,1
DB00778,DB00294,0
DB01264,DB08922,1
DB00751,DB00253,0
DB00394,DB00589,0
DB01221,DB08875,1
DB00255,DB12674,0
DB00448,DB00751,1
DB04898,DB00988,0
DB00621,DB01097,1
DB00553,DB01114,0
DB00396,DB01177,1
DB09227,DB00740,0
DB00603,DB01303,0
DB06595,DB00998,0
DB00250,DB00392,0
DB04832,DB06712,1
DB00758,DB01645,1
DB01065,DB09273,1
DB12301,DB00477,0
DB11693,DB08867,0
DB13879,DB00467,0
DB00570,DB09227,1
DB00590,DB04977,0
DB01079,DB01198,1
DB02134,DB11672,1
DB09330,DB01035,0
DB00969,DB08798,1
DB00819,DB04557,0
DB00530,DB01274,1
DB01096,DB01142,1
DB00969,DB06626,1
DB00554,DB11613,1
DB01259,DB04855,1
DB12245,DB01764,0
DB09229,DB11751,0
DB05708,DB00802,0
DB06738,DB01008,0
DB03783,DB04896,1
DB00839,DB01259,0
DB00993,DB12020,0
DB00496,DB00588,0
DB11693,DB09124,0
DB09224,DB11614,1
DB09083,DB11942,0
DB02703,DB08922,1
DB00851,DB09290,1
DB04938,DB13003,0
DB01072,DB01132,1
DB00663,DB00571,0
DB00193,DB00471,0
DB00471,DB00582,1
DB04630,DB06605,0
DB00273,DB00621,0
DB11679,DB11978,1
DB04946,DB06401,0
DB06725,DB00391,0
DB00932,DB01181,1
DB09296,DB00897,0
DB12245,DB01393,0
DB01173,DB00351,0
DB01388,DB06144,1
DB04884,DB01609,0
DB01611,DB01394,0
DB00792,DB09099,0
DB01131,DB01320,1
DB00608,DB12466,1
DB00323,DB08860,0
DB01338,DB12371,0
DB00356,DB01155,1
DB00539,DB06700,1
DB09030,DB00365,0
DB00694,DB11886,1
DB00668,DB01355,1
DB01628,DB00234,0
DB00472,DB04652,0
DB01152,DB00437,0
DB11855,DB00353,0
DB00330,DB00409,1
DB08875,DB00335,0
DB00697,DB00851,1
DB00191,DB07615,0
DB00849,DB00839,0
DB04845,DB00214,0
DB00549,DB00983,1
DB00857,DB13158,0
DB01217,DB01211,0
DB00528,DB06626,1
DB01583,DB00268,0
DB06148,DB12466,0
DB00704,DB01263,0
DB01393,DB00486,0
DB00751,DB01242,1
DB00590,DB00675,1
DB00836,DB13919,1
DB11901,DB00817,0
DB00365,DB11828,0
DB01221,DB03783,1
DB12001,DB08502,0
DB11967,DB08439,0
DB00679,DB09167,1
DB00499,DB08873,1
DB00580,DB08865,1
DB00924,DB09048,1
DB00617,DB09183,1
DB04842,DB01217,0
DB05109,DB05271,1
DB01126,DB00180,0
DB00553,DB12513,0
DB12612,DB01210,0
DB00238,DB00628,0
DB01395,DB00546,0
DB00590,DB01137,0
DB01155,DB00185,0
DB01393,DB00409,0
DB01138,DB00896,0
DB01355,DB04894,0
DB00776,DB13003,0
DB01384,DB12457,0
DB06148,DB11963,1
DB01355,DB01211,0
DB00711,DB12597,0
DB00283,DB00335,1
DB07615,DB12005,1
DB08864,DB11679,1
DB00443,DB09065,1
DB00243,DB08895,1
DB12457,DB06152,0
DB11751,DB01131,0
DB03496,DB12301,0
DB00277,DB09053,1
DB01254,DB09198,1
DB01624,DB04938,1
DB00924,DB01388,1
DB08867,DB00700,0
DB01067,DB01609,1
DB11915,DB01214,0
DB09291,DB04356,0
DB01392,DB11791,0
DB00945,DB09274,0
DB00346,DB01062,1
DB00374,DB09049,0
DB00590,DB01227,1
DB08439,DB06512,0
DB01086,DB01228,1
DB01369,DB00952,0
DB01238,DB01259,1
DB00238,DB00951,1
DB01544,DB00288,0
DB01035,DB04898,0
DB05814,DB00238,0
DB00378,DB04911,0
DB04842,DB01138,0
DB01395,DB05271,0
DB00199,DB08820,1
DB01418,DB11995,1
DB00549,DB01032,1
DB01357,DB06712,1
DB04975,DB00422,0
DB00608,DB00758,1
DB13174,DB12513,0
DB00549,DB04894,0
DB00857,DB01303,1
DB01195,DB09288,1
DB06268,DB09034,1
DB11575,DB00968,0
DB00978,DB12301,0
DB11575,DB01041,0
DB01194,DB12184,0
DB00379,DB06595,1
DB00439,DB01026,1
DB01026,DB11986,1
DB00932,DB09227,1
DB11963,DB12319,1
DB01194,DB00827,0
DB03010,DB00554,0
DB09223,DB12874,0
DB01764,DB13879,0
DB00176,DB09273,1
DB00545,DB04070,0
DB06712,DB09183,1
DB00496,DB01193,1
DB01236,DB11915,0
DB01029,DB11757,1
DB11855,DB01039,0
DB01142,DB09555,1
DB11652,DB12332,1
DB00490,DB00726,1
DB00234,DB01656,0
DB01320,DB04794,1
DB00629,DB00317,0
DB11712,DB12278,0
DB00683,DB04856,1
DB00968,DB00711,0
DB06738,DB00261,0
DB04841,DB06702,1
DB12001,DB07615,0
DB00911,DB01211,1
DB00545,DB00734,0
DB00617,DB00872,1
DB01039,DB00724,0
DB00307,DB00972,1
DB11952,DB00455,0
DB00792,DB01591,1
DB09195,DB03701,0
DB00465,DB08880,1
DB00476,DB11979,1
DB00252,DB12026,1
DB09236,DB11967,0
DB00356,DB12319,0
DB04938,DB09238,1
DB01009,DB12010,1
DB00283,DB00914,1
DB01087,DB11693,1
DB08798,DB12597,0
DB06292,DB00615,0
DB01380,DB08815,0
DB00783,DB01076,1
DB04842,DB00629,0
DB00374,DB09063,1
DB00976,DB12267,1
DB11730,DB12267,1
DB12001,DB06738,0
DB01131,DB01685,1
DB00346,DB01254,1
DB00264,DB06726,1
DB00543,DB01087,1
DB06817,DB01558,0
DB00758,DB08910,1
DB00619,DB08798,1
DB00297,DB12245,1
DB00773,DB01395,1
DB01118,DB09167,1
DB00353,DB01183,0
DB00268,DB09079,0
DB00214,DB00674,0
DB00872,DB00949,1
DB00263,DB04725,1
DB00330,DB00978,1
DB00330,DB00333,1
DB06595,DB01007,0
DB00778,DB01193,0
DB09065,DB01405,0
DB11828,DB00865,0
DB01037,DB06595,1
DB00570,DB04884,1
DB09555,DB01261,0
DB00788,DB11951,0
DB00518,DB06218,1
DB00912,DB01263,1
DB00699,DB08864,1
DB09330,DB00866,0
DB00677,DB00395,0
DB01873,DB09034,1
DB01873,DB08804,0
DB01263,DB09273,0
DB01036,DB08864,1
DB06594,DB06739,1
DB01645,DB08860,1
DB12674,DB05039,0
DB00814,DB11757,1
DB00361,DB01069,1
DB01254,DB01406,1
DB00454,DB09238,1
DB00104,DB00860,0
DB00227,DB06678,1
DB00661,DB00741,1
DB06803,DB09290,1
DB00860,DB12161,0
DB01624,DB11586,1
DB00661,DB01044,1
DB00603,DB00936,1
DB06730,DB12483,1
DB00384,DB00545,0
DB00736,DB09224,0
DB00185,DB08815,0
DB09327,DB00846,0
DB00983,DB01609,1
DB00367,DB04828,0
DB00228,DB04889,0
DB00322,DB00936,1
DB04840,DB00324,0
DB00425,DB00553,1
DB01400,DB00323,0
DB01621,DB13874,1
DB12874,DB00952,0
DB06789,DB00736,0
DB08875,DB02709,0
DB01248,DB11652,1
DB04216,DB11574,0
DB01069,DB09173,1
DB09128,DB01411,0
DB06739,DB11560,1
DB03010,DB09299,1
DB09274,DB01263,0
DB00891,DB08899,1
DB00831,DB00443,0
DB00317,DB00433,1
DB00784,DB01544,1
DB00726,DB01183,0
DB04725,DB00186,0
DB00528,DB00759,0
DB00737,DB05812,1
DB00367,DB01114,1
DB00799,DB01253,0
DB04855,DB00724,0
DB02789,DB11586,0
DB01211,DB01591,1
DB00228,DB01264,0
DB09296,DB00553,0
DB09090,DB04725,0
DB01223,DB06738,0
DB01118,DB11986,1
DB01403,DB01591,1
DB00468,DB00851,1
DB00531,DB11652,1
DB08808,DB09167,1
DB01337,DB00378,0
DB01264,DB01587,1
DB08502,DB00570,0
DB01406,DB02789,1
DB01175,DB13174,1
DB04574,DB06268,1
DB08439,DB09198,1
DB01238,DB08873,1
DB08918,DB13179,1
DB12010,DB09167,0
DB01210,DB08865,0
DB05219,DB12693,0
DB11682,DB04839,0
DB00234,DB01131,0
DB06678,DB01134,0
DB00270,DB00307,1
DB00933,DB02703,1
DB00445,DB01236,0
DB09229,DB11581,1
DB00620,DB04838,0
DB00381,DB00495,1
DB11693,DB08808,0
DB00439,DB06725,1
DB00982,DB01012,0
DB01074,DB01166,1
DB06401,DB00820,0
DB04841,DB00353,0
DB13783,DB11979,0
DB00627,DB11791,0
DB01067,DB00762,0
DB09102,DB08903,0
DB01409,DB11652,1
DB02489,DB00910,0
DB00297,DB06203,1
DB01129,DB12020,1
DB01013,DB05219,0
DB01165,DB01357,0
DB00726,DB03515,0
DB01104,DB11614,1
DB09099,DB00353,0
DB00533,DB01558,1
DB00307,DB08931,1
DB00528,DB00696,1
DB01224,DB01268,1
DB01406,DB00947,0
DB01319,DB09102,0
DB11943,DB00494,0
DB04076,DB00409,0
DB00953,DB11921,0
DB04889,DB01588,0
DB09291,DB00528,0
DB09173,DB04652,0
DB01355,DB01411,1
DB00374,DB00857,1
DB00353,DB00347,0
DB00717,DB06725,0
DB12329,DB04842,0
DB09274,DB00687,0
DB00320,DB00932,1
DB08922,DB09555,1
DB09101,DB11613,1
DB00927,DB08867,0
DB01403,DB00180,0
DB00621,DB00983,1
DB00949,DB01097,1
DB06212,DB08864,1
DB04908,DB01609,0
DB00307,DB04856,1
DB09327,DB00674,0
DB00188,DB08922,1
DB01410,DB13874,1
DB08877,DB00434,0
DB04832,DB08827,1
DB00810,DB01177,1
DB00668,DB00836,0
DB00762,DB12887,1
DB06267,DB00518,0
DB00936,DB11995,1
DB00264,DB01274,1
DB05154,DB11886,1
DB09013,DB00248,0
DB00744,DB00951,1
DB00730,DB00744,1
DB03756,DB06729,1
DB00629,DB00185,0
DB00697,DB00545,0
DB03701,DB06603,0
DB00330,DB00850,1
DB01297,DB06691,1
DB00976,DB11586,1
DB13158,DB00699,0
DB00704,DB00738,0
DB00758,DB03783,1
DB00261,DB00740,1
DB01048,DB00204,0
DB01234,DB08895,1
DB08877,DB09071,1
DB01036,DB01086,1
DB08873,DB00888,0
DB01667,DB13179,1
DB00434,DB08875,0
DB01275,DB00959,0
DB01601,DB09216,1
DB06781,DB00204,0
DB01601,DB09030,1
DB00621,DB00814,1
DB01098,DB01221,1
DB00388,DB00317,0
DB00433,DB00530,1
DB06756,DB09061,0
DB00557,DB00820,1
DB05541,DB06739,1
DB06201,DB00861,0
DB00328,DB06401,1
DB08873,DB00233,0
DB01087,DB04832,1
DB01167,DB00323,0
DB00343,DB12130,1
DB00320,DB01132,0
DB01100,DB09204,1
DB00796,DB01118,1
DB12466,DB00695,0
DB00796,DB08896,1
DB00623,DB00674,1
DB01075,DB04076,0
DB00897,DB06595,1
DB00539,DB08875,0
DB00818,DB11560,1
DB00783,DB04652,0
DB00593,DB00444,0
DB01118,DB01248,1
DB00188,DB00737,1
DB00433,DB00582,1
DB00213,DB00932,1
DB08811,DB00968,0
DB01076,DB01275,1
DB01191,DB04889,1
DB00642,DB12267,0
DB01384,DB03756,0
DB00349,DB01054,0
DB01418,DB04861,1
DB09236,DB00273,0
DB12457,DB00628,0
DB00448,DB00783,1
DB00530,DB09296,1
DB00238,DB00255,1
DB09238,DB09327,0
DB01873,DB09053,1
DB09065,DB09229,1
DB00361,DB01036,1
DB01595,DB12582,0
DB04070,DB00694,0
DB01191,DB09048,1
DB02789,DB00379,0
DB01138,DB00778,0
DB00904,DB01131,1
DB01138,DB01406,1
DB00620,DB08873,1
DB00951,DB00487,0
DB01411,DB13174,0
DB00694,DB00717,1
DB01411,DB05109,1
DB00582,DB00730,0
DB00845,DB00312,0
DB04898,DB11837,0
DB00216,DB09167,1
DB04841,DB08901,1
DB00706,DB09238,1
DB00202,DB11672,0
DB08995,DB03496,0
DB06210,DB09198,1
DB00712,DB00475,0
DB00959,DB01131,0
DB00744,DB11837,1
DB00445,DB01544,1
DB05239,DB00365,0
DB00277,DB05271,1
DB01138,DB01263,1
DB08439,DB09555,0
DB00912,DB00993,0
DB12329,DB11586,0
DB00744,DB11823,1
DB01274,DB06603,1
DB00683,DB11886,1
DB00475,DB00959,0
DB04070,DB00224,0
DB06729,DB12978,0
DB12471,DB04861,0
DB00490,DB00705,1
DB01559,DB06267,0
DB01764,DB11828,1
DB00531,DB00661,1
DB00448,DB01132,1
DB00714,DB09101,0
DB00860,DB00976,1
DB06739,DB06701,0
DB00283,DB06726,1
DB06636,DB12301,1
DB00906,DB01259,0
DB00675,DB01588,0
DB12026,DB09224,0
DB00379,DB12332,1
DB04725,DB04920,1
DB00104,DB05154,1
DB12693,DB00501,0
DB00608,DB11915,1
DB00307,DB00705,1
DB12548,DB04889,0
DB01181,DB01405,0
DB09102,DB01208,0
DB12674,DB11712,0
DB00365,DB09017,0
DB00402,DB00799,1
DB01472,DB12001,0
DB05271,DB08807,1
DB00379,DB00764,0
DB00983,DB01095,1
DB00568,DB01656,1
DB00252,DB06603,1
DB12978,DB04552,0
DB01536,DB12457,0
DB01155,DB02489,1
DB00792,DB00810,0
DB01152,DB00118,0
DB00361,DB01200,0
DB00233,DB01096,0
DB09166,DB00862,0
DB12887,DB01048,0
DB04975,DB00180,0
DB09071,DB11886,1
DB00620,DB00187,0
DB00745,DB00911,0
DB01167,DB04839,1
DB09143,DB13879,1
DB01118,DB02789,1
DB00374,DB01223,0
DB00468,DB01217,1
DB02789,DB01587,0
DB01195,DB06605,1
DB11963,DB01165,0
DB06210,DB06292,1
DB00575,DB05109,1
DB00343,DB06595,1
DB00496,DB01210,0
DB02789,DB00381,0
DB00862,DB09288,1
DB00377,DB00976,1
DB01242,DB04946,1
DB01173,DB11693,0
DB00503,DB00850,1
DB01035,DB06702,1
DB01035,DB08807,1
DB04884,DB06626,1
DB06817,DB00434,0
DB00568,DB00730,1
DB01405,DB12147,0
DB00744,DB08439,1
DB01100,DB08807,1
DB00518,DB08873,1
DB00448,DB00617,1
DB00484,DB05885,0
DB01067,DB09030,0
DB00827,DB00953,0
DB09173,DB04665,0
DB00215,DB12147,1
DB04889,DB06741,0
DB12371,DB00205,0
DB00620,DB04894,0
DB01114,DB04838,0
DB08912,DB00508,0
DB01195,DB04557,1
DB01400,DB00467,0
DB00208,DB00862,1
DB09273,DB00757,0
DB00337,DB00862,0
DB00717,DB09213,0
DB00195,DB00553,1
DB00845,DB00621,0
DB00806,DB04070,1
DB00724,DB01221,0
DB00320,DB01261,0
DB00496,DB01236,0
DB00759,DB01393,0
DB00384,DB00629,1
DB00486,DB01126,0
DB01037,DB01191,1
DB00571,DB01134,0
DB00268,DB04825,0
DB03515,DB01588,0
DB12612,DB00953,0
DB03756,DB00737,0
DB00642,DB01411,0
DB00289,DB11718,1
DB00697,DB05154,0
DB00437,DB03756,0
DB11757,DB06412,0
DB00454,DB06267,0
DB00448,DB04557,1
DB00173,DB09167,0
DB11967,DB00843,0
DB11751,DB13879,1
DB08895,DB00471,0
DB00949,DB01079,1
DB00936,DB00557,0
DB01232,DB11730,1
DB00378,DB03515,0
DB00590,DB01242,1
DB04076,DB00343,0
DB00737,DB11574,0
DB06741,DB09274,0
DB01176,DB09213,1
DB11682,DB00831,0
DB00370,DB05990,1
DB00787,DB11689,1
DB00533,DB00776,0
DB00622,DB00180,0
DB00205,DB00468,1
DB01412,DB06594,1
DB00708,DB01406,1
DB00214,DB00503,1
DB11560,DB04832,0
DB01645,DB05708,1
DB00696,DB01167,1
DB09389,DB00238,0
DB01611,DB01014,0
DB00759,DB00846,0
DB11796,DB00471,0
DB00818,DB09238,1
DB12874,DB01337,0
DB08860,DB11823,1
DB08875,DB00367,0
DB06738,DB11613,1
DB01181,DB08873,1
DB00358,DB04896,1
DB06693,DB01012,0
DB00843,DB11581,1
DB00324,DB00555,0
DB11823,DB06781,0
DB04896,DB00891,0
DB00792,DB12026,0
DB00891,DB09330,0
DB00977,DB06595,1
DB01223,DB12887,1
DB09073,DB00467,0
DB06712,DB11613,1
DB01232,DB08820,1
DB00574,DB00758,1
DB00582,DB06739,1
DB00997,DB09039,1
DB00972,DB06218,1
DB01058,DB00496,0
DB00805,DB12466,0
DB00568,DB01192,1
DB01544,DB00608,0
DB00773,DB06803,1
DB03496,DB00620,0
DB00862,DB00409,0
DB01685,DB01173,0
DB00501,DB01248,1
DB00705,DB03701,1
DB09079,DB06335,0
DB01062,DB11951,1
DB04889,DB09235,0
DB04977,DB11751,0
DB06605,DB01297,0
DB00679,DB00960,1
DB09238,DB01165,0
DB00622,DB01129,1
DB04896,DB08901,1
DB04855,DB04856,1
DB01388,DB01577,1
DB01087,DB01601,1
DB06693,DB00993,0
DB00700,DB09034,0
DB00184,DB12874,0
DB00270,DB00969,1
DB00118,DB05109,1
DB03515,DB01028,0
DB12010,DB00213,0
DB00976,DB01234,1
DB00163,DB00378,0
DB02703,DB00263,0
DB00951,DB01259,1
DB00363,DB01394,1
DB00252,DB00455,1
DB00945,DB06739,1
DB01764,DB01303,0
DB09083,DB01395,0
DB00227,DB01221,1
DB01062,DB11613,1
DB00288,DB01583,0
DB01412,DB03010,1
DB12713,DB12319,0
DB04652,DB12319,0
DB00758,DB11979,1
DB01095,DB09061,1
DB04975,DB01058,0
DB04557,DB01222,0
DB00490,DB01079,1
DB05109,DB09195,1
DB00476,DB00674,1
DB09236,DB00959,0
DB01094,DB00539,0
DB01136,DB06729,1
DB01132,DB09288,1
DB12483,DB00338,0
DB01039,DB09173,0
DB00696,DB11613,1
DB00250,DB04861,0
DB01039,DB12235,1
DB00482,DB00810,1
DB00327,DB12597,1
DB01263,DB00437,0
DB06691,DB09555,1
DB01208,DB04572,0
DB00741,DB01126,1
DB01409,DB01223,0
DB08875,DB13919,1
DB00309,DB01114,0
DB12548,DB00802,0
DB00194,DB12674,0
DB00297,DB06702,1
DB00264,DB00663,0
DB11751,DB00248,0
DB00545,DB09143,0
DB00439,DB01274,1
DB00264,DB00334,1
DB00361,DB00448,0
DB11672,DB11712,1
DB01039,DB01136,1
DB00343,DB11574,1
DB00933,DB09065,1
DB08893,DB13158,0
DB08995,DB00367,0
DB01303,DB12245,1
DB01069,DB01264,1
DB01268,DB08865,1
DB00227,DB00628,1
DB04855,DB06282,1
DB00316,DB00978,1
DB01238,DB09244,1
DB01026,DB11886,1
DB00163,DB00220,1
DB00204,DB06207,0
DB00422,DB00495,0
DB01320,DB00335,0
DB01223,DB01558,1
DB00730,DB04841,1
DB00745,DB00268,0
DB01134,DB11652,1
DB00220,DB11712,1
DB00118,DB00384,0
DB09389,DB00508,0
DB00947,DB00392,0
DB08873,DB00240,0
DB00810,DB08816,0
DB01131,DB01132,0
DB12466,DB04574,0
DB00228,DB06729,0
DB13919,DB04835,0
DB00499,DB00959,0
DB01232,DB08873,1
DB00678,DB00696,1
DB00599,DB06414,1
DB00978,DB01173,1
DB00214,DB00444,1
DB00193,DB00571,1
DB01026,DB01222,1
DB00177,DB01174,1
DB01295,DB04911,1
DB00737,DB01191,1
DB00395,DB12612,0
DB05239,DB08864,1
DB01609,DB00896,0
DB00255,DB00266,1
DB01032,DB01045,0
DB08804,DB00248,0
DB00532,DB11718,1
DB01254,DB12141,1
DB01217,DB06228,0
DB04840,DB01174,0
DB01074,DB06729,1
DB01609,DB00705,0
DB06712,DB06777,1
DB01395,DB08995,1
DB05271,DB00240,0
DB00857,DB01009,1
DB00951,DB06419,1
DB00810,DB09555,1
DB00539,DB11886,0
DB01609,DB00490,0
DB12332,DB01384,0
DB06605,DB01007,0
DB00391,DB00712,0
DB01263,DB09297,1
DB00204,DB09030,1
DB01165,DB04076,1
DB01183,DB06774,0
DB00891,DB12020,0
DB01191,DB00612,0
DB08502,DB11613,1
DB00228,DB00255,1
DB00224,DB00813,1
DB01181,DB09048,1
DB01583,DB00324,0
DB01394,DB09227,1
DB06412,DB09017,0
DB00904,DB08875,1
DB01058,DB06218,1
DB00379,DB00307,0
DB00266,DB01095,1
DB12235,DB06267,0
DB01126,DB06287,1
DB01601,DB08896,1
DB06412,DB00388,0
DB03515,DB01223,0
DB04572,DB00933,0
DB09227,DB12245,1
DB00586,DB00949,1
DB03783,DB04856,1
DB00799,DB01076,1
DB00316,DB04844,1
DB09061,DB01013,0
DB01132,DB09048,1
DB01583,DB06282,0
DB00316,DB00932,1
DB01254,DB09124,0
DB05219,DB01183,0
DB09124,DB11915,0
DB00330,DB01238,1
DB00468,DB06739,1
DB00384,DB00675,1
DB01233,DB13174,1
DB03010,DB00205,0
DB01047,DB11730,1
DB00588,DB06403,1
DB00737,DB00863,1
DB00580,DB01176,1
DB06636,DB06512,0
DB05814,DB01601,0
DB00185,DB00238,1
DB09237,DB00392,0
DB00209,DB09102,0
DB01263,DB01303,0
DB01645,DB01252,0
DB00379,DB01242,1
DB00705,DB00977,1
DB01558,DB11672,1
DB00194,DB04854,0
DB13174,DB11978,0
DB00758,DB09297,1
DB13879,DB06777,0
DB00862,DB00445,0
DB04894,DB09123,0
DB04855,DB12329,1
DB00947,DB00312,0
DB00216,DB00674,1
DB00757,DB08807,1
DB08820,DB00779,0
DB11921,DB01559,0
DB00570,DB13174,0
DB00471,DB06594,1
DB04845,DB06700,1
DB01065,DB05154,0
DB01039,DB09030,1
DB01012,DB11963,1
DB01050,DB04856,1
DB00993,DB01623,1
DB01174,DB01628,1
DB00726,DB00687,0
DB00307,DB01087,1
DB00726,DB01100,1
DB00250,DB01274,1
DB01221,DB04572,1
DB04855,DB00240,0
DB09049,DB00805,0
DB00307,DB00487,0
DB08807,DB09048,1
DB08798,DB00546,0
DB00784,DB09225,1
DB00857,DB09185,1
DB01210,DB00378,0
DB00277,DB00752,1
DB00586,DB08867,0
DB00752,DB00927,0
DB04725,DB09063,1
DB09273,DB00433,0
DB00549,DB11712,0
DB00214,DB00603,1
DB00414,DB06218,1
DB00214,DB00467,0
DB01873,DB01274,0
DB00220,DB00496,1
DB01388,DB01129,0
DB09244,DB00877,0
DB01104,DB01177,1
DB01577,DB06729,1
DB00482,DB01028,1
DB12978,DB03756,0
DB12184,DB00966,0
DB01002,DB09288,1
DB01165,DB00877,0
DB01388,DB00443,0
DB09225,DB00731,0
DB00851,DB01058,1
DB01166,DB00615,0
DB00187,DB02703,1
DB00988,DB01041,0
DB00696,DB00741,1
DB06789,DB06603,0
DB01359,DB06603,1
DB00696,DB09143,1
DB00906,DB01591,0
DB00379,DB11689,1
DB06201,DB00700,0
DB00776,DB00169,0
DB00810,DB01079,1
DB00731,DB01117,1
DB01193,DB00367,0
DB01098,DB11652,1
DB00730,DB13158,0
DB00173,DB00712,1
DB00543,DB00834,1
DB01134,DB01248,0
DB01192,DB05109,1
DB04070,DB00968,0
DB01131,DB00163,0
DB00539,DB12278,0
DB00356,DB00530,1
DB11837,DB00253,0
DB00704,DB00549,0
DB00617,DB08882,1
DB00532,DB01131,1
DB01072,DB08865,1
DB00315,DB01137,1
DB00764,DB06512,0
DB04840,DB06603,1
DB04572,DB00730,0
DB12141,DB01708,0
DB09291,DB00352,0
DB00486,DB00180,0
DB00496,DB00908,1
DB01167,DB04828,1
DB00530,DB09034,1
DB00617,DB04652,0
DB01173,DB08868,1
DB09555,DB01588,0
DB00455,DB00531,1
DB01275,DB00973,0
DB03575,DB00661,0
DB00209,DB11979,1
DB00734,DB04839,0
DB09198,DB12332,1
DB04938,DB09061,1
DB06212,DB04889,0
DB04861,DB12332,1
DB01039,DB09555,0
DB06725,DB00361,0
DB01588,DB00495,0
DB01072,DB01075,1
DB00195,DB06605,0
DB08807,DB11963,1
DB01117,DB11757,1
DB00220,DB06730,1
DB00327,DB01764,0
DB01242,DB01601,1
DB00904,DB06729,1
DB01191,DB09198,1
DB00841,DB03575,0
DB09079,DB02709,0
DB09274,DB01039,0
DB00401,DB02489,0
DB01357,DB12612,1
DB00422,DB00932,0
DB00705,DB09235,1
DB01388,DB09071,1
DB00264,DB00792,1
DB01072,DB04832,1
DB03756,DB00845,0
DB00851,DB05239,0
DB00169,DB01072,1
DB00575,DB04356,1
DB01252,DB00818,0
DB00794,DB11691,0
DB01117,DB00601,0
DB01211,DB04076,1
DB12548,DB00636,0
DB00409,DB04861,1
DB00827,DB12513,0
DB00712,DB00409,0
DB04845,DB00205,0
DB06218,DB04871,0
DB00918,DB08846,0
DB00384,DB13003,0
DB04884,DB12267,1
DB00731,DB11679,1
DB09245,DB09090,0
DB00422,DB09095,0
DB01388,DB00169,0
DB00864,DB01096,0
DB00482,DB09063,1
DB04946,DB12483,1
DB06730,DB00945,0
DB00402,DB09227,1
DB00213,DB00334,1
DB01050,DB01544,1
DB01395,DB01117,0
DB04076,DB09290,1
DB01384,DB06152,0
DB00402,DB09198,1
DB00966,DB05246,1
DB00846,DB01094,0
DB01208,DB01411,0
DB00224,DB00570,1
DB01403,DB04861,1
DB01191,DB01233,1
DB06152,DB06594,0
DB12319,DB00118,0
DB00784,DB00234,0
DB00849,DB05219,0
DB00891,DB00379,0
DB09229,DB08846,0
DB00622,DB01191,1
DB00327,DB01118,1
DB01303,DB11952,0
DB01114,DB01591,1
DB00425,DB02789,0
DB09238,DB00724,0
DB01095,DB09079,0
DB01708,DB00533,0
DB03575,DB00233,0
DB06419,DB11986,1
DB09296,DB01138,0
DB00187,DB01320,0
DB00220,DB00294,1
DB00508,DB06712,0
DB00745,DB00388,0
DB00864,DB06701,0
DB00839,DB01094,0
DB00866,DB06626,0
DB00717,DB11952,1
DB00358,DB01192,0
DB07615,DB08995,1
DB00320,DB11952,1
DB00734,DB00888,0
DB06803,DB04572,0
DB09198,DB00323,0
DB01319,DB05814,0
DB04871,DB09128,1
DB00788,DB00827,1
DB00169,DB08502,0
DB00904,DB09227,1
DB00194,DB04856,0
DB00705,DB13179,1
DB04652,DB00439,0
DB01410,DB11652,1
DB00186,DB08881,0
DB00951,DB00972,1
DB00932,DB01193,1
DB06739,DB11837,1
DB04977,DB09030,0
DB01036,DB09555,1
DB00897,DB09048,1
DB00455,DB08860,1
DB00590,DB04572,1
DB00322,DB00228,0
DB00629,DB06626,1
DB00615,DB09039,0
DB01062,DB09241,1
DB00501,DB00494,0
DB02709,DB00347,0
DB01283,DB00557,0
DB00546,DB00694,0
DB02187,DB00240,0
DB03756,DB00792,0
DB00969,DB01138,1
DB00762,DB08816,1
DB06730,DB00601,0
DB01076,DB01126,1
DB00266,DB00444,1
DB01624,DB11672,1
DB00335,DB06702,1
DB01009,DB09173,0
DB06218,DB01183,0
DB00317,DB01072,1
DB01233,DB11679,0
DB06626,DB11689,1
DB01086,DB01191,1
DB00367,DB09185,1
DB11979,DB00966,0
DB06678,DB03496,0
DB00675,DB04829,1
DB06817,DB01198,0
DB00367,DB06287,1
DB09236,DB11679,0
DB00738,DB01074,1
DB00194,DB09083,0
DB01007,DB01685,0
DB01130,DB04572,0
DB00960,DB08901,1
DB00969,DB00959,0
DB00328,DB02789,0
DB01263,DB12319,0
DB01191,DB09065,1
DB01094,DB11791,1
DB06695,DB05812,0
DB01211,DB01234,1
DB00188,DB00697,1
DB08933,DB11837,0
DB01177,DB11915,1
DB01210,DB09327,0
DB00872,DB05541,1
DB06267,DB00836,0
DB00977,DB04552,1
DB00496,DB01217,0
DB00546,DB11697,0
DB00557,DB09288,1
DB01264,DB05271,1
DB08931,DB12693,0
DB01357,DB12184,0
DB01418,DB01624,1
DB00619,DB09223,0
DB08880,DB12329,0
DB00976,DB01590,1
DB01232,DB01472,1
DB00195,DB01177,1
DB00202,DB12218,0
DB00758,DB02134,1
DB00477,DB09173,1
DB01338,DB08868,0
DB04938,DB06702,1
DB11886,DB04840,0
DB00499,DB01211,1
DB01232,DB11672,1
DB06777,DB01242,0
DB00802,DB01118,1
DB11672,DB04794,0
DB01026,DB01263,1
DB00243,DB00289,1
DB00409,DB00914,1
DB00831,DB01418,1
DB11837,DB00484,0
DB01165,DB11837,0
DB05294,DB08798,0
DB01393,DB00730,0
DB09090,DB01013,0
DB01764,DB04946,1
DB00374,DB00396,1
DB06756,DB00352,0
DB00495,DB01357,1
DB00532,DB11837,1
DB00553,DB00978,1
DB06287,DB08808,1
DB11672,DB11979,1
DB01624,DB01583,0
DB03496,DB04861,0
DB08502,DB11901,1
DB01263,DB00966,0
DB00176,DB06267,1
DB04977,DB12010,0
DB01609,DB11652,1
DB00334,DB12026,1
DB01232,DB04828,1
DB01100,DB01232,1
DB00213,DB00792,0
DB08910,DB00674,0
DB01242,DB11586,1
DB00711,DB01126,0
DB00726,DB06148,1
DB11757,DB04652,0
DB00317,DB11915,1
DB00819,DB12026,0
DB00976,DB06789,1
DB00951,DB08820,1
DB00924,DB00351,0
DB09195,DB12582,0
DB08827,DB00897,0
DB00799,DB01403,0
DB04356,DB01395,0
DB03783,DB11791,1
DB00402,DB05814,1
DB01047,DB01072,1
DB00907,DB01191,1
DB00862,DB13179,1
DB12235,DB12597,1
DB06218,DB08864,1
DB01217,DB09198,1
DB00496,DB04908,0
DB01576,DB12005,1
DB01211,DB01259,1
DB01252,DB00843,0
DB00283,DB11979,1
DB12543,DB06228,0
DB09183,DB00118,0
DB00316,DB11652,1
DB01058,DB04832,1
DB01072,DB09048,1
DB12548,DB09273,0
DB09063,DB06702,0
DB06144,DB08881,1
DB00655,DB00199,0
DB01165,DB00367,0
DB00227,DB06335,1
DB01319,DB01177,0
DB01076,DB08865,1
DB06210,DB09185,1
DB04845,DB06725,0
DB09299,DB11652,1
DB08907,DB04070,0
DB00619,DB00655,0
DB01044,DB08873,0
DB01195,DB08899,1
DB00205,DB00788,1
DB00163,DB00593,0
DB00872,DB04975,1
DB01047,DB11672,1
DB00773,DB01012,1
DB00817,DB09274,0
DB03756,DB04975,0
DB01173,DB11963,1
DB00675,DB04076,1
DB04856,DB06636,1
DB00679,DB12693,1
DB00234,DB06636,1
DB04861,DB11963,1
DB01029,DB01252,0
DB11689,DB01624,0
DB00437,DB01175,0
DB09053,DB09101,1
DB05246,DB04854,0
DB00379,DB06210,1
DB00570,DB01338,0
DB04652,DB13179,1
DB01406,DB08893,1
DB04975,DB00827,0
DB01261,DB12267,1
DB12597,DB00914,0
DB09244,DB00627,0
DB00705,DB12483,1
DB00378,DB00862,0
DB09327,DB09241,0
DB08860,DB00367,0
DB00697,DB06210,1
DB00240,DB01559,0
DB01198,DB08873,1
DB00224,DB00444,1
DB00951,DB04842,1
DB00338,DB09063,0
DB01263,DB09389,1
DB06695,DB00104,0
DB01609,DB08899,1
DB00568,DB01100,1
DB06144,DB06739,0
DB00185,DB09039,1
DB04216,DB06218,1
DB01559,DB09123,0
DB05109,DB13919,1
DB01195,DB08439,1
DB00788,DB01667,1
DB03515,DB00674,0
DB01873,DB00392,0
DB00834,DB01191,1
DB04070,DB12130,0
DB00564,DB09297,1
DB00843,DB00877,0
DB00351,DB00622,1
DB00243,DB00444,1
DB04871,DB09288,1
DB00177,DB04572,0
DB00209,DB00316,1
DB00439,DB00696,1
DB00891,DB04725,1
DB00250,DB01259,1
DB00810,DB06726,1
DB04884,DB01214,0
DB00864,DB05294,1
DB12941,DB04829,0
DB06803,DB00753,0
DB03515,DB00956,0
DB00471,DB00839,1
DB02187,DB12010,0
DB00738,DB11672,1
DB00575,DB01039,1
DB00851,DB00863,1
DB00744,DB12941,0
DB00784,DB04911,1
DB04846,DB08899,0
DB04975,DB01130,0
DB00224,DB00555,1
DB00204,DB11679,0
DB00532,DB08860,1
DB01177,DB11689,1
DB00591,DB04946,0
DB09013,DB09225,0
DB00180,DB00696,1
DB04841,DB13003,0
DB00672,DB12141,0
DB01100,DB04076,1
DB00589,DB12887,0
DB08903,DB11672,1
DB08815,DB08807,0
DB00737,DB04861,1
DB00661,DB11693,1
DB12582,DB00752,0
DB00945,DB13174,1
DB00531,DB04975,1
DB00543,DB09183,1
DB00414,DB00439,1
DB00213,DB04908,0
DB00896,DB00353,0
DB01044,DB00952,0
DB01406,DB05039,1
DB00191,DB00988,1
DB06701,DB00384,0
DB08875,DB03701,0
DB00845,DB00672,0
DB00487,DB11915,0
DB00877,DB01624,1
DB11796,DB01168,0
DB01193,DB01359,1
DB01264,DB01472,1
DB00608,DB01410,1
DB09039,DB09124,0
DB00201,DB01176,0
DB09290,DB03010,0
DB00443,DB01183,0
DB01054,DB04975,0
DB00169,DB00705,1
DB00619,DB00749,1
DB00924,DB06756,0
DB00487,DB00244,0
DB00877,DB01667,1
DB09274,DB09039,0
DB00661,DB06789,1
DB00482,DB00590,1
DB01155,DB09288,1
DB00983,DB01174,1
DB09195,DB11757,1
DB01337,DB08502,0
DB01764,DB08865,1
DB09073,DB00557,0
DB09185,DB06412,0
DB09173,DB12245,1
DB05814,DB01234,0
DB01873,DB00476,0
DB00208,DB08922,1
DB12471,DB00953,0
DB00377,DB11693,0
DB00263,DB00762,0
DB01369,DB12141,1
DB01039,DB01656,1
DB00495,DB12267,1
DB01173,DB09065,1
DB00414,DB06268,1
DB08895,DB13174,0
DB01039,DB04841,1
DB00294,DB04829,0
DB00872,DB01132,1
DB00489,DB01012,1
DB01117,DB09227,1
DB08867,DB04957,0
DB12874,DB00361,0
DB08918,DB09065,1
DB01098,DB11952,1
DB00381,DB09061,1
DB12093,DB04839,0
DB00575,DB12371,1
DB00468,DB09296,1
DB06077,DB01590,0
DB00169,DB01764,0
DB00169,DB09048,1
DB00827,DB05271,0
DB00487,DB00805,0
DB11737,DB12332,1
DB00724,DB00315,0
DB08931,DB13874,1
DB00204,DB00802,0
DB02134,DB12010,0
DB00177,DB00486,1
DB08439,DB00757,0
DB01095,DB11886,0
DB01384,DB12466,0
DB01224,DB01242,1
DB00849,DB00205,0
DB00546,DB08804,0
DB00440,DB08868,0
DB06292,DB00787,0
DB00910,DB01232,1
DB09102,DB02187,0
DB01577,DB12005,1
DB00608,DB04829,1
DB04871,DB12245,1
DB00738,DB01412,0
DB09102,DB09195,0
DB00976,DB09232,1
DB00627,DB06781,0
DB00469,DB00494,0
DB00820,DB04898,0
DB09274,DB00683,0
DB00726,DB08864,1
DB00193,DB11672,1
DB00328,DB01227,0
DB00731,DB01035,1
DB00661,DB12245,1
DB04946,DB06774,1
DB00574,DB01094,1
DB00486,DB04911,1
DB05812,DB13874,1
DB08895,DB08918,0
DB00347,DB01076,1
DB00738,DB00857,1
DB00531,DB09238,1
DB02187,DB00861,0
DB01098,DB12597,1
DB01062,DB05154,1
DB00571,DB11652,1
DB09071,DB11689,1
DB00434,DB00213,0
DB01118,DB09327,1
DB00817,DB00973,0
DB00570,DB01044,0
DB00946,DB00187,0
DB00316,DB01094,1
DB00193,DB01136,1
DB09198,DB08827,0
DB04076,DB00104,0
DB00988,DB00391,0
DB00176,DB09235,1
DB00810,DB01136,1
DB03515,DB01095,0
DB01248,DB12005,0
DB00316,DB00582,1
DB00997,DB09555,1
DB00270,DB00546,1
DB00866,DB06414,0
DB04572,DB01165,0
DB06595,DB06603,1
DB00951,DB01072,1
DB00783,DB12483,1
DB01074,DB08922,1
DB00934,DB01058,1
DB00338,DB00381,1
DB00388,DB00304,0
DB00819,DB04840,0
DB00379,DB09061,1
DB00289,DB04975,0
DB00185,DB00752,1
DB00788,DB00831,1
DB01104,DB11560,1
DB01405,DB06210,1
DB01595,DB11560,0
DB06712,DB11967,1
DB00208,DB09225,1
DB00620,DB01412,0
DB00778,DB09071,1
DB00783,DB01645,1
DB01319,DB00346,0
DB01171,DB01320,1
DB00674,DB09167,1
DB04854,DB01628,0
DB01087,DB01222,1
DB00820,DB01388,1
DB00740,DB11560,0
DB00243,DB01131,1
DB01097,DB01193,0
DB00412,DB05814,0
DB09273,DB00288,0
DB01411,DB12371,1
DB11995,DB04977,0
DB01037,DB01095,1
DB00335,DB09039,1
DB05246,DB09173,0
DB08827,DB09239,0
DB00234,DB00738,1
DB00872,DB01559,1
DB01621,DB03783,1
DB01320,DB13174,1
DB00866,DB11575,0
DB12235,DB12612,0
DB06228,DB13179,1
DB00177,DB01095,1
DB09095,DB00409,0
DB12674,DB00346,0
DB11886,DB00726,0
DB09123,DB03496,0
DB01076,DB11682,1
DB01264,DB02134,0
DB00338,DB01131,1
DB00532,DB01645,1
DB01384,DB01228,0
DB00802,DB11574,1
DB01134,DB00374,0
DB06210,DB09389,0
DB09054,DB00580,0
DB00307,DB08873,1
DB00209,DB08922,1
DB00636,DB01200,0
DB01621,DB11837,1
DB00220,DB01621,1
DB00778,DB11737,0
DB09102,DB12161,1
DB01410,DB11967,0
DB00896,DB01036,0
DB00622,DB00947,0
DB00888,DB00253,0
DB01708,DB09030,0
DB00317,DB12466,0
DB09173,DB00531,0
DB00554,DB00508,0
DB04908,DB00741,0
DB01171,DB00927,0
DB00622,DB00982,1
DB00193,DB06729,1
DB01259,DB06725,0
DB08502,DB11817,0
DB01007,DB00704,0
DB01396,DB00736,0
DB01087,DB06636,1
DB00349,DB01232,1
DB01623,DB00465,0
DB01211,DB06654,1
DB01591,DB12245,1
DB00503,DB11712,1
DB00439,DB00496,1
DB00401,DB00717,1
DB00788,DB12471,0
DB09238,DB11855,1
DB00433,DB00888,0
DB00968,DB01044,0
DB01013,DB08873,1
DB00367,DB01263,1
DB01221,DB12612,1
DB00988,DB01012,0
DB00370,DB12674,0
DB01166,DB04856,1
DB00764,DB06739,1
DB01536,DB01126,0
DB08807,DB09555,1
DB05109,DB00384,0
DB01054,DB00324,0
DB02489,DB00177,0
DB01103,DB12471,0
DB00261,DB11757,1
DB00661,DB04828,1
DB09013,DB00199,0
DB00333,DB00381,1
DB01236,DB08864,1
DB00845,DB08895,1
DB00586,DB12612,1
DB00444,DB01087,1
DB05814,DB00591,0
DB00805,DB09291,1
DB08895,DB09235,1
DB00563,DB00908,1
DB00316,DB01392,1
DB01191,DB01236,1
DB09291,DB01067,0
DB01268,DB01094,0
DB04842,DB11560,0
DB08864,DB12371,1
DB01136,DB05541,1
DB00559,DB00655,0
DB00346,DB01097,0
DB09049,DB01097,0
DB00266,DB00617,1
DB06789,DB00933,0
DB00623,DB00255,0
DB01194,DB08816,0
DB00402,DB07615,0
DB00612,DB06741,0
DB00972,DB08877,1
DB12713,DB01086,0
DB01355,DB11963,1
DB00277,DB11979,1
DB01233,DB01388,1
DB11614,DB12245,1
DB00549,DB04216,1
DB00836,DB00422,0
DB01064,DB00240,0
DB00741,DB00315,0
DB01224,DB04871,1
DB04825,DB08882,1
DB00378,DB00734,0
DB00949,DB11757,1
DB04835,DB11619,0
DB00440,DB01069,1
DB01129,DB04946,1
DB05990,DB06335,0
DB00872,DB01248,1
DB00277,DB00753,1
DB04846,DB00518,0
DB09124,DB03496,0
DB04076,DB09288,1
DB00589,DB04975,0
DB06636,DB11730,1
DB00501,DB00998,1
DB00169,DB00469,0
DB09143,DB06691,0
DB00909,DB11586,1
DB00317,DB11682,0
DB00608,DB12887,0
DB00615,DB01580,0
DB00810,DB01396,0
DB00367,DB06626,1
DB00194,DB11757,0
DB00621,DB09048,1
DB01536,DB08873,1
DB01259,DB08882,1
DB00177,DB06729,1
DB00947,DB00266,0
DB01191,DB06678,1
DB01221,DB09048,1
DB00176,DB01248,1
DB00575,DB00705,1
DB08922,DB11915,1
DB04975,DB11652,1
DB01274,DB03783,1
DB00402,DB01393,1
DB00593,DB12941,0
DB00685,DB00700,0
DB12693,DB00877,0
DB00590,DB06626,1
DB00248,DB00288,0
DB09241,DB09389,0
DB00531,DB00783,1
DB00201,DB00363,1
DB01191,DB04861,1
DB00862,DB01200,1
DB01044,DB06654,0
DB12674,DB11921,0
DB00533,DB12597,1
DB00250,DB00495,1
DB05219,DB00532,0
DB00277,DB00496,1
DB11691,DB08901,0
DB00323,DB11679,0
DB09063,DB11679,1
DB00860,DB00872,1
DB00694,DB00863,0
DB00936,DB03783,1
DB00857,DB01079,1
DB00865,DB12147,0
DB01018,DB06603,0
DB00679,DB08895,0
DB01167,DB01355,0
DB00496,DB01211,1
DB01062,DB01095,1
DB11817,DB09290,0
DB00320,DB08816,1
DB00304,DB01274,1
DB00836,DB11679,1
DB00740,DB08895,0
DB02187,DB00897,0
DB00531,DB09185,1
DB08846,DB00714,0
DB12218,DB00185,0
DB00238,DB09071,1
DB11575,DB11915,0
DB02187,DB00370,0
DB01039,DB08816,1
DB00740,DB04846,0
DB08907,DB00277,0
DB01275,DB01406,0
DB09124,DB00489,0
DB00776,DB04552,0
DB00836,DB01252,0
DB00656,DB01098,1
DB00968,DB00379,0
DB01014,DB09124,0
DB01591,DB00445,0
DB01054,DB00518,0
DB00361,DB00571,1
DB01166,DB04841,1
DB00699,DB11586,1
DB00661,DB01583,1
DB01297,DB09048,1
DB00757,DB11652,1
DB00409,DB00717,0
DB13878,DB00918,0
DB00343,DB01393,1
DB00191,DB01072,1
DB09034,DB09101,1
DB04842,DB08873,1
DB00972,DB01254,1
DB04665,DB06218,1
DB01136,DB11915,1
DB09013,DB01054,0
DB01086,DB08807,1
DB00495,DB04840,0
DB00202,DB00694,0
DB06401,DB08875,0
DB12301,DB04652,0
DB02789,DB00395,0
DB11613,DB09274,0
DB02703,DB11828,1
DB00444,DB08895,1
DB00309,DB06700,1
DB00312,DB13003,0
DB01418,DB01656,1
DB09017,DB04856,0
DB01583,DB00294,0
DB00820,DB01609,0
DB09128,DB11995,0
DB00601,DB00243,0
DB00705,DB03515,1
DB01072,DB02703,1
DB00891,DB04841,1
DB06756,DB05219,0
DB00263,DB01221,1
DB00495,DB00850,0
DB00982,DB06729,0
DB00976,DB08875,1
DB06237,DB08807,0
DB01152,DB04841,0
DB02703,DB04889,1
DB05812,DB11995,0
DB00571,DB13174,1
DB01238,DB01264,1
DB00792,DB01295,1
DB00976,DB04957,1
DB00532,DB04975,1
DB03756,DB06803,1
DB00250,DB00309,0
DB06726,DB00365,0
DB11828,DB12218,0
DB09095,DB00818,0
DB01544,DB01058,0
DB01103,DB05239,0
DB01595,DB00891,0
DB01012,DB11560,0
DB06725,DB05812,0
DB00758,DB00796,1
DB00864,DB12483,1
DB09099,DB04794,0
DB06691,DB00213,0
DB00810,DB11757,1
DB00195,DB12612,0
DB00518,DB01621,0
DB00872,DB01054,1
DB09039,DB01245,0
DB01118,DB09166,1
DB00317,DB09101,1
DB00395,DB00951,1
DB09124,DB11682,0
DB04846,DB08922,1
DB06741,DB00444,0
DB00379,DB01264,1
DB00608,DB01195,1
DB00353,DB00603,0
DB00904,DB01411,1
DB00904,DB11581,1
DB01094,DB01166,1
DB01103,DB01118,1
DB01136,DB00546,0
DB06756,DB00422,0
DB11619,DB00402,0
DB00758,DB09296,1
DB00253,DB01259,0
DB00543,DB00960,1
DB03575,DB08865,0
DB01283,DB06817,0
DB00978,DB01065,1
DB00277,DB00642,1
DB01536,DB00396,0
DB00891,DB04896,0
DB01380,DB11697,0
DB01406,DB06282,1
DB01369,DB01587,0
DB04845,DB00969,0
DB05154,DB12147,1
DB01559,DB09013,0
DB01018,DB00973,0
DB00294,DB04938,0
DB01086,DB01263,0
DB05109,DB09065,1
DB11575,DB09555,0
DB00759,DB06218,1
DB08933,DB00966,0
DB06335,DB00255,0
DB09185,DB11828,1
DB01132,DB00966,0
DB00263,DB00796,1
DB00966,DB06739,1
DB00324,DB01114,0
DB02187,DB03575,0
DB06203,DB09183,1
DB01129,DB01393,0
DB00557,DB00180,0
DB09225,DB09273,1
DB00307,DB06701,0
DB00532,DB00912,1
DB00904,DB00914,1
DB00783,DB01357,1
DB00850,DB01406,0
DB00486,DB08502,0
DB04957,DB08865,1
DB04070,DB08875,0
DB04898,DB05814,0
DB00227,DB01192,1
DB04356,DB09290,1
DB11915,DB12887,0
DB04920,DB06605,1
DB04557,DB01595,0
DB11886,DB11979,0
DB04630,DB13158,0
DB00439,DB01410,1
DB01264,DB09223,1
DB00543,DB12466,0
DB00528,DB00787,0
DB01611,DB12471,0
DB01708,DB06789,0
DB00277,DB00952,0
DB00185,DB11581,1
DB13879,DB01152,0
DB00476,DB00932,1
DB06594,DB11963,1
DB00484,DB12582,0
DB00628,DB00338,0
DB13179,DB01245,0
DB04574,DB08877,1
DB09101,DB00475,0
DB00598,DB01369,0
DB00862,DB12674,0
DB00655,DB01645,0
DB01039,DB06730,0
DB00675,DB13179,1
DB00288,DB08918,0
DB11967,DB01580,0
DB12612,DB00185,0
DB00186,DB04825,0
DB01096,DB09173,1
DB00320,DB00758,0
DB00724,DB00959,0
DB01393,DB11652,1
DB00177,DB00255,1
DB01167,DB09185,1
DB12001,DB11942,0
DB00186,DB00877,0
DB00382,DB04216,1
DB00539,DB00603,0
DB09227,DB12001,1
DB00201,DB00568,1
DB01097,DB00209,0
DB05246,DB12674,0
DB06636,DB05708,0
DB01392,DB06726,1
DB00353,DB08882,1
DB05814,DB03701,0
DB05990,DB11689,1
DB04216,DB12093,0
DB00414,DB11796,0
DB11614,DB00353,0
DB00799,DB00627,0
DB06403,DB00184,0
DB00737,DB00487,0
DB00904,DB01264,1
DB00224,DB09389,1
DB00381,DB01050,1
DB00945,DB04957,0
DB00448,DB01095,1
DB00918,DB09048,1
DB00227,DB01295,1
DB01242,DB01295,1
DB04957,DB05541,0
DB06412,DB00187,0
DB00966,DB08864,1
DB00694,DB00636,0
DB00705,DB05154,1
DB00307,DB09167,0
DB00675,DB12332,1
DB00533,DB01245,0
DB00539,DB00582,1
DB04894,DB13879,0
DB00817,DB03783,1
DB01667,DB01621,0
DB01217,DB08875,1
DB00706,DB00352,0
DB04825,DB01039,0
DB00619,DB12020,1
DB04854,DB08896,1
DB00753,DB00224,0
DB00440,DB01037,1
DB00330,DB06605,1
DB01029,DB11574,0
DB00238,DB00730,1
DB01166,DB06603,1
DB11796,DB00193,0
DB00320,DB12941,0
DB01079,DB06702,1
DB00888,DB11753,0
DB00201,DB01012,1
DB00779,DB09244,0
DB01058,DB04574,1
DB11614,DB04076,0
DB00608,DB00802,1
DB09073,DB01176,0
DB01075,DB06203,1
DB01223,DB08873,1
DB08502,DB00843,0
DB00395,DB00448,1
DB00185,DB00726,1
DB00334,DB08860,1
DB12513,DB00202,0
DB00697,DB00951,1
DB13174,DB09102,0
DB01028,DB00378,0
DB00734,DB00213,0
DB05239,DB11952,1
DB00553,DB01191,1
DB00184,DB04946,0
DB12371,DB12218,0
DB01028,DB11614,1
DB01131,DB11737,0
DB00924,DB11697,1
DB00818,DB06730,0
DB01012,DB01114,1
DB00617,DB01131,1
DB11619,DB01126,0
DB09229,DB00969,0
DB09054,DB12301,0
DB00448,DB11915,1
DB00396,DB01297,1
DB00495,DB00590,1
DB00779,DB00851,1
DB13878,DB08439,0
DB03010,DB08846,0
DB00316,DB01591,1
DB04946,DB00304,0
DB01192,DB08807,1
DB11952,DB12471,0
DB00220,DB00612,1
DB00753,DB08798,0
DB00518,DB01259,1
DB00530,DB01254,1
DB06148,DB12245,1
DB00983,DB06738,1
DB00425,DB01152,0
DB00932,DB01134,1
DB01268,DB06218,1
DB01611,DB02703,1
DB06693,DB01601,0
DB01009,DB11652,1
DB00918,DB09227,1
DB00425,DB00495,1
DB01544,DB00810,0
DB00469,DB11712,0
DB00586,DB11791,1
DB09229,DB00669,0
DB06741,DB00778,0
DB04835,DB11730,1
DB01035,DB09030,0
DB08901,DB00736,0
DB00846,DB04838,0
DB00675,DB09238,1
DB01222,DB01393,0
DB00599,DB06605,1
DB01319,DB00679,0
DB00642,DB00546,0
DB01357,DB00947,0
DB00608,DB01261,1
DB09054,DB00927,0
DB01245,DB00685,0
DB00731,DB04552,1
DB00699,DB00352,0
DB01029,DB09079,1
DB00334,DB00947,0
DB00277,DB01297,1
DB00813,DB01100,1
DB00783,DB04557,1
DB01195,DB04574,1
DB00621,DB08912,1
DB00412,DB00309,0
DB00817,DB00932,0
DB00629,DB01222,0
DB01369,DB01394,1
DB00255,DB07615,1
DB06741,DB00288,0
DB01297,DB11682,0
DB03515,DB01002,0
DB01054,DB00351,0
DB01591,DB00384,0
DB01536,DB12548,0
DB00532,DB08875,1
DB04889,DB11614,1
DB00224,DB05154,1
DB00753,DB12713,0
DB00316,DB00972,1
DB03756,DB11689,1
DB00334,DB01074,1
DB00590,DB12141,1
DB00177,DB00705,1
DB00374,DB00745,1
DB11575,DB00907,0
DB01095,DB01611,1
DB00268,DB00568,0
DB01217,DB01645,1
DB00952,DB06817,0
DB01410,DB05812,1
DB04552,DB00973,0
DB01069,DB04845,0
DB05885,DB00623,0
DB01200,DB09039,1
DB01072,DB09198,1
DB00787,DB05246,0
DB06730,DB00328,0
DB09288,DB13879,1
DB12301,DB12483,1
DB01418,DB03756,1
DB00932,DB05294,1
DB09183,DB00952,0
DB00764,DB01411,0
DB00685,DB11581,0
DB12020,DB05814,0
DB00945,DB11737,0
DB00568,DB00582,1
DB09296,DB00528,0
DB00983,DB11679,1
DB00501,DB08875,1
DB11942,DB00977,0
DB00714,DB01248,1
DB00559,DB01412,0
DB01068,DB09101,1
DB00969,DB11737,0
DB00317,DB04938,1
DB08895,DB11730,1
DB04794,DB06218,1
DB01295,DB11967,0
DB00714,DB06739,1
DB00243,DB06595,1
DB01238,DB01242,1
DB01232,DB00749,0
DB02789,DB00721,0
DB01177,DB01232,1
DB00356,DB11718,1
DB00806,DB04977,0
DB01410,DB06212,0
DB00518,DB01171,1
DB00570,DB00850,1
DB04908,DB00309,0
DB00694,DB09213,0
DB00696,DB00705,1
DB00439,DB00909,1
DB00860,DB06738,0
DB00946,DB09185,1
DB00736,DB00570,0
DB01131,DB13174,1
DB00455,DB04855,1
DB00501,DB00194,0
DB00227,DB00675,1
DB06726,DB09224,1
DB00574,DB00685,1
DB01409,DB00906,0
DB08865,DB00805,0
DB01095,DB06789,1
DB00176,DB00740,1
DB01166,DB01190,1
DB01621,DB01628,1
DB00674,DB01007,0
DB01117,DB00757,0
DB00484,DB05814,0
DB01248,DB06594,0
DB01075,DB03701,0
DB00969,DB01155,1
DB09291,DB04794,0
DB01297,DB06201,0
DB01412,DB00266,0
DB01131,DB01136,1
DB02703,DB11693,1
DB01191,DB11574,0
DB00490,DB00836,0
DB08931,DB01130,0
DB00454,DB08881,1
DB06287,DB06777,0
DB00440,DB04725,1
DB01406,DB12010,1
DB00668,DB01050,1
DB01069,DB08899,1
DB00784,DB06210,1
DB00412,DB06738,1
DB12457,DB09244,0
DB12319,DB04894,0
DB00787,DB13878,0
DB01580,DB09099,0
DB01200,DB01259,0
DB04356,DB04871,1
DB01536,DB00370,0
DB12130,DB13879,0
DB00904,DB01067,1
DB11995,DB09167,0
DB01072,DB06626,1
DB11995,DB12130,0
DB08903,DB06201,0
DB00304,DB00554,1
DB00169,DB00951,1
DB00730,DB01165,0
DB00608,DB06730,1
DB00738,DB09183,1
DB05990,DB00347,0
DB11796,DB01214,0
DB00494,DB04920,1
DB04889,DB00173,0
DB05885,DB04839,0
DB01191,DB12713,0
DB00589,DB01096,1
DB00205,DB01050,1
DB00694,DB04911,0
DB00554,DB01232,1
DB01222,DB00422,0
DB00240,DB00619,0
DB00907,DB01095,1
DB00563,DB00862,0
DB01303,DB09128,0
DB00224,DB09017,1
DB01136,DB01152,0
DB00220,DB04828,1
DB11943,DB00184,0
DB00187,DB11737,0
DB01076,DB02134,0
DB00622,DB01222,1
DB01233,DB01590,1
DB01338,DB11796,0
DB12483,DB00216,0
DB00263,DB12245,1
DB04856,DB05541,1
DB12693,DB09054,0
DB00699,DB00757,1
DB04844,DB01009,0
DB00216,DB01369,0
DB00912,DB00327,0
DB00213,DB05154,0
DB00776,DB04725,0
DB11952,DB00490,0
DB06636,DB11560,1
DB00208,DB01590,1
DB00315,DB01036,0
DB00946,DB01036,1
DB00494,DB09198,0
DB01394,DB08873,1
DB00204,DB08865,1
DB01191,DB08901,1
DB01094,DB09143,0
DB08903,DB12941,0
DB01029,DB01036,1
DB00712,DB00714,0
DB00745,DB03783,1
DB01054,DB04845,0
DB00382,DB00669,0
DB00586,DB09166,0
DB04725,DB11718,1
DB00896,DB04665,0
DB00468,DB00586,1
DB00758,DB09273,1
DB01059,DB09039,1
DB01198,DB11691,0
DB00608,DB09053,1
DB11689,DB12543,0
DB02703,DB08901,1
DB01667,DB00914,0
DB00294,DB04896,1
DB00370,DB01131,1
DB01032,DB09166,0
DB00343,DB00843,1
DB00574,DB09198,1
DB00187,DB12245,1
DB00215,DB01297,1
DB08933,DB00193,0
DB00655,DB11796,0
DB00946,DB01217,1
DB09229,DB06678,0
DB12371,DB00233,0
DB01210,DB09030,0
DB00796,DB06729,1
DB00216,DB11581,1
DB12483,DB01245,0
DB00531,DB11614,1
DB01097,DB04856,1
DB08933,DB00384,0
DB00454,DB11796,0
DB00627,DB09071,1
DB01359,DB01208,0
DB12130,DB01191,0
DB00476,DB11672,1
DB00593,DB08864,1
DB00586,DB00851,1
DB00361,DB01242,1
DB00668,DB09017,0
DB00471,DB03756,1
DB04839,DB01096,0
DB01048,DB06739,0
DB00738,DB05812,1
DB04846,DB12693,1
DB06595,DB06605,1
DB08816,DB08798,0
DB00365,DB04896,1
DB00582,DB01201,1
DB00248,DB00343,1
DB00233,DB06712,0
DB12329,DB00501,0
DB00675,DB09034,1
DB01396,DB01168,0
DB00622,DB00706,1
DB00668,DB01238,1
DB00699,DB01131,1
DB01039,DB12371,1
DB01136,DB00240,0
DB00661,DB06777,1
DB00471,DB01576,0
DB00574,DB04652,0
DB05294,DB08933,0
DB01039,DB01177,1
DB00195,DB03783,1
DB05708,DB00836,0
DB13158,DB00270,0
DB05109,DB00244,0
DB00586,DB00546,0
DB09288,DB09290,1
DB00401,DB06595,1
DB01087,DB12548,1
DB00668,DB06237,1
DB00621,DB11995,1
DB06803,DB00776,0
DB00379,DB00422,0
DB13158,DB00714,0
DB01708,DB00685,0
DB00518,DB05294,1
DB06401,DB04832,0
DB01263,DB01667,0
DB08880,DB00557,0
DB00499,DB00956,0
DB01062,DB01359,1
DB00679,DB11967,0
DB00185,DB01028,1
DB09054,DB13174,0
DB04920,DB01411,0
DB04630,DB00555,0
DB09128,DB12548,0
DB12471,DB01131,0
DB00730,DB00817,1
DB06412,DB12218,0
DB01217,DB01155,0
DB09099,DB00668,0
DB06412,DB08873,0
DB06595,DB07615,1
DB09330,DB00617,0
DB01238,DB09245,1
DB00209,DB08811,0
DB00185,DB01131,1
DB01100,DB00896,0
DB00401,DB11828,0
DB12020,DB02703,0
DB00213,DB09238,1
DB01412,DB11791,1
DB00486,DB08798,1
DB00283,DB00482,1
DB00982,DB09185,1
DB00792,DB01104,1
DB01411,DB04725,1
DB01601,DB05039,1
DB00700,DB01248,1
DB00642,DB11837,1
DB00315,DB01165,1
DB01405,DB04356,1
DB04828,DB06756,0
DB00952,DB01590,0
DB00704,DB00533,0
DB00574,DB08798,0
DB00185,DB09061,1
DB00539,DB00553,0
DB00580,DB08860,1
DB01268,DB11691,0
DB00697,DB00839,0
DB12278,DB00570,0
DB00590,DB09054,1
DB00263,DB01191,0
DB01601,DB12483,1
DB00309,DB00843,0
DB00983,DB11951,0
DB00814,DB00932,1
DB00163,DB00205,0
DB06268,DB00982,0
DB00663,DB00851,0
DB06228,DB00927,0
DB08910,DB04846,0
DB00818,DB08816,1
DB00304,DB00327,1
DB06218,DB09048,1
DB00924,DB01406,1
DB01384,DB00288,0
DB00238,DB12874,1
DB00843,DB01166,1
DB08827,DB09167,0
DB01611,DB05990,0
DB00557,DB00914,1
DB09099,DB12267,1
DB00993,DB12141,0
DB09090,DB11942,0
DB01100,DB01131,1
DB06777,DB03756,0
DB00696,DB01544,1
DB09232,DB00949,0
DB12466,DB01253,0
DB00779,DB09071,1
DB00186,DB13179,1
DB00205,DB08864,0
DB00465,DB09061,1
DB09232,DB08922,0
DB00675,DB00233,0
DB05219,DB00238,0
DB00836,DB00988,0
DB00176,DB09239,1
DB00324,DB01764,0
DB04794,DB00365,0
DB00834,DB00969,1
DB01069,DB06739,1
DB00163,DB04835,0
DB01175,DB01190,0
DB00669,DB00487,0
DB00694,DB09039,1
DB09232,DB00636,0
DB11886,DB06292,0
DB00352,DB00936,1
DB00250,DB06594,1
DB04855,DB08895,1
DB00448,DB12466,1
DB00532,DB12332,1
DB12513,DB09274,0
DB01193,DB01130,0
DB00412,DB01058,0
DB00531,DB00956,1
DB00863,DB00918,1
DB04840,DB09195,1
DB01359,DB12332,1
DB00227,DB01588,1
DB05219,DB00177,0
DB03756,DB01079,0
DB00738,DB04216,1
DB01392,DB00764,0
DB00205,DB00495,1
DB00818,DB01138,1
DB00554,DB06730,0
DB00571,DB09102,1
DB00872,DB01583,1
DB04630,DB06595,1
DB12483,DB01104,0
DB00554,DB04574,1
DB01183,DB06210,1
DB00976,DB00414,0
DB00932,DB01472,1
DB09232,DB00636,0
DB01076,DB12332,1
DB06412,DB06781,0
DB06595,DB00409,0
DB06077,DB00243,0
DB00621,DB11614,1
DB04856,DB00330,0
DB00949,DB01026,1
DB11691,DB00205,0
DB00501,DB11963,1
DB00250,DB00932,1
DB01645,DB00118,0
DB00721,DB03701,0
DB11560,DB01232,0
DB12218,DB00952,0
DB00176,DB01645,1
DB08901,DB11652,1
DB00586,DB11581,1
DB06218,DB12978,1
DB09237,DB00173,0
DB00663,DB11796,0
DB08896,DB11952,1
DB01873,DB11952,1
DB01079,DB00841,0
DB01029,DB11952,1
DB06203,DB00455,0
DB00396,DB04557,1
DB00439,DB08439,1
DB00169,DB00377,1
DB00394,DB09013,0
DB01086,DB02703,1
DB04840,DB08820,0
DB01165,DB09079,0
DB01394,DB06077,0
DB01708,DB00932,0
DB06789,DB12548,0
DB00656,DB01190,1
DB12874,DB05109,0
DB00779,DB04889,1
DB01198,DB01012,0
DB00877,DB00749,0
DB04896,DB11837,1
DB06512,DB01183,0
DB01621,DB09227,1
DB00737,DB01131,1
DB09232,DB08922,0
DB00227,DB00864,1
DB01238,DB08865,1
DB00615,DB06636,1
DB04845,DB00586,0
DB00872,DB00475,0
DB06210,DB04846,0
DB00851,DB11967,1
DB05812,DB08882,1
DB04938,DB13158,0
DB00334,DB00503,1
DB04216,DB06691,0
DB01232,DB01002,0
DB09327,DB00224,0
DB00530,DB08502,1
DB01132,DB01320,1
DB00557,DB12329,0
DB09079,DB01708,0
DB00714,DB08820,1
DB00381,DB00617,1
DB08903,DB06287,0
DB01177,DB00228,0
DB00588,DB00714,1
DB01087,DB11952,1
DB00661,DB09173,1
DB06693,DB06730,0
DB00499,DB01355,0
DB00202,DB00358,1
DB00439,DB09128,1
DB01067,DB13174,1
DB00539,DB00617,0
DB08933,DB12026,0
DB00629,DB09061,1
DB01406,DB03701,1
DB11718,DB09245,0
DB06729,DB00773,0
DB01065,DB03515,0
DB01576,DB06287,1
DB00263,DB09061,1
DB01072,DB04920,1
DB01764,DB00486,0
DB06741,DB00927,0
DB13874,DB00687,0
DB01142,DB04920,1
DB00184,DB00857,0
DB00361,DB01210,0
DB00356,DB00361,1
DB00694,DB08807,0
DB00590,DB00205,0
DB01319,DB12457,0
DB01097,DB09090,0
DB09128,DB11672,1
DB06777,DB00486,0
DB04825,DB00655,0
DB00934,DB01295,1
DB00307,DB01104,1
DB04957,DB08798,0
DB00909,DB01026,1
DB00978,DB00988,0
DB00496,DB01359,1
DB01166,DB01233,1
DB04828,DB00896,0
DB01098,DB01275,1
DB00186,DB01087,1
DB08827,DB00297,0
DB01096,DB00244,0
DB00586,DB00924,1
DB00946,DB01069,1
DB00675,DB04861,1
DB00598,DB11672,1
DB04938,DB00704,0
DB06335,DB09053,1
DB00394,DB00918,0
DB00180,DB06595,1
DB00783,DB01008,0
DB00205,DB11574,0
DB00951,DB12329,1
DB00187,DB12005,1
DB00208,DB08865,0
DB00779,DB01094,1
DB11901,DB06594,0
DB00857,DB12693,0
DB01117,DB01544,1
DB00574,DB09054,0
DB02187,DB01253,0
DB00194,DB09128,0
DB11737,DB08846,0
DB00947,DB00904,0
DB00495,DB08875,1
DB00674,DB01096,1
DB12235,DB11915,0
DB00188,DB00730,1
DB01114,DB00814,0
DB00805,DB13874,1
DB04975,DB00434,0
DB00468,DB04828,0
DB00177,DB04898,1
DB00907,DB01195,1
DB09083,DB01587,0
DB01118,DB09048,1
DB00530,DB09232,0
DB01211,DB01009,0
DB00820,DB01086,0
DB01100,DB09128,1
DB11915,DB12874,1
DB01165,DB06267,0
DB01195,DB11753,1
DB00169,DB01062,0
DB11693,DB08798,0
DB01580,DB06817,0
DB12887,DB01002,0
DB01355,DB04725,1
DB01152,DB04070,0
DB01274,DB04725,1
DB00730,DB01166,1
DB00851,DB01103,0
DB06292,DB11574,0
DB00489,DB01181,0
DB00163,DB00608,0
DB00530,DB12301,1
DB00455,DB12674,0
DB00983,DB01611,1
DB00850,DB01254,1
DB08816,DB12301,1
DB04840,DB00273,0
DB11712,DB01708,0
DB00533,DB06414,1
DB01208,DB00264,0
DB00590,DB01544,1
DB09053,DB11757,1
DB00679,DB01580,1
DB01103,DB04557,0
DB00381,DB01137,0
DB00224,DB11619,1
DB01177,DB08896,1
DB00176,DB00849,1
DB00968,DB00455,0
DB00396,DB11837,1
DB00215,DB04574,1
DB01118,DB02187,1
DB12483,DB01223,0
DB04856,DB07615,1
DB04846,DB08873,0
DB00307,DB00482,1
DB06201,DB06203,0
DB00234,DB00277,1
DB06212,DB00677,0
DB00908,DB01242,1
DB00737,DB12010,0
DB01075,DB09291,1
DB13919,DB00570,0
DB00591,DB12582,0
DB00289,DB02703,1
DB01072,DB01544,1
DB12001,DB00377,0
DB00695,DB06693,0
DB00615,DB12329,0
DB00818,DB00169,0
DB00213,DB06626,1
DB00862,DB03783,1
DB00443,DB11672,1
DB01409,DB09224,1
DB12026,DB01048,0
DB00904,DB04861,1
DB00434,DB11652,0
DB01039,DB03783,1
DB01086,DB06603,1
DB01173,DB00621,0
DB01072,DB11757,1
DB06203,DB13874,1
DB04841,DB04572,0
DB00208,DB12471,0
DB04871,DB08873,1
DB09039,DB00663,0
DB09232,DB01044,0
DB01067,DB00888,0
DB00361,DB11672,1
DB00234,DB01295,1
DB01392,DB05154,0
DB01168,DB04908,1
DB03701,DB00753,0
DB00335,DB01012,1
DB00726,DB01036,1
DB00188,DB04938,1
DB09245,DB04839,0
DB01656,DB00711,0
DB00580,DB09079,0
DB06207,DB01104,0
DB12597,DB00699,0
DB00704,DB12457,0
DB00907,DB01411,0
DB05219,DB08899,0
DB00324,DB00205,0
DB00444,DB00932,1
DB06414,DB13783,0
DB00213,DB05271,0
DB00568,DB04884,1
DB01171,DB04216,1
DB08893,DB06730,0
DB00209,DB00699,1
DB00322,DB04841,1
DB03515,DB05814,0
DB01039,DB01624,1
DB00591,DB01028,0
DB00475,DB05109,0
DB00234,DB04725,0
DB00582,DB08901,1
DB04825,DB00337,0
DB00694,DB00388,0
DB00818,DB12887,1
DB00469,DB01095,1
DB00982,DB12010,0
DB00444,DB00377,0
DB01355,DB08903,0
DB00309,DB00323,0
DB01228,DB00382,0
DB00862,DB00924,0
DB01047,DB06712,1
DB00642,DB01195,1
DB01026,DB02703,1
DB09143,DB00787,0
DB04889,DB01384,0
DB09063,DB12141,1
DB00273,DB11689,1
DB01041,DB09213,1
DB00976,DB07615,1
DB00627,DB01708,0
DB00238,DB00721,0
DB01645,DB04840,0
DB00317,DB09227,1
DB00608,DB01028,1
DB01355,DB11718,1
DB13174,DB00622,0
DB00394,DB06268,0
DB00330,DB00543,1
DB11751,DB09083,0
DB01190,DB03756,0
DB09101,DB00330,0
DB01117,DB01274,1
DB00857,DB13874,1
DB05294,DB00711,0
DB00214,DB00322,1
DB00945,DB01195,1
DB01224,DB12483,1
DB00439,DB12582,0
DB00865,DB01232,1
DB12141,DB00250,0
DB01595,DB00663,0
DB00977,DB12245,1
DB01303,DB11943,1
DB09223,DB11697,0
DB00675,DB11952,1
DB01645,DB01069,0
DB01409,DB06712,1
DB00960,DB04894,0
DB12001,DB00327,0
DB00477,DB01069,1
DB11689,DB11837,1
DB01097,DB12301,0
DB00356,DB01628,1
DB05154,DB06678,0
DB12184,DB08907,0
DB00465,DB00508,0
DB00806,DB00283,0
DB04356,DB11796,0
DB00377,DB00679,1
DB00316,DB02489,1
DB00307,DB09061,1
DB01176,DB09288,1
DB00677,DB09229,0
DB01544,DB03783,1
DB00872,DB01191,0
DB00439,DB06712,1
DB00304,DB00927,0
DB00906,DB06210,1
DB01079,DB01224,1
DB00396,DB01242,1
DB00194,DB00819,0
DB00724,DB09224,0
DB01233,DB04889,1
DB00283,DB09183,1
DB05219,DB00543,0
DB04572,DB09017,0
DB00201,DB00422,0
DB04552,DB06741,1
DB09013,DB00752,0
DB00384,DB00827,1
DB00356,DB00679,1
DB00711,DB00998,0
DB01065,DB00187,0
DB00575,DB11575,0
DB12301,DB02709,0
DB00467,DB03783,1
DB11995,DB09223,0
DB00499,DB08846,0
DB00508,DB04898,0
DB06237,DB06725,1
DB06268,DB06636,1
DB03783,DB11652,1
DB00208,DB00191,0
DB06636,DB06712,1
DB01029,DB01621,0
DB00598,DB03783,1
DB01472,DB06603,1
DB00499,DB00904,1
DB00250,DB11951,1
DB00379,DB00758,1
DB00627,DB00711,0
DB01263,DB01418,1
DB11817,DB00508,0
DB00255,DB05219,0
DB01591,DB06603,1
DB06712,DB09185,1
DB12674,DB09290,0
DB00503,DB04552,0
DB01405,DB00546,0
DB00476,DB01621,1
DB04557,DB08798,1
DB08873,DB00395,0
DB00176,DB02134,1
DB06401,DB11828,0
DB00233,DB09274,0
DB09054,DB00799,0
DB00976,DB01198,1
DB00636,DB00475,0
DB06702,DB06726,1
DB01138,DB04946,0
DB00333,DB09183,1
DB00277,DB00471,1
DB01357,DB08865,1
DB12457,DB09224,0
DB06228,DB01086,0
DB01601,DB12457,1
DB06636,DB09128,1
DB04839,DB08860,0
DB01264,DB01591,1
DB08903,DB01558,0
DB00530,DB04829,1
DB00744,DB01173,1
DB00409,DB05814,0
DB01065,DB00674,0
DB01544,DB12130,1
DB09274,DB00486,0
DB00177,DB00977,1
DB01319,DB06595,1
DB00909,DB01268,1
DB00250,DB00731,1
DB04920,DB06414,1
DB01248,DB00947,0
DB13878,DB00914,0
DB00472,DB00872,1
DB00661,DB11823,1
DB00327,DB01098,1
DB01411,DB04832,1
DB01117,DB01167,1
DB00622,DB01259,1
DB01026,DB08910,1
DB00945,DB08798,1
DB00554,DB11614,1
DB00687,DB01406,1
DB00471,DB11886,0
DB01167,DB11796,1
DB00589,DB09054,0
DB00343,DB13919,1
DB06789,DB11581,1
DB00877,DB06595,1
DB00448,DB01198,1
DB00220,DB00969,1
DB00745,DB01059,0
DB00910,DB02703,1
DB01131,DB12978,0
DB00214,DB00857,1
DB00238,DB04856,1
DB00312,DB01217,0
DB00831,DB09063,0
DB00806,DB00972,1
DB06401,DB12010,1
DB09297,DB01412,0
DB00806,DB01012,1
DB00191,DB08868,0
DB01357,DB01086,0
DB00448,DB13174,1
DB00700,DB08882,1
DB03010,DB01233,0
DB00213,DB01411,0
DB01211,DB07615,1
DB12597,DB01117,0
DB09079,DB00912,0
DB08896,DB00608,0
DB13179,DB00655,0
DB01601,DB06702,1
DB11619,DB12319,0
DB04884,DB11730,1
DB06218,DB11652,1
DB00580,DB09101,1
DB02703,DB00202,0
DB08804,DB00484,0
DB00841,DB11757,0
DB12218,DB01177,0
DB00949,DB01036,1
DB01095,DB01174,1
DB05885,DB04908,0
DB00615,DB00484,0
DB00912,DB01050,1
DB01624,DB06203,1
DB04665,DB01065,0
DB00959,DB00395,0
DB01131,DB11967,0
DB00557,DB05109,1
DB05708,DB09013,0
DB01369,DB01138,0
DB09049,DB00687,0
DB09099,DB00914,0
DB00440,DB00590,1
DB00187,DB00333,1
DB00224,DB06419,1
DB11791,DB00187,0
DB00193,DB00661,1
DB00669,DB04845,0
DB09079,DB12887,1
DB00487,DB01576,0
DB11751,DB01590,0
DB00839,DB00949,1
DB00615,DB04854,0
DB00288,DB00358,0
DB09223,DB11614,0
DB00872,DB00946,1
DB12466,DB00264,0
DB00818,DB11943,1
DB11886,DB11963,1
DB12471,DB00187,0
DB06595,DB12332,1
DB00263,DB00784,1
DB09273,DB12513,0
DB13174,DB04794,0
DB06412,DB01201,0
DB01130,DB12371,0
DB01026,DB09061,1
DB00477,DB00792,1
DB00806,DB01873,1
DB04861,DB06636,1
DB00253,DB00927,0
DB00570,DB00934,1
DB03575,DB01263,0
DB11586,DB00724,0
DB05814,DB00783,0
DB12329,DB00555,0
DB01394,DB04894,1
DB00288,DB01193,0
DB01094,DB09143,0
DB00787,DB01211,0
DB00998,DB01254,1
DB00224,DB01074,1
DB01211,DB06626,1
DB01295,DB12301,0
DB00176,DB11560,1
DB00409,DB06702,1
DB00622,DB04845,1
DB00753,DB09327,0
DB01087,DB09195,1
DB03010,DB09053,1
DB01624,DB09039,1
DB00779,DB00831,1
DB00176,DB09101,1
DB06741,DB00347,0
DB00669,DB01472,1
DB12026,DB11614,0
DB12301,DB00414,0
DB00757,DB01118,1
DB00568,DB00627,1
DB00382,DB00819,0
DB04832,DB12245,1
DB00546,DB02703,1
DB00936,DB11791,0
DB08895,DB09124,0
DB00904,DB11689,1
DB04216,DB09213,1
DB00499,DB06210,1
DB00897,DB05708,0
DB12471,DB00104,0
DB00619,DB02134,1
DB01388,DB13158,0
DB01611,DB12235,0
DB00553,DB01536,0
DB01026,DB06148,1
DB00395,DB12597,1
DB01183,DB01380,0
DB06712,DB09297,1
DB00580,DB00545,0
DB01263,DB11942,1
DB04975,DB08931,0
DB04908,DB09048,1
DB00163,DB00951,1
DB01118,DB11575,1
DB01171,DB08881,1
DB00784,DB12329,0
DB06212,DB00337,0
DB00877,DB01198,0
DB02489,DB03010,1
DB01087,DB08865,1
DB04856,DB00685,0
DB06781,DB00675,0
DB00209,DB12235,0
DB00622,DB00850,1
DB04911,DB11614,1
DB04977,DB01254,0
DB00896,DB01035,0
DB09090,DB01472,0
DB09166,DB00324,0
DB00307,DB00969,1
DB06774,DB01018,0
DB00489,DB01409,1
DB00448,DB01086,1
DB00412,DB00248,0
DB00601,DB03010,0
DB00195,DB01645,1
DB00195,DB06512,1
DB01609,DB11693,0
DB06730,DB08865,1
DB00736,DB02134,0
DB08867,DB00353,0
DB09555,DB00554,0
DB05109,DB09224,1
DB06152,DB00180,0
DB00679,DB08804,0
DB00330,DB09030,1
DB00863,DB06739,0
DB00396,DB00353,0
DB00914,DB04911,1
DB09053,DB00553,0
DB00914,DB09213,0
DB08901,DB12483,1
DB01142,DB08860,1
DB00553,DB01223,1
DB01587,DB09079,1
DB00334,DB12301,0
DB09017,DB01074,0
DB09079,DB08933,0
DB06729,DB11979,1
DB06152,DB00545,0
DB00947,DB11574,0
DB00850,DB04835,0
DB04920,DB12548,0
DB09124,DB09296,0
DB01411,DB00910,0
DB00455,DB08882,1
DB09297,DB04844,0
DB00545,DB09065,0
DB01873,DB00734,0
DB05271,DB09291,1
DB00316,DB08931,0
DB00663,DB00678,0
DB11828,DB05271,0
DB00724,DB08816,0
DB00951,DB01406,0
DB05814,DB06401,0
DB00288,DB12332,0
DB09079,DB09299,1
DB01114,DB08807,1
DB01152,DB05039,0
DB08893,DB00959,0
DB00674,DB09065,1
DB12471,DB03756,0
DB08502,DB00356,0
DB01014,DB05814,0
DB00851,DB01155,1
DB12941,DB04838,0
DB00238,DB00866,1
DB00414,DB01338,0
DB01242,DB00621,0
DB01103,DB12267,0
DB00316,DB01195,1
DB06700,DB08867,1
DB06210,DB09049,0
DB00384,DB01094,1
DB06781,DB01152,0
DB00706,DB01242,1
DB01086,DB01264,1
DB01134,DB04977,0
DB00335,DB09061,1
DB00549,DB09216,0
DB00737,DB11837,1
DB00367,DB03515,0
DB06678,DB11915,1
DB09239,DB00532,0
DB00936,DB01039,1
DB13783,DB00396,0
DB09124,DB00402,0
DB01012,DB00347,0
DB08881,DB09204,1
DB06335,DB06712,1
DB07615,DB13158,0
DB00787,DB00818,0
DB01536,DB00204,0
DB00476,DB01138,1
DB00843,DB11586,1
DB00857,DB09167,1
DB00227,DB00717,1
DB00193,DB00277,1
DB06756,DB00220,0
DB00668,DB00794,1
DB00499,DB12184,0
DB00976,DB11672,1
DB00533,DB00568,1
DB08804,DB08922,0
DB01195,DB09204,1
DB00177,DB00238,1
DB04825,DB06700,1
DB12978,DB06726,0
DB00776,DB03783,0
DB06401,DB12020,0
DB00546,DB00621,0
DB00936,DB06693,0
DB00697,DB00973,0
DB00220,DB00982,1
DB00454,DB09227,1
DB01191,DB01167,0
DB01394,DB04665,0
DB00737,DB00759,0
DB01588,DB00487,0
DB00315,DB06210,1
DB01406,DB04861,1
DB01227,DB08873,1
DB00412,DB00758,1
DB00904,DB06335,1
DB01275,DB12887,1
DB06741,DB00998,0
DB00118,DB00628,0
DB00224,DB01192,1
DB00489,DB06789,0
DB06725,DB09013,0
DB00559,DB00273,0
DB01201,DB05814,0
DB04977,DB13158,0
DB08827,DB00598,0
DB06693,DB01764,0
DB00857,DB05271,1
DB00810,DB01210,0
DB00240,DB00843,0
DB00422,DB00724,0
DB00590,DB11855,1
DB00706,DB11652,1
DB00976,DB09143,1
DB00205,DB11978,1
DB06741,DB06267,0
DB00335,DB11614,1
DB00227,DB00787,0
DB11586,DB00527,0
DB00439,DB06726,1
DB00208,DB00730,1
DB00215,DB09274,0
DB03701,DB09101,1
DB09183,DB11682,1
DB00191,DB11581,1
DB00982,DB01396,0
DB00240,DB06741,0
DB00335,DB00425,1
DB00330,DB01590,1
DB01234,DB06729,0
DB00563,DB09238,1
DB06777,DB00528,0
DB00687,DB06712,1
DB00714,DB04725,1
DB00845,DB01193,0
DB01152,DB00711,0
DB00234,DB00799,0
DB00250,DB11942,0
DB00445,DB00440,0
DB00621,DB04975,0
DB00412,DB00799,1
DB00307,DB00414,1
DB01036,DB01097,1
DB00620,DB04832,1
DB06412,DB09238,0
DB00243,DB06738,0
DB01012,DB01058,1
DB01195,DB04889,1
DB04557,DB12513,0
DB00580,DB01177,1
DB00998,DB00351,0
DB09330,DB01035,0
DB11679,DB04076,0
DB00744,DB09273,1
DB00531,DB00191,0
DB01176,DB00706,0
DB00977,DB06730,0
DB00914,DB00762,0
DB01076,DB12693,0
DB04975,DB00683,0
DB00425,DB00608,1
DB04794,DB09185,0
DB01238,DB12483,1
DB00266,DB11679,1
DB01645,DB02134,1
DB11855,DB01588,0
DB06691,DB12267,0
DB00270,DB00508,0
DB01233,DB01628,1
DB01138,DB00370,0
DB01103,DB01167,1
DB00851,DB00508,0
DB00482,DB12267,1
DB06803,DB11791,0
DB11737,DB04839,0
DB00787,DB08811,0
DB00717,DB06267,1
DB04825,DB00615,0
DB00951,DB03756,1
DB01117,DB06700,1
DB00976,DB11737,1
DB00924,DB06412,0
DB00582,DB01136,1
DB09198,DB09079,0
DB01129,DB00163,0
DB00736,DB01384,0
DB04832,DB01177,0
DB06210,DB01227,0
DB04975,DB00841,0
DB06152,DB08882,1
DB06201,DB00788,0
DB01409,DB08864,1
DB09299,DB00907,0
DB00580,DB00455,0
DB01198,DB09296,1
DB08893,DB00531,0
DB00678,DB06700,1
DB00365,DB01191,1
DB01588,DB06730,0
DB01104,DB00445,0
DB00334,DB06803,1
DB06789,DB12184,0
DB04665,DB11574,0
DB04894,DB04216,0
DB00486,DB00806,0
DB00700,DB11967,0
DB01104,DB12371,1
DB11718,DB13919,1
DB00762,DB11652,1
DB05990,DB00173,0
DB00865,DB00608,0
DB00863,DB00163,0
DB00528,DB00846,0
DB08918,DB12147,0
DB01117,DB06803,1
DB00499,DB04216,1
DB00656,DB00288,0
DB00381,DB09065,1
DB01410,DB11979,1
DB06267,DB00240,0
DB00347,DB08860,1
DB00489,DB04975,0
DB08868,DB09290,0
DB03496,DB00695,0
DB06774,DB01621,0
DB06414,DB01054,0
DB08798,DB00392,0
DB08827,DB00817,0
DB00857,DB05541,1
DB06077,DB08903,0
DB04838,DB00394,0
DB00850,DB01591,1
DB05541,DB13179,1
DB01012,DB01129,0
DB01405,DB00402,0
DB04356,DB06203,0
DB00396,DB04889,1
DB03515,DB11679,0
DB09124,DB00216,0
DB00315,DB04572,0
DB00862,DB01181,1
DB00118,DB11614,0
DB00277,DB00315,1
DB00409,DB01155,0
DB00927,DB01002,1
DB12713,DB04844,0
DB05814,DB01173,0
DB00730,DB12184,0
DB00736,DB09048,1
DB09297,DB01165,0
DB00468,DB01195,1
DB00414,DB05812,0
DB00238,DB00907,1
DB00590,DB01095,1
DB00627,DB01624,1
DB01238,DB01367,1
DB04725,DB05812,1
DB00724,DB02703,0
DB06741,DB04845,0
DB00395,DB00530,0
DB01138,DB05541,1
DB00724,DB09054,0
DB09101,DB09183,1
DB00933,DB11753,0
DB00289,DB00532,1
DB08811,DB00976,0
DB00328,DB09017,0
DB08816,DB06729,0
DB08903,DB11837,0
DB01261,DB11672,1
DB11979,DB06741,0
DB00949,DB00384,0
DB06212,DB08865,1
DB06693,DB00745,0
DB01012,DB00486,0
DB00661,DB04572,1
DB06403,DB00947,0
DB00185,DB00448,1
DB08865,DB08931,1
DB00623,DB00912,0
DB00496,DB13179,1
DB00382,DB00788,1
DB01067,DB11730,0
DB00863,DB04840,1
DB04894,DB08877,1
DB06412,DB01045,0
DB04794,DB00448,0
DB06726,DB00663,0
DB01224,DB03496,0
DB00685,DB02134,1
DB01194,DB00255,0
DB06228,DB11581,1
DB00574,DB04846,1
DB00180,DB08798,0
DB00401,DB00907,0
DB09054,DB04898,0
DB12674,DB00530,0
DB11718,DB00952,0
DB00367,DB00528,1
DB00629,DB01012,1
DB13879,DB04898,0
DB08868,DB00194,0
DB01208,DB01138,0
DB00501,DB01069,1
DB00554,DB01118,1
DB05814,DB09555,0
DB00208,DB12597,1
DB01079,DB01192,1
DB12218,DB01708,0
DB01211,DB01406,1
DB11757,DB11837,1
DB08867,DB06403,0
DB04856,DB04829,0
DB00199,DB01406,1
DB01138,DB01544,1
DB04854,DB00440,0
DB01065,DB05708,1
DB01263,DB04839,1
DB00468,DB00696,1
DB06725,DB08864,1
DB00289,DB01195,1
DB00468,DB05109,1
DB00169,DB01195,1
DB09290,DB01054,0
DB04725,DB09083,0
DB01117,DB08846,0
DB00204,DB02187,0
DB06267,DB08873,1
DB11978,DB07615,0
DB04840,DB09061,1
DB00947,DB06626,0
DB00927,DB06414,0
DB00317,DB01012,1
DB03756,DB00353,0
DB06419,DB01059,0
DB00335,DB09123,0
DB00486,DB08867,0
DB00501,DB01058,1
DB01183,DB01392,0
DB12001,DB04946,0
DB06725,DB12597,1
DB08860,DB04829,0
DB01191,DB09224,1
DB00468,DB08808,1
DB00813,DB01764,0
DB06218,DB12483,1
DB00628,DB01601,1
DB00250,DB11574,1
DB00778,DB01223,1
DB00593,DB05812,0
DB00163,DB09061,0
DB01097,DB08875,1
DB11679,DB04356,0
DB09099,DB01645,0
DB01190,DB01050,0
DB00705,DB09198,1
DB11979,DB11823,0
DB04794,DB00374,0
DB00711,DB12978,0
DB00621,DB01181,1
DB01076,DB01268,1
DB01173,DB12130,0
DB04794,DB09299,1
DB00934,DB00951,1
DB00304,DB09073,0
DB00784,DB04871,1
DB01191,DB01590,1
DB01191,DB09225,1
DB00361,DB06725,0
DB00910,DB01167,1
DB13783,DB11967,0
DB00891,DB01072,1
DB00476,DB01411,1
DB00749,DB00857,1
DB00532,DB02709,0
DB06267,DB11672,1
DB00486,DB08995,1
DB01026,DB04825,1
DB00810,DB00936,0
DB00675,DB03575,1
DB00184,DB00982,0
DB06267,DB08901,1
DB01873,DB01221,0
DB00531,DB01411,1
DB01577,DB12245,1
DB01624,DB08877,1
DB01013,DB01394,0
DB06756,DB09244,0
DB06268,DB00850,0
DB00679,DB04835,0
DB00839,DB09013,0
DB12218,DB01409,0
DB00327,DB11757,1
DB01628,DB00193,0
DB04957,DB00663,0
DB12612,DB04908,0
DB11951,DB11886,0
DB00568,DB01044,1
DB00401,DB11712,1
DB01264,DB01621,1
DB06654,DB00927,0
DB00779,DB00636,0
DB01388,DB04856,1
DB01041,DB08860,1
DB01252,DB09053,0
DB00792,DB00960,1
DB00243,DB00194,0
DB00778,DB06626,1
DB01062,DB04920,1
DB04854,DB12713,0
DB00863,DB00933,1
DB00636,DB01167,1
DB00841,DB00888,0
DB00661,DB06730,1
DB09389,DB00184,0
DB00412,DB09185,1
DB05294,DB00528,0
DB03575,DB00627,0
DB00910,DB00243,0
DB01406,DB06419,1
DB11757,DB12332,1
DB00857,DB06292,0
DB00361,DB01233,1
DB08846,DB09099,0
DB00264,DB00557,1
DB01132,DB12471,0
DB06678,DB09173,1
DB04557,DB09198,1
DB00467,DB00244,0
DB09238,DB00927,0
DB01050,DB01418,1
DB00477,DB01074,1
DB01254,DB09065,1
DB00374,DB01357,1
DB00896,DB00216,0
DB00440,DB06218,1
DB01685,DB12548,0
DB01131,DB01297,1
DB01406,DB06730,1
DB01233,DB09065,1
DB01221,DB01601,1
DB00674,DB06603,1
DB04842,DB09185,1
DB00533,DB00951,1
DB01096,DB01576,1
DB00787,DB00907,0
DB11942,DB11886,0
DB01576,DB09291,1
DB00347,DB13874,1
DB00401,DB01076,1
DB01072,DB13174,1
DB00714,DB01009,1
DB00851,DB01190,0
DB00173,DB00951,0
DB00988,DB04832,1
DB01708,DB04884,0
DB00468,DB00788,1
DB00906,DB01410,0
DB00897,DB01012,0
DB00455,DB01588,0
DB00309,DB13783,0
DB00184,DB06701,0
DB09232,DB11574,0
DB08882,DB09166,1
DB09389,DB00191,0
DB00603,DB08502,1
DB00787,DB11967,1
DB00530,DB00805,1
DB00356,DB00571,1
DB00672,DB01097,1
DB00377,DB01054,0
DB00288,DB01130,0
DB00861,DB00891,0
DB06803,DB00527,0
DB01580,DB09389,0
DB00264,DB01234,0
DB00349,DB01601,1
DB00253,DB00788,0
DB01559,DB04070,0
DB00238,DB00757,1
DB00674,DB00546,0
DB02703,DB01275,0
DB00177,DB00726,1
DB08933,DB09224,0
DB01261,DB00724,0
DB00377,DB11581,1
DB06701,DB00455,0
DB04911,DB06739,1
DB00177,DB00969,1
DB01259,DB09102,1
DB01233,DB01577,1
DB00268,DB00213,0
DB06636,DB13919,1
DB00819,DB00448,0
DB00699,DB11614,1
DB01058,DB06693,0
DB00932,DB01394,1
DB01095,DB13174,1
DB00696,DB08881,1
DB04630,DB12147,0
DB01544,DB11979,1
DB00467,DB01645,1
DB09225,DB00264,0
DB04845,DB00465,0
DB00333,DB01297,1
DB06412,DB01591,0
DB00744,DB01166,1
DB00582,DB09195,1
DB06267,DB09327,0
DB09102,DB00601,0
DB00976,DB09073,1
DB00412,DB04855,1
DB00294,DB04839,0
DB01577,DB01259,0
DB00810,DB00834,0
DB00365,DB13179,1
DB01263,DB09128,1
DB00186,DB01026,1
DB00792,DB01171,1
DB00615,DB00872,1
DB00918,DB06729,1
DB08816,DB11943,0
DB04977,DB00266,0
DB12471,DB01168,0
DB01192,DB09227,1
DB00392,DB00367,0
DB00836,DB02703,1
DB00888,DB06739,0
DB00699,DB00322,0
DB00255,DB00264,0
DB00910,DB12001,0
DB00619,DB06789,1
DB01087,DB06595,1
DB01026,DB06605,1
DB00773,DB04884,1
DB00627,DB09244,0
DB00909,DB01406,1
DB02703,DB11952,1
DB01166,DB04832,1
DB00617,DB08798,1
DB01624,DB06774,1
DB01039,DB08875,1
DB00378,DB04844,0
DB00863,DB01621,1
DB01221,DB11963,1
DB00622,DB00679,1
DB08873,DB11963,1
DB04829,DB11757,1
DB04855,DB06203,1
DB08995,DB00377,0
DB00574,DB05154,0
DB04871,DB05708,1
DB00322,DB01174,1
DB11942,DB02187,0
DB11886,DB11619,0
DB00620,DB11718,1
DB00317,DB00379,1
DB00862,DB09101,1
DB01232,DB06282,1
DB00674,DB04356,0
DB01103,DB08439,0
DB00180,DB00279,0
DB01047,DB12543,0
DB08922,DB08931,1
DB00726,DB06203,1
DB00317,DB00482,1
DB08867,DB04825,0
DB00173,DB03496,1
DB00857,DB01409,1
DB00730,DB00850,1
DB00910,DB04855,1
DB06267,DB09224,0
DB00490,DB01601,1
DB12130,DB00591,0
DB09288,DB12245,1
DB00499,DB01264,1
DB03575,DB00997,0
DB00532,DB04898,1
DB00841,DB01167,0
DB00839,DB12267,0
DB01210,DB08918,0
DB08875,DB11679,1
DB01050,DB00283,0
DB06218,DB13879,1
DB00827,DB08910,1
DB00764,DB01045,0
DB00487,DB01264,0
DB04725,DB06218,1
DB00872,DB03783,1
DB01036,DB00717,0
DB01764,DB00545,0
DB00270,DB12543,1
DB00195,DB04574,1
DB11796,DB09389,0
DB00745,DB00845,1
DB01095,DB01114,1
DB00338,DB01418,1
DB00238,DB00194,0
DB00708,DB06636,1
DB02134,DB09245,0
DB00378,DB08502,0
DB09296,DB00528,0
DB01224,DB09099,0
DB04665,DB05541,1
DB01409,DB01590,1
DB00736,DB09236,0
DB00349,DB00927,0
DB00563,DB00932,1
DB00976,DB09238,1
DB00412,DB11682,1
DB00315,DB00642,1
DB00956,DB01232,1
DB00758,DB01028,1
DB01274,DB09124,0
DB03010,DB09273,1
DB06691,DB09173,1
DB00327,DB00220,0
DB08880,DB09185,0
DB00531,DB00911,0
DB00412,DB00983,1
DB01388,DB03515,0
DB00636,DB00484,0
DB01577,DB00762,0
DB01359,DB11963,1
DB02134,DB06148,1
DB00533,DB00843,1
DB00327,DB00277,0
DB00496,DB00904,1
DB01086,DB06152,0
DB01223,DB09238,1
DB00214,DB00252,1
DB00918,DB01590,1
DB00216,DB00724,0
DB01095,DB01685,1
DB13878,DB01114,0
DB00377,DB11679,0
DB00501,DB11967,1
DB00778,DB11737,0
DB11952,DB06678,0
DB01395,DB09185,1
DB05990,DB00839,0
DB00482,DB00486,1
DB11679,DB06152,0
DB04216,DB11901,1
DB00358,DB06654,0
DB01192,DB01411,0
DB00255,DB00861,0
DB00495,DB09288,1
DB12471,DB11837,0
DB01580,DB09185,1
DB01050,DB09048,1
DB00532,DB01576,1
DB00252,DB01138,1
DB00208,DB00476,1
DB00571,DB00972,1
DB09213,DB01400,0
DB00896,DB11943,0
DB00783,DB01129,1
DB00993,DB01166,1
DB01380,DB01406,1
DB01252,DB11967,0
DB01126,DB06626,1
DB00204,DB00352,0
DB01086,DB04828,0
DB00433,DB00977,0
DB01075,DB01283,1
DB08922,DB04552,0
DB00266,DB01191,0
DB09290,DB11689,1
DB04898,DB01222,0
DB00224,DB06654,1
DB00779,DB04871,1
DB00934,DB09280,0
DB00621,DB01176,0
DB00622,DB01384,1
DB12218,DB06695,0
DB00224,DB01167,1
DB04920,DB01044,0
DB00316,DB00104,0
DB01303,DB13179,1
DB01268,DB11689,1
DB00213,DB04216,1
DB01100,DB01103,1
DB00734,DB04845,0
DB00163,DB01544,0
DB01100,DB04871,1
DB01079,DB06777,0
DB00381,DB12371,1
DB01173,DB09030,1
DB00564,DB06335,1
DB09327,DB00297,0
DB01067,DB12010,1
DB00751,DB06210,0
DB00297,DB00983,1
DB01400,DB09198,0
DB00396,DB01264,1
DB08867,DB08815,0
DB00758,DB01037,1
DB00758,DB12978,0
DB04828,DB11619,0
DB09063,DB06594,0
DB00904,DB01297,1
DB00425,DB04938,1
DB09099,DB01264,0
DB00796,DB00819,0
DB00425,DB00699,1
DB08860,DB01396,0
DB01591,DB11586,1
DB00934,DB01029,0
DB00238,DB00960,1
DB01126,DB06730,1
DB06726,DB00365,0
DB00745,DB08815,0
DB00960,DB09183,1
DB00897,DB01406,1
DB01708,DB01233,0
DB04574,DB08864,1
DB00468,DB01126,1
DB11855,DB09223,0
DB00820,DB01076,1
DB01012,DB01155,1
DB00726,DB00810,1
DB09297,DB09244,0
DB00268,DB04938,0
DB04938,DB06595,1
DB00185,DB00608,1
DB06789,DB01559,0
DB01008,DB00490,0
DB00910,DB08868,0
DB00379,DB00730,1
DB00778,DB13919,0
DB08846,DB08882,0
DB01037,DB01138,1
DB13174,DB02187,0
DB06678,DB01183,0
DB00501,DB08896,1
DB09013,DB05812,0
DB08931,DB04889,0
DB01035,DB03783,1
DB00243,DB06691,1
DB00401,DB00184,0
DB01072,DB11693,1
DB00909,DB06412,0
DB00270,DB00906,1
DB00741,DB01096,0
DB06401,DB01103,0
DB09216,DB00773,0
DB01621,DB00993,0
DB06691,DB09204,1
DB00623,DB01100,1
DB11796,DB00476,0
DB00252,DB01685,1
DB06726,DB00233,0
DB13878,DB04825,0
DB01295,DB08922,1
DB00382,DB00831,1
DB00487,DB09288,1
DB01224,DB12329,0
DB13879,DB00951,0
DB00317,DB11614,1
DB09288,DB11995,1
DB00851,DB01174,0
DB00469,DB09296,0
DB12235,DB00392,0
DB00861,DB03575,0
DB06756,DB12483,0
DB09124,DB00216,0
DB01410,DB06148,1
DB02489,DB08875,0
DB00779,DB01338,0
DB00655,DB00204,0
DB00316,DB00827,1
DB00661,DB01587,1
DB01259,DB12332,1
DB01059,DB01667,1
DB00193,DB00199,1
DB00751,DB00914,1
DB00508,DB00365,0
DB01211,DB09185,1
DB00714,DB04838,0
DB01232,DB04652,1
DB00334,DB00553,1
DB00706,DB04572,0
DB00220,DB00857,1
DB04842,DB06729,0
DB05708,DB00337,0
DB01708,DB00555,0
DB01012,DB01228,1
DB00352,DB00571,0
DB00749,DB12597,1
DB00365,DB00784,1
DB00476,DB01166,1
DB00307,DB00356,0
DB00468,DB00993,1
DB08918,DB12978,0
DB00851,DB08912,0
DB01410,DB11828,0
DB00570,DB09101,1
DB12184,DB00982,0
DB00215,DB01096,1
DB00586,DB00865,1
DB12278,DB00365,0
DB00730,DB00779,1
DB00469,DB01152,0
DB00396,DB08439,1
DB01228,DB05109,1
DB00998,DB00655,0
DB02489,DB06803,1
DB00209,DB01242,1
DB00946,DB04841,1
DB00531,DB09166,1
DB06678,DB00741,0
DB01357,DB11652,1
DB00977,DB03783,1
DB11737,DB00914,0
DB11682,DB06268,0
DB01201,DB11672,1
DB04846,DB00233,0
DB08864,DB09039,1
DB00349,DB01129,1
DB00831,DB06702,0
DB01177,DB09213,1
DB09143,DB00831,0
DB06603,DB09241,1
DB00717,DB06774,1
DB04854,DB08846,0
DB00796,DB00972,1
DB00862,DB12371,1
DB06678,DB06729,1
DB00216,DB04871,1
DB09124,DB01412,0
DB00448,DB00574,1
DB01026,DB04835,1
DB09053,DB09555,1
DB01037,DB09555,1
DB00629,DB01233,1
DB00309,DB00778,1
DB00530,DB00696,1
DB09099,DB12597,0
DB00316,DB01104,1
DB05219,DB00307,0
DB00333,DB01097,1
DB00764,DB00866,0
DB00297,DB06756,0
DB01048,DB00496,0
DB00998,DB11791,1
DB01036,DB06218,1
DB00304,DB01227,0
DB01181,DB05541,1
DB06739,DB09227,1
DB00663,DB00799,0
DB00839,DB08865,0
DB00169,DB01224,1
DB01064,DB00642,0
DB01624,DB00711,0
DB11796,DB00796,0
DB01238,DB09039,1
DB01095,DB08931,1
DB01026,DB05271,1
DB00333,DB04725,1
DB06148,DB01190,0
DB01406,DB08816,1
DB00163,DB09235,0
DB00471,DB00683,0
DB00454,DB09054,1
DB00208,DB01191,1
DB01394,DB01645,0
DB00195,DB00532,1
DB00205,DB00946,1
DB00818,DB05109,1
DB00482,DB05812,1
DB01067,DB04938,1
DB04861,DB12020,1
DB00753,DB00758,1
DB06774,DB08439,0
DB00425,DB09238,1
DB01359,DB01094,0
DB00304,DB12597,1
DB00482,DB06595,1
DB00599,DB00758,1
DB04630,DB00776,0
DB09297,DB00623,0
DB04838,DB12245,0
DB12130,DB00849,0
DB04977,DB04946,0
DB00697,DB00169,0
DB11614,DB12371,1
DB00199,DB01096,0
DB00932,DB01242,1
DB01223,DB03783,1
DB00773,DB00947,0
DB00571,DB00687,0
DB00294,DB00358,0
DB09173,DB00401,0
DB00737,DB09327,0
DB08808,DB11837,1
DB12874,DB01764,0
DB00932,DB08901,1
DB09054,DB04840,0
DB00617,DB01097,1
DB08815,DB04557,0
DB00745,DB11652,1
DB06678,DB12245,1
DB11978,DB05885,0
DB01103,DB00993,0
DB11691,DB09274,0
DB13174,DB01559,0
DB12267,DB00352,0
DB00440,DB01104,1
DB00356,DB00629,1
DB00799,DB00857,1
DB00118,DB00945,0
DB04841,DB11697,1
DB09296,DB00409,0
DB06712,DB12010,1
DB00976,DB01012,1
DB01198,DB03496,0
DB00696,DB01621,1
DB09245,DB06729,0
DB00334,DB11581,0
DB00297,DB01012,1
DB09053,DB11979,1
DB00783,DB09102,1
DB01035,DB11837,1
DB00501,DB00714,1
DB00539,DB08867,0
DB00118,DB08918,0
DB01261,DB08865,1
DB00317,DB00778,0
DB04794,DB01369,0
DB06412,DB01283,0
DB09167,DB09185,1
DB01601,DB12887,1
DB00622,DB01411,1
DB00209,DB06726,1
DB01072,DB06803,1
DB01072,DB01114,1
DB00195,DB01403,1
DB01098,DB06218,1
DB00612,DB11581,1
DB00924,DB06636,1
DB00264,DB00934,1
DB00655,DB00933,0
DB09073,DB04842,0
DB00818,DB09280,1
DB00377,DB06726,1
DB00501,DB06414,1
DB00163,DB06701,0
DB02187,DB08868,0
DB09327,DB09013,0
DB01037,DB01079,1
DB01136,DB01165,0
DB01357,DB06210,1
DB09389,DB00255,0
DB00244,DB13158,0
DB00482,DB00872,1
DB00972,DB12874,1
DB09229,DB01384,0
DB00586,DB09241,1
DB01259,DB09273,0
DB08995,DB11886,1
DB06817,DB00433,0
DB00382,DB00378,0
DB08846,DB06237,0
DB00358,DB01072,1
DB12319,DB00381,0
DB12457,DB12235,0
DB01194,DB06144,0
DB00503,DB01126,1
DB00205,DB11995,0
DB01059,DB08895,1
DB00672,DB03701,0
DB00968,DB03575,0
DB01319,DB11952,1
DB00586,DB09061,1
DB01126,DB01130,0
DB01232,DB09555,1
DB00322,DB00731,1
DB00204,DB01656,1
DB00741,DB06594,0
DB12874,DB04838,0
DB00946,DB04856,1
DB00983,DB06605,1
DB09061,DB12130,1
DB12874,DB00860,0
DB01248,DB01254,1
DB00323,DB00817,0
DB00220,DB01028,1
DB00908,DB01098,1
DB00289,DB01611,1
DB00753,DB05109,1
DB01086,DB12005,1
DB00334,DB00337,0
DB00582,DB01223,1
DB06335,DB11672,1
DB00532,DB11791,1
DB00699,DB00620,0
DB04076,DB11951,0
DB09173,DB09238,1
DB00180,DB01002,0
DB00224,DB00617,1
DB12887,DB13874,1
DB00381,DB06738,1
DB00323,DB09013,0
DB01069,DB08860,1
DB01026,DB06712,1
DB00758,DB00843,1
DB04898,DB06414,1
DB01175,DB13179,1
DB01268,DB11886,1
DB00744,DB08865,1
DB00252,DB00496,1
DB00675,DB06144,1
DB00846,DB13158,0
DB00559,DB04832,1
DB03756,DB12235,0
DB00862,DB04938,1
DB01136,DB04911,1
DB05271,DB06419,0
DB08931,DB01152,0
DB00334,DB01098,1
DB00590,DB01303,0
DB06781,DB04957,0
DB00317,DB00936,0
DB00433,DB01096,1
DB00792,DB00959,0
DB00530,DB00968,0
DB11737,DB00591,0
DB00997,DB01103,0
DB00316,DB04911,1
DB00317,DB01232,1
DB00297,DB04725,0
DB12255,DB00268,0
DB01403,DB06712,1
DB01065,DB01134,0
DB00169,DB06789,0
DB00697,DB00788,1
DB01403,DB01008,0
DB00872,DB00784,0
DB00831,DB11712,0
DB00841,DB00414,0
DB01536,DB06595,1
DB04652,DB06228,0
DB00425,DB01035,1
DB11619,DB00334,0
DB00972,DB01167,1
DB00347,DB00738,1
DB00370,DB06695,0
DB00976,DB09063,1
DB00752,DB09195,1
DB00737,DB01388,1
DB04908,DB09053,0
DB00819,DB00860,0
DB01254,DB09166,0
DB01227,DB11730,1
DB00367,DB00396,1
DB00593,DB01601,1
DB00448,DB08807,1
DB00202,DB00317,0
DB01079,DB06144,1
DB11855,DB00266,0
DB04665,DB09173,0
DB00752,DB08912,1
DB00169,DB11581,1
DB00401,DB01097,0
DB00730,DB00663,0
DB01394,DB06730,0
DB01609,DB05039,1
DB06603,DB09227,1
DB00240,DB06594,0
DB11915,DB00422,0
DB01026,DB12543,1
DB09065,DB13174,0
DB00617,DB06725,1
DB06201,DB00495,0
DB00843,DB00891,1
DB06595,DB13874,1
DB00778,DB12978,1
DB12301,DB09274,0
DB01103,DB01264,1
DB00675,DB04725,1
DB06605,DB11682,1
DB00549,DB01283,1
DB06287,DB06403,1
DB01261,DB02703,1
DB08995,DB11986,1
DB01131,DB06144,1
DB05109,DB08864,1
DB00409,DB02709,0
DB00977,DB01104,1
DB11560,DB13919,1
DB00998,DB03701,0
DB03701,DB00382,0
DB05812,DB06287,0
DB12941,DB04842,0
DB00661,DB01166,1
DB00163,DB00909,0
DB00356,DB11757,1
DB01357,DB09017,0
DB01403,DB11837,1
DB00176,DB01094,1
DB11921,DB00845,0
DB00820,DB11581,1
DB04356,DB01183,0
DB00708,DB01118,1
DB00395,DB12332,1
DB00455,DB09330,0
DB06595,DB09013,0
DB01032,DB02789,0
DB00482,DB01075,1
DB00304,DB00204,0
DB00381,DB01558,0
DB00726,DB06268,1
DB00629,DB00309,0
DB00188,DB00589,1
DB00603,DB09227,1
DB08880,DB12267,1
DB11560,DB01171,0
DB00187,DB11901,0
DB00813,DB09048,1
DB01645,DB09224,0
DB00589,DB08895,0
DB00792,DB01472,1
DB01142,DB08873,1
DB04975,DB00678,0
DB06739,DB09083,0
DB00806,DB09225,1
DB01181,DB04938,1
DB01208,DB09065,0
DB11791,DB11682,0
DB00104,DB09079,1
DB00675,DB00857,1
DB00695,DB11828,0
DB01098,DB04630,0
DB00307,DB09101,1
DB01628,DB09034,1
DB00993,DB01117,0
DB00425,DB09048,1
DB00717,DB00382,0
DB00494,DB00590,1
DB01590,DB06144,1
DB06730,DB09053,1
DB09389,DB01094,0
DB00951,DB06237,1
DB00363,DB09095,1
DB01242,DB09183,1
DB01131,DB04216,1
DB00104,DB08922,0
DB00757,DB04855,1
DB01067,DB13878,1
DB00477,DB11693,0
DB09241,DB09288,1
DB00694,DB06401,0
DB04896,DB04975,1
DB01155,DB11691,0
DB12301,DB00370,0
DB00588,DB00836,1
DB00330,DB00593,1
DB00467,DB00317,0
DB01104,DB00422,0
DB00972,DB12466,1
DB01165,DB06419,0
DB00784,DB13878,0
DB06738,DB09239,0
DB13879,DB00956,0
DB00668,DB00712,1
DB00661,DB00700,1
DB00465,DB12597,1
DB00752,DB09204,1
DB11963,DB00896,0
DB09083,DB01409,0
DB03783,DB04871,1
DB09224,DB13874,1
DB00617,DB00784,1
DB06626,DB04552,0
DB01227,DB09071,1
DB00209,DB02789,0
DB00489,DB00751,1
DB00977,DB01611,1
DB01252,DB08922,0
DB08922,DB01222,0
DB06267,DB06626,1
DB12020,DB00741,0
DB09274,DB06335,0
DB00209,DB00751,1
DB06207,DB01217,0
DB06603,DB00784,0
DB11886,DB12235,1
DB00394,DB00696,1
DB00279,DB13879,1
DB00857,DB01295,1
DB12278,DB03575,0
DB00850,DB09238,1
DB01595,DB00379,0
DB00734,DB05812,1
DB00382,DB01254,1
DB03783,DB01396,0
DB00758,DB00927,1
DB00972,DB13919,1
DB11730,DB08804,0
DB00328,DB00391,0
DB00998,DB01012,1
DB01303,DB00204,0
DB08804,DB01224,0
DB01079,DB00636,0
DB11619,DB11689,0
DB00204,DB00586,0
DB01104,DB12887,0
DB00518,DB04832,1
DB00783,DB11951,1
DB00744,DB00591,0
DB00839,DB08816,1
DB00865,DB11730,1
DB00184,DB04938,1
DB00788,DB01405,1
DB01104,DB06730,1
DB01263,DB04896,1
DB00582,DB06228,1
DB06201,DB01628,0
DB00224,DB07615,1
DB01155,DB00759,0
DB11942,DB00617,0
DB09225,DB11619,0
DB09017,DB00699,0
DB01228,DB13174,1
DB00655,DB00936,0
DB04957,DB00586,0
DB09143,DB00234,0
DB01007,DB01152,0
DB00778,DB00484,0
DB00382,DB04356,1
DB00409,DB00443,0
DB01405,DB11672,1
DB01217,DB00620,0
DB01054,DB04835,0
DB00757,DB09238,1
DB00836,DB01685,1
DB00730,DB00409,0
DB09238,DB00294,0
DB00307,DB01067,1
DB04840,DB04574,0
DB09079,DB11672,1
DB01236,DB03783,1
DB00708,DB12001,0
DB01002,DB05814,0
DB04861,DB09291,1
DB00877,DB09053,1
DB00530,DB01126,1
DB00706,DB06148,1
DB09123,DB00471,0
DB00627,DB01075,1
DB00227,DB00347,1
DB12218,DB00621,0
DB12267,DB12471,0
DB01048,DB00699,0
DB00912,DB13919,1
DB01137,DB12130,0
DB01041,DB04889,0
DB00277,DB00751,1
DB05039,DB08877,0
DB01580,DB09053,1
DB00973,DB01400,0
DB01198,DB04557,1
DB00810,DB06210,0
DB06693,DB00629,0
DB01068,DB06756,0
DB06700,DB00764,0
DB01536,DB01337,0
DB00252,DB00796,1
DB05812,DB06292,0
DB00818,DB05294,1
DB00591,DB01079,0
DB00490,DB00863,1
DB09232,DB01175,0
DB00279,DB04725,0
DB00805,DB08933,0
DB00401,DB11581,1
DB01217,DB01117,0
DB01192,DB11730,1
DB00304,DB00358,0
DB00425,DB00993,1
DB00307,DB00949,1
DB01191,DB00896,0
DB06210,DB09555,0
DB06730,DB00465,0
DB00227,DB01297,1
DB00334,DB04898,1
DB01114,DB08864,1
DB00434,DB00642,0
DB05990,DB00966,0
DB00263,DB00495,1
DB00184,DB06738,1
DB09195,DB09291,1
DB00391,DB09291,0
DB00184,DB11901,0
DB06701,DB01118,0
DB00193,DB06412,1
DB12093,DB00711,0
DB01559,DB00839,0
DB00904,DB12483,1
DB05154,DB01236,0
DB06777,DB00433,0
DB09297,DB00425,0
DB00279,DB09389,0
DB00687,DB11828,0
DB00444,DB00582,1
DB01254,DB11679,1
DB03756,DB09235,0
DB09065,DB03010,0
DB00960,DB06781,0
DB09123,DB01580,0
DB11886,DB00440,0
DB11952,DB00960,0
DB04835,DB05109,0
DB00277,DB00910,0
DB04794,DB00831,0
DB00862,DB00946,1
DB00744,DB11963,1
DB04898,DB01096,0
DB06702,DB13003,0
DB00705,DB11967,1
DB01685,DB09065,0
DB00549,DB01137,0
DB09274,DB00608,0
DB00779,DB01406,0
DB00487,DB00228,0
DB00215,DB00118,0
DB00734,DB11915,1
DB00316,DB05708,1
DB11751,DB00734,0
DB01558,DB01214,0
DB00388,DB04216,0
DB11575,DB00194,0
DB00307,DB01544,1
DB03575,DB09204,0
DB00998,DB01048,0
DB00663,DB00949,0
DB01058,DB01190,1
DB00598,DB01320,1
DB01058,DB06419,1
DB01026,DB01029,1
DB01118,DB01138,1
DB08881,DB09327,0
DB00494,DB11718,1
DB04557,DB04070,0
DB09099,DB09225,0
DB01623,DB01008,0
DB00952,DB01118,0
DB01039,DB01175,1
DB06789,DB06693,0
DB01103,DB09245,0
DB00549,DB00849,1
DB01098,DB01873,1
DB01252,DB04794,0
DB00396,DB06729,1
DB00224,DB09065,1
DB00574,DB04216,1
DB00738,DB04855,1
DB00185,DB08815,0
DB06268,DB00496,0
DB01405,DB00377,0
DB05154,DB05812,0
DB00914,DB11951,0
DB00966,DB00969,0
DB00365,DB00553,1
DB09216,DB00250,0
DB00439,DB01036,1
DB01032,DB00370,0
DB00315,DB00773,1
DB00714,DB01062,1
DB00590,DB00982,0
DB01100,DB01191,1
DB01380,DB12466,0
DB11757,DB11791,1
DB00891,DB00620,0
DB00255,DB01559,0
DB00557,DB01131,0
DB04356,DB02709,0
DB11986,DB05219,0
DB00482,DB01086,1
DB00843,DB00951,1
DB06730,DB01405,0
DB00993,DB01138,0
DB00425,DB09227,1
DB00204,DB01104,0
DB11791,DB12597,0
DB00956,DB09299,0
DB12978,DB05541,0
DB00195,DB12141,0
DB04552,DB00468,0
DB01667,DB11967,1
DB00482,DB00799,1
DB06700,DB11712,1
DB08875,DB00557,0
DB01007,DB00580,0
DB01096,DB06702,1
DB01396,DB06700,1
DB00363,DB03756,1
DB00712,DB04957,0
DB01132,DB11823,0
DB04828,DB00617,0
DB00270,DB00687,1
DB00347,DB06210,1
DB01559,DB06152,0
DB00627,DB00706,1
DB00356,DB00863,1
DB05708,DB00209,0
DB11986,DB01198,0
DB04894,DB08882,1
DB00866,DB01100,1
DB00444,DB00555,0
DB09061,DB11751,1
DB11574,DB04844,0
DB04842,DB01222,0
DB00195,DB00740,1
DB00924,DB09288,1
DB04841,DB09048,1
DB06594,DB00322,0
DB00545,DB01208,0
DB13783,DB01764,0
DB00783,DB00831,1
DB00476,DB00621,1
DB01275,DB00317,0
DB00216,DB01131,1
DB00439,DB06678,1
DB00778,DB00533,0
DB00316,DB06726,1
DB08864,DB00401,0
DB01037,DB06636,1
DB11691,DB11921,0
DB00363,DB01047,1
DB00476,DB01086,1
DB01245,DB00495,0
DB00518,DB06512,0
DB00953,DB00163,0
DB00726,DB13919,1
DB00499,DB01645,1
DB01069,DB04725,1
DB00327,DB06401,0
DB09173,DB00678,0
DB00539,DB01367,0
DB01096,DB01171,1
DB05271,DB12319,0
DB00186,DB00655,0
DB00612,DB12020,0
DB04557,DB00877,0
DB00425,DB00622,1
DB00396,DB00820,1
DB03756,DB06605,1
DB08868,DB00839,0
DB01008,DB12235,1
DB09102,DB13783,0
DB00531,DB00244,0
DB00205,DB09288,1
DB08867,DB11672,1
DB04844,DB00694,0
DB00679,DB09299,0
DB00620,DB06712,1
DB08804,DB01171,0
DB09061,DB09102,1
DB01283,DB06739,1
DB09236,DB11581,1
DB00619,DB04076,1
DB01238,DB12301,1
DB01624,DB00896,0
DB01166,DB01192,1
DB06292,DB08877,0
DB09013,DB01210,0
DB01395,DB06419,1
DB01609,DB07615,0
DB00384,DB00530,1
DB01032,DB06691,0
DB03701,DB13179,1
DB01094,DB06152,0
DB00998,DB00163,0
DB00496,DB00571,1
DB11978,DB01190,0
DB01576,DB06603,1
DB09299,DB08804,0
DB00307,DB06739,1
DB04832,DB08798,0
DB00409,DB00968,0
DB00758,DB01268,1
DB00489,DB00783,0
DB00475,DB11730,0
DB01577,DB00906,0
DB01072,DB06700,1
DB00437,DB00737,0
DB04856,DB00636,0
DB01131,DB01357,1
DB00533,DB08860,1
DB09054,DB06726,0
DB00215,DB05814,0
DB00557,DB00668,0
DB00619,DB12693,1
DB06741,DB08912,1
DB00250,DB11915,1
DB11837,DB06817,0
DB09173,DB09241,1
DB00490,DB00912,0
DB00656,DB00118,0
DB00187,DB01418,0
DB00603,DB01544,1
DB01177,DB06678,1
DB01274,DB00475,0
DB08882,DB08901,1
DB00307,DB00374,1
DB00176,DB00381,1
DB00224,DB00636,1
DB01037,DB11679,1
DB08882,DB11574,1
DB06268,DB11586,1
DB04908,DB00959,0
DB01176,DB01357,1
DB00757,DB01131,1
DB00193,DB09039,1
DB01096,DB01224,1
DB00353,DB00896,0
DB00757,DB00717,0
DB01086,DB11915,1
DB00912,DB01227,0
DB00401,DB06789,1
DB00346,DB05708,0
DB01177,DB04977,0
DB09065,DB00711,0
DB01103,DB01609,0
DB00591,DB05814,0
DB09555,DB06077,0
DB00379,DB11855,1
DB00564,DB00622,1
DB09216,DB00188,0
DB09327,DB04552,0
DB12005,DB12319,1
DB12887,DB08815,0
DB01410,DB04946,1
DB01094,DB05541,0
DB01411,DB04856,0
DB01009,DB09013,0
DB06201,DB00983,0
DB00836,DB09198,1
DB05109,DB12466,1
DB01117,DB06712,1
DB00834,DB06636,1
DB01609,DB11943,1
DB12597,DB09232,0
DB09299,DB11837,1
DB09296,DB01054,0
DB00343,DB04652,1
DB01067,DB01645,1
DB01026,DB01041,1
DB09143,DB01198,0
DB00554,DB08865,0
DB01018,DB02187,0
DB00531,DB00753,1
DB00945,DB01065,0
DB01193,DB13158,0
DB01200,DB00188,0
DB09288,DB00338,0
DB00642,DB04894,0
DB00334,DB01131,1
DB00598,DB00627,1
DB04665,DB08995,1
DB06077,DB05154,0
DB00530,DB12471,0
DB12301,DB08910,0
DB09330,DB08808,0
DB12319,DB01047,0
DB00629,DB01173,1
DB11619,DB01233,0
DB01075,DB09227,0
DB04356,DB11718,1
DB00425,DB08807,1
DB02789,DB00443,0
DB00563,DB04840,0
DB00486,DB01039,1
DB08895,DB11828,0
DB00482,DB12147,1
DB00361,DB01114,1
DB04076,DB00563,0
DB02789,DB06700,1
DB03756,DB04846,0
DB00744,DB04552,1
DB01076,DB01166,1
DB00744,DB06701,0
DB09330,DB00911,0
DB12674,DB06789,0
DB00289,DB11942,0
DB01103,DB00353,0
DB00706,DB01601,1
DB12161,DB01245,0
DB00712,DB11586,1
DB00471,DB00932,1
DB05109,DB00669,0
DB06152,DB13874,0
DB00841,DB08867,0
DB01259,DB04920,1
DB01242,DB06144,1
DB01228,DB04840,1
DB01195,DB09299,0
DB00788,DB01155,1
DB04975,DB01076,0
DB01165,DB12941,0
DB00396,DB09185,1
DB06702,DB00846,0
DB08895,DB01190,0
DB01248,DB04957,1
DB00191,DB00615,0
DB01283,DB09241,1
DB00191,DB01074,0
DB09232,DB12483,0
DB01173,DB09143,1
DB00264,DB00805,1
DB01405,DB00968,0
DB00264,DB01087,1
DB00700,DB02703,1
DB04975,DB06267,0
DB01685,DB00315,0
DB00568,DB09065,1
DB00976,DB11712,1
DB08860,DB04846,0
DB12978,DB06803,0
DB00214,DB12693,0
DB00482,DB02703,1
DB04957,DB06594,0
DB06777,DB00877,0
DB00489,DB00850,1
DB00907,DB06781,0
DB09232,DB11693,0
DB01035,DB01232,1
DB08439,DB11586,1
DB00163,DB00352,0
DB00757,DB08860,0
DB06730,DB00335,0
DB01074,DB01577,1
DB01008,DB09065,1
DB00250,DB12978,0
DB00758,DB06401,0
DB00486,DB01601,1
DB00208,DB00347,1
DB01068,DB01076,0
DB00180,DB01166,0
DB12466,DB01166,0
DB00224,DB06210,1
DB05812,DB00322,0
DB01263,DB11901,1
DB00224,DB03701,1
DB00309,DB01259,1
DB00687,DB00297,0
DB00753,DB11619,0
DB00933,DB04652,0
DB00549,DB06268,1
DB01261,DB01190,0
DB01601,DB12301,1
DB05812,DB00234,0
DB00582,DB01131,1
DB11967,DB00361,0
DB00949,DB00695,0
DB05885,DB00744,0
DB00951,DB01268,1
DB00724,DB08865,0
DB12887,DB00337,0
DB00471,DB00678,1
DB03496,DB09288,0
DB00193,DB09297,1
DB00439,DB01058,1
DB01227,DB09299,1
DB00277,DB00696,1
DB01104,DB00968,0
DB00370,DB12978,1
DB00191,DB00233,0
DB00762,DB00784,1
DB00227,DB01130,0
DB00751,DB09053,1
DB00215,DB00888,0
DB00334,DB00353,0
DB00699,DB03575,0
DB01357,DB01137,0
DB00683,DB00307,0
DB00738,DB01217,0
DB00532,DB12329,0
DB08811,DB04356,0
DB00736,DB00752,1
DB00988,DB12245,0
DB01319,DB09204,0
DB00589,DB01166,1
DB04076,DB09071,1
DB00475,DB04838,0
DB00412,DB01174,1
DB00396,DB00622,1
DB01394,DB09099,1
DB01095,DB01248,1
DB00454,DB01764,1
DB01409,DB03701,0
DB08502,DB00557,0
DB00796,DB09238,1
DB00751,DB09185,1
DB00208,DB12147,1
DB04855,DB09123,1
DB01098,DB12483,1
DB04896,DB11986,1
DB00315,DB00487,1
DB06756,DB00788,0
DB01026,DB04725,1
DB00696,DB09090,1
DB00580,DB00627,0
DB04856,DB06702,0
DB00361,DB00214,0
DB00784,DB06218,1
DB01044,DB01400,0
DB00388,DB09555,0
DB00307,DB06210,1
DB01536,DB04552,0
DB01406,DB11952,1
DB00433,DB00448,1
DB09123,DB01079,0
DB01072,DB05294,1
DB02489,DB00672,0
DB00888,DB00216,0
DB00872,DB01028,1
DB00836,DB00951,1
DB06741,DB01062,0
DB00574,DB00444,0
DB00656,DB00810,1
DB00932,DB09095,1
DB01002,DB05990,1
DB00582,DB01357,1
DB00309,DB04894,1
DB00580,DB00969,1
DB09296,DB12130,0
DB00169,DB00737,1
DB04871,DB00324,0
DB01190,DB12184,0
DB00392,DB06729,0
DB00589,DB12693,1
DB00731,DB09227,1
DB00949,DB11817,0
DB06412,DB00328,0
DB00731,DB00845,1
DB01369,DB05294,1
DB01873,DB08860,0
DB00324,DB00439,0
DB08895,DB08896,1
DB01628,DB09079,1
DB08893,DB09099,0
DB09063,DB12267,1
DB00439,DB06729,1
DB04884,DB06218,1
DB00936,DB04557,1
DB00489,DB00564,0
DB00813,DB08804,0
DB00454,DB12332,1
DB00266,DB00228,0
DB03515,DB00841,0
DB09173,DB01059,0
DB02134,DB09288,1
DB00661,DB00697,1
DB01583,DB09235,0
DB01656,DB01064,0
DB00238,DB01412,1
DB12371,DB00897,0
DB00580,DB01114,0
DB00227,DB08907,1
DB01685,DB00866,0
DB00617,DB00194,0
DB01065,DB01409,0
DB00568,DB01583,0
DB01222,DB00726,0
DB00532,DB01590,1
DB01190,DB00440,0
DB00358,DB04975,0
DB01764,DB06729,0
DB00951,DB11915,1
DB00264,DB00317,1
DB00543,DB06702,1
DB04356,DB00946,0
DB05154,DB03515,0
DB01134,DB00968,0
DB00471,DB03515,0
DB00776,DB04861,1
DB00752,DB00910,0
DB05219,DB00261,0
DB00309,DB00976,1
DB09229,DB01192,0
DB06203,DB09061,1
DB01409,DB09173,1
DB00959,DB01131,0
DB00851,DB09238,0
DB00679,DB00977,1
DB04854,DB09079,0
DB00351,DB01472,0
DB09245,DB01013,0
DB01303,DB12941,0
DB01098,DB09054,1
DB00568,DB01601,1
DB00778,DB00951,1
DB04938,DB01062,0
DB12093,DB06412,0
DB00367,DB04844,0
DB00289,DB01590,1
DB00361,DB11855,1
DB00374,DB09274,0
DB00872,DB06626,1
DB11718,DB12693,1
DB09195,DB06817,0
DB00861,DB00382,0
DB00469,DB00668,1
DB00927,DB08798,0
DB01074,DB09173,1
DB00621,DB00843,1
DB01118,DB00891,0
DB01264,DB12026,1
DB01118,DB01591,1
DB00588,DB09039,1
DB00412,DB01050,1
DB00118,DB12161,0
DB13878,DB05246,0
DB00309,DB05219,0
DB01058,DB02703,1
DB11837,DB12130,1
DB06803,DB00388,0
DB09224,DB11915,1
DB01628,DB00209,0
DB00194,DB00496,0
DB11979,DB01008,0
DB00553,DB09143,0
DB00656,DB00762,1
DB00751,DB01181,1
DB06712,DB12147,1
DB00185,DB01403,1
DB01259,DB05812,1
DB00433,DB11672,1
DB00414,DB12371,1
DB00612,DB00627,0
DB00268,DB09030,0
DB00378,DB00588,0
DB04725,DB01100,0
DB00820,DB00414,0
DB00361,DB01035,1
DB00839,DB11753,1
DB12026,DB01222,0
DB00564,DB00392,0
DB00872,DB01395,1
DB04665,DB11575,0
DB06282,DB04076,0
DB01583,DB11574,0
DB00593,DB00792,0
DB09102,DB00202,0
DB01190,DB13879,1
DB01183,DB00277,0
DB01131,DB11614,1
DB00201,DB00169,0
DB09227,DB08933,0
DB11712,DB01667,0
DB05271,DB11828,0
DB00959,DB00379,0
DB00966,DB01259,1
DB00622,DB13179,1
DB00347,DB03496,0
DB04898,DB01167,0
DB00843,DB01096,1
DB01026,DB09297,1
DB00343,DB01242,1
DB01403,DB04911,1
DB01388,DB12301,1
DB01355,DB09216,0
DB09143,DB01142,0
DB00335,DB06729,1
DB06817,DB09288,0
DB01559,DB08873,1
DB09123,DB00169,0
DB06739,DB08816,1
DB00663,DB11951,0
DB00208,DB09224,1
DB00788,DB06738,1
DB00391,DB11751,0
DB00741,DB00863,0
DB09090,DB09296,0
DB00270,DB00904,1
DB00440,DB11689,1
DB00224,DB01026,1
DB04665,DB00907,0
DB00737,DB04856,0
DB08901,DB01214,0
DB09389,DB09237,0
DB00862,DB01138,1
DB00627,DB00465,0
DB00309,DB00717,1
DB01008,DB09039,0
DB00615,DB11855,0
DB06419,DB00810,0
DB01254,DB05541,0
DB00947,DB12093,0
DB01155,DB06419,0
DB01369,DB11828,1
DB00593,DB00620,0
DB00977,DB09241,1
DB00784,DB01411,1
DB01104,DB08901,1
DB00776,DB01177,0
DB00503,DB04911,1
DB13003,DB09555,0
DB00264,DB09555,1
DB04855,DB06605,1
DB00951,DB11575,1
DB09054,DB11730,1
DB00439,DB00862,1
DB00866,DB09555,1
DB13919,DB01194,0
DB00194,DB01041,0
DB00827,DB00972,1
DB00270,DB00700,1
DB01104,DB01274,1
DB01131,DB11689,1
DB00945,DB04894,0
DB09061,DB11737,1
DB00445,DB01609,0
DB08808,DB09274,0
DB01134,DB01054,0
DB01873,DB04076,1
DB00792,DB01623,0
DB00382,DB06077,0
DB00831,DB01628,1
DB06781,DB01254,0
DB06267,DB01096,0
DB01095,DB11581,1
DB01069,DB11586,1
DB01134,DB11712,0
DB01233,DB08864,1
DB00496,DB08901,1
DB04871,DB11757,1
DB08896,DB00966,0
DB09299,DB06777,0
DB00283,DB00437,0
DB00469,DB04557,1
DB01009,DB00409,0
DB09236,DB08798,0
DB06701,DB11613,0
DB08867,DB00384,0
DB00745,DB11967,1
DB00758,DB12371,1
DB01192,DB04846,1
DB09143,DB12218,0
DB00814,DB00862,1
DB01357,DB05812,1
DB04861,DB01645,0
DB01100,DB01303,1
DB00839,DB13874,1
DB08815,DB03701,0
DB01098,DB01126,1
DB12319,DB00845,0
DB00737,DB01242,1
DB00697,DB06756,0
DB00177,DB01685,1
DB00487,DB04557,0
DB00745,DB05246,1
DB00586,DB09166,0
DB01131,DB00484,0
DB06210,DB01194,0
DB12693,DB08995,0
DB00706,DB06781,0
DB00193,DB09555,1
DB01130,DB00757,0
DB06210,DB11614,0
DB06228,DB00627,0
DB00799,DB00706,0
DB08798,DB00330,0
DB06729,DB09095,0
DB00347,DB08931,1
DB01708,DB00752,0
DB09017,DB11979,0
DB00422,DB00843,0
DB11837,DB11963,1
DB01050,DB01118,1
DB09124,DB00831,0
DB00843,DB09555,1
DB01254,DB02489,1
DB08910,DB09167,1
DB01136,DB06702,1
DB00347,DB01590,0
DB08875,DB09185,1
DB00377,DB00907,1
DB00936,DB01645,1
DB00977,DB08864,1
DB13879,DB00819,0
DB12130,DB00813,0
DB00805,DB00352,0
DB05271,DB11978,0
DB06595,DB09102,1
DB01192,DB09288,1
DB08798,DB05239,0
DB01357,DB00352,0
DB01238,DB01601,1
DB00425,DB01195,1
DB03783,DB06218,1
DB00351,DB04838,0
DB11730,DB08868,0
DB00177,DB00188,1
DB01076,DB01103,1
DB00806,DB04977,0
DB00374,DB09053,0
DB00976,DB01126,1
DB00334,DB01223,1
DB00817,DB01103,0
DB08798,DB04894,0
DB01114,DB06605,1
DB01054,DB00628,0
DB01094,DB00193,0
DB06419,DB00388,0
DB01068,DB02703,1
DB05154,DB01190,0
DB01263,DB00553,0
DB01590,DB09232,0
DB01117,DB01232,1
DB08502,DB00268,0
DB00590,DB01268,1
DB00381,DB03756,1
DB04938,DB11963,1
DB00216,DB00482,1
DB00233,DB12255,0
DB08882,DB12941,1
DB00224,DB00857,1
DB01536,DB00978,0
DB00201,DB00570,0
DB00263,DB00173,0
DB00861,DB04839,0
DB00599,DB09039,1
DB06691,DB11753,0
DB00857,DB08875,1
DB00724,DB05708,0
DB00477,DB09288,1
DB01536,DB00335,0
DB01193,DB00851,0
DB11828,DB01411,0
DB00862,DB04725,1
DB00323,DB01645,0
DB00850,DB11614,1
DB00675,DB00717,1
DB00532,DB06419,0
DB01236,DB09185,1
DB00530,DB06335,1
DB01181,DB06594,1
DB12582,DB11757,0
DB09013,DB04861,0
DB00343,DB01097,1
DB00334,DB01174,1
DB09073,DB06144,0
DB00250,DB00983,1
DB00608,DB08807,1
DB11682,DB00273,0
DB00234,DB12245,1
DB01601,DB04957,1
DB01009,DB00475,0
DB04630,DB06691,0
DB00327,DB09280,1
DB00467,DB01028,0
DB00685,DB00422,0
DB00484,DB00184,0
DB12301,DB00208,0
DB00401,DB08901,1
DB01295,DB00663,0
DB06756,DB01026,0
DB00563,DB00818,1
DB01032,DB04854,1
DB00309,DB00330,1
DB00574,DB08798,0
DB01167,DB00392,0
DB00412,DB00904,1
DB00820,DB00674,0
DB00477,DB09291,1
DB00752,DB02703,1
DB00685,DB09102,0
DB00455,DB01041,0
DB00623,DB00827,0
DB00687,DB11886,0
DB00687,DB01026,1
DB00499,DB01367,1
DB09296,DB00283,0
DB01645,DB00234,0
DB00395,DB00932,1
DB01050,DB08922,1
DB01118,DB08865,1
DB00531,DB11613,1
DB00476,DB04946,1
DB00367,DB00872,1
DB00757,DB01242,1
DB01208,DB00337,0
DB00338,DB00599,1
DB00674,DB06729,1
DB01014,DB09073,0
DB04871,DB06605,0
DB00187,DB09053,1
DB00851,DB00978,1
DB11737,DB09291,0
DB00382,DB00758,1
DB01236,DB00730,0
DB01155,DB04856,0
DB01232,DB01384,1
DB00591,DB00655,0
DB00976,DB01645,0
DB11979,DB00744,0
DB01410,DB13174,1
DB01217,DB01254,0
DB00297,DB00477,1
DB00396,DB06287,1
DB00402,DB00744,0
DB01418,DB08502,0
DB12941,DB08903,0
DB01609,DB01114,0
DB12141,DB00758,0
DB00266,DB01656,0
DB00636,DB09213,0
DB01098,DB04871,0
DB00661,DB01068,1
DB06693,DB01395,0
DB00749,DB01194,0
DB04884,DB09555,1
DB00363,DB00687,1
DB00188,DB00806,1
DB00455,DB00759,0
DB00934,DB00531,0
DB00598,DB11979,1
DB06228,DB09065,1
DB09274,DB00215,0
DB01396,DB00993,0
DB00177,DB08875,1
DB04841,DB11757,1
DB01245,DB00841,0
DB09048,DB00382,0
DB00850,DB05039,0
DB00238,DB00969,1
DB00209,DB11915,1
DB01191,DB03010,0
DB00787,DB00391,0
DB06414,DB11837,1
DB09229,DB01028,0
DB00714,DB00169,0
DB00951,DB01583,1
DB00773,DB01263,1
DB00629,DB00740,1
DB01223,DB08816,1
DB00201,DB01667,1
DB11952,DB00897,0
DB01667,DB00695,0
DB01028,DB11672,1
DB00414,DB01181,1
DB04896,DB09389,1
DB13003,DB08922,0
DB00363,DB12301,1
DB00324,DB11828,0
DB04652,DB04894,0
DB01406,DB04889,0
DB00343,DB00956,1
DB01044,DB00706,0
DB01393,DB09183,1
DB01395,DB12978,1
DB00549,DB08867,0
DB01577,DB11791,0
DB00908,DB02703,1
DB08811,DB00352,0
DB11682,DB11672,0
DB00932,DB00972,1
DB00820,DB01100,1
DB04846,DB04856,0
DB06781,DB01623,0
DB01595,DB00489,0
DB01104,DB11817,0
DB01037,DB01217,1
DB08439,DB09013,0
DB00717,DB01183,0
DB00927,DB01418,1
DB00568,DB00288,0
DB01297,DB12161,1
DB00195,DB01094,1
DB01177,DB08864,1
DB08811,DB06777,0
DB00717,DB01369,1
DB00977,DB06702,0
DB00909,DB01248,1
DB00434,DB00194,0
DB12471,DB00907,0
DB00173,DB00696,0
DB04840,DB08922,1
DB01058,DB12319,1
DB00744,DB01222,0
DB01221,DB06781,0
DB04216,DB12093,0
DB11995,DB00379,0
DB00347,DB01138,1
DB01576,DB08864,1
DB01079,DB01095,1
DB00530,DB06148,1
DB00582,DB01685,1
DB01411,DB11614,1
DB09079,DB11828,1
DB01232,DB08933,0
DB02703,DB04896,1
DB04838,DB06268,0
DB01263,DB09229,1
DB01100,DB00736,0
DB09555,DB01103,0
DB09280,DB01577,0
DB01130,DB00351,0
DB00570,DB00685,0
DB00818,DB05239,1
DB08864,DB09071,1
DB05812,DB01411,0
DB01873,DB12548,0
DB09143,DB04829,0
DB00896,DB00721,0
DB00655,DB01028,0
DB00575,DB06726,1
DB00896,DB06774,0
DB01297,DB09071,0
DB06730,DB01074,0
DB13878,DB00914,0
DB04844,DB11855,1
DB00563,DB11837,1
DB00208,DB00736,1
DB09048,DB11712,1
DB01297,DB05814,0
DB09183,DB01223,0
DB00787,DB00969,1
DB00672,DB01058,0
DB06712,DB09296,1
DB01609,DB00234,0
DB00951,DB01129,1
DB00184,DB12597,0
DB00796,DB11753,1
DB04829,DB09185,1
DB00186,DB08798,0
DB00582,DB04855,1
DB01074,DB04896,1
DB09389,DB00843,0
DB06756,DB04829,0
DB00745,DB06695,0
DB01166,DB01764,1
DB00590,DB01601,1
DB06817,DB01472,0
DB07615,DB05814,0
DB00978,DB11613,0
DB00678,DB00918,1
DB04838,DB01095,0
DB00545,DB06781,0
DB00586,DB00751,1
DB08811,DB04825,0
DB00465,DB00744,1
DB06401,DB00382,0
DB00264,DB00674,1
DB01708,DB09083,0
DB00819,DB08895,1
DB01587,DB01047,0
DB04946,DB01393,0
DB00238,DB01064,0
DB00346,DB01583,0
DB00184,DB00857,0
DB01067,DB12457,0
DB00444,DB09195,0
DB00215,DB00792,1
DB00694,DB00338,0
DB00361,DB04946,1
DB01248,DB00677,0
DB01177,DB01295,1
DB00717,DB00784,0
DB01405,DB11753,1
DB04794,DB08881,1
DB01126,DB11574,1
DB00675,DB11679,1
DB01233,DB01667,1
DB11979,DB04356,0
DB12218,DB00202,0
DB00193,DB01210,0
DB12278,DB04630,0
DB13879,DB00549,0
DB11979,DB01656,0
DB04957,DB08816,1
DB00216,DB08807,1
DB01050,DB11672,1
DB00864,DB09039,1
DB00209,DB01012,0
DB01193,DB12612,0
DB00997,DB00467,0
DB00802,DB01536,0
DB00289,DB08881,1
DB00972,DB06712,1
DB02134,DB00834,0
DB06605,DB12184,0
DB13003,DB01236,0
DB00678,DB12471,0
DB00896,DB00409,0
DB00455,DB00248,0
DB00661,DB01221,1
DB00959,DB01406,1
DB01275,DB00495,0
DB00309,DB09099,1
DB00444,DB00744,1
DB00696,DB01411,1
DB00304,DB00726,1
DB11614,DB00173,0
DB00382,DB09071,1
DB01050,DB08860,1
DB11652,DB00792,0
DB00346,DB00563,0
DB00909,DB03515,0
DB00433,DB01195,1
DB12245,DB01319,0
DB01134,DB00574,0
DB00663,DB00802,0
DB12301,DB00508,0
DB01104,DB01357,1
DB00642,DB00834,0
DB00810,DB12245,1
DB12093,DB04894,0
DB00118,DB01193,0
DB00857,DB01176,1
DB01067,DB09297,1
DB00396,DB01232,1
DB00862,DB08901,1
DB01623,DB13174,1
DB09065,DB09235,1
DB09327,DB00503,0
DB00486,DB06739,1
DB00546,DB01211,1
DB00518,DB01072,1
DB11986,DB00440,0
DB03496,DB00912,0
DB00501,DB04854,0
DB00356,DB00978,1
DB00503,DB09128,1
DB00316,DB06267,0
DB00118,DB04794,0
DB00711,DB11753,0
DB01037,DB11967,1
DB01100,DB09143,1
DB00240,DB00792,0
DB09053,DB01214,0
DB00773,DB00934,1
DB01238,DB08896,1
DB04844,DB05154,0
DB00946,DB01132,1
DB00951,DB04794,0
DB00910,DB00188,0
DB00382,DB00234,0
DB04846,DB11915,1
DB06268,DB09039,1
DB08439,DB00240,0
DB00918,DB09102,0
DB00465,DB01544,1
DB00214,DB00266,1
DB09232,DB11817,0
DB00255,DB00783,1
DB00553,DB01155,0
DB04896,DB11581,1
DB00993,DB00209,0
DB09216,DB01667,0
DB00865,DB01167,1
DB05708,DB09143,0
DB06701,DB11697,0
DB00477,DB00679,1
DB09017,DB06729,0
DB03515,DB12887,0
DB12026,DB09238,0
DB00590,DB00745,1
DB00661,DB00834,1
DB12026,DB04630,0
DB04938,DB00820,0
DB01117,DB01587,0
DB08882,DB09090,1
DB06207,DB00409,0
DB00582,DB01134,1
DB06148,DB09101,1
DB12674,DB01295,0
DB00738,DB01039,1
DB00445,DB01114,0
DB00279,DB06654,0
DB00496,DB09244,0
DB00734,DB06401,0
DB00910,DB00629,0
DB00904,DB06228,1
DB08995,DB01002,0
DB00749,DB01039,1
DB01357,DB01611,1
DB00539,DB00622,1
DB00568,DB04216,1
DB00104,DB04216,0
DB00320,DB09049,0
DB00169,DB00194,0
DB01134,DB01194,0
DB00250,DB01248,1
DB01095,DB01217,1
DB08995,DB11614,1
DB00176,DB01103,1
DB04574,DB09273,1
DB09071,DB04630,0
DB06738,DB11730,1
DB01254,DB09063,1
DB00863,DB00934,1
DB00356,DB00412,1
DB00255,DB06144,0
DB11921,DB00792,0
DB00304,DB00322,1
DB00266,DB00831,0
DB11672,DB04832,0
DB11979,DB01338,0
DB01181,DB09327,1
DB01117,DB01263,1
DB00590,DB05239,1
DB00490,DB01059,0
DB00377,DB06789,0
DB01587,DB11942,0
DB00202,DB04572,1
DB00675,DB01283,1
DB08877,DB06412,0
DB01211,DB01210,0
DB00338,DB00668,0
DB00678,DB12026,1
DB00563,DB09274,0
DB00201,DB01037,1
DB00238,DB11979,1
DB01131,DB12020,1
DB13158,DB00553,0
DB01126,DB04871,0
DB01026,DB01050,1
DB00433,DB01409,1
DB01268,DB01400,0
DB00655,DB00330,0
DB09291,DB11751,0
DB00695,DB01259,0
DB05812,DB06267,0
DB00414,DB12332,1
DB00779,DB00934,1
DB00193,DB11757,1
DB03756,DB04841,1
DB00333,DB00608,1
DB00530,DB08931,1
DB00636,DB00214,0
DB00533,DB00619,1
DB09065,DB09183,1
DB00177,DB00448,1
DB00590,DB01130,0
DB00730,DB01667,1
DB00706,DB09185,1
DB09061,DB11586,1
DB00672,DB00261,0
DB05039,DB00694,0
DB01114,DB01268,1
DB01577,DB08820,0
DB00672,DB09048,1
DB00896,DB00814,0
DB00224,DB01013,1
DB00330,DB11575,0
DB03701,DB08882,1
DB00993,DB02489,1
DB06693,DB12005,0
DB01200,DB08860,0
DB00317,DB00409,1
DB00783,DB00810,0
DB12184,DB06693,0
DB01411,DB00202,0
DB00396,DB11682,0
DB00819,DB01201,0
DB00394,DB08873,1
DB00501,DB05239,1
DB08873,DB09241,1
DB00866,DB12332,1
DB01472,DB00806,0
DB00976,DB09330,1
DB08896,DB00993,0
DB01086,DB01295,1
DB00440,DB01103,0
DB00872,DB04855,1
DB00918,DB01410,1
DB11791,DB04829,0
DB01012,DB06803,1
DB00468,DB01058,1
DB06267,DB12130,1
DB09173,DB01268,0
DB01621,DB05239,0
DB00982,DB08804,0
DB00243,DB01072,1
DB00933,DB00118,0
DB12887,DB06077,0
DB01095,DB06605,1
DB00850,DB06603,1
DB00277,DB01012,1
DB05154,DB00734,0
DB00945,DB11751,0
DB08893,DB09065,1
DB00570,DB11837,1
DB01297,DB01152,0
DB00857,DB09225,1
DB00539,DB09227,1
DB00784,DB11689,1
DB00849,DB01685,1
DB00490,DB12001,0
DB01130,DB00394,0
DB01242,DB08873,1
DB01098,DB01238,1
DB00193,DB00335,1
DB04725,DB09280,1
DB01012,DB12978,0
DB00998,DB01096,0
DB00518,DB09048,1
DB00636,DB01274,1
DB04845,DB09065,1
DB00734,DB00845,1
DB06237,DB12319,1
DB00896,DB00323,0
DB01026,DB04846,1
DB12020,DB00850,0
DB01048,DB01544,1
DB00335,DB09053,1
DB11751,DB00721,0
DB00891,DB08867,0
DB11855,DB00820,0
DB00356,DB00570,1
DB01096,DB06777,0
DB01198,DB06268,1
DB00264,DB00531,0
DB00425,DB06702,1
DB01036,DB04832,1
DB00351,DB09048,1
DB00250,DB00501,1
DB01580,DB11967,0
DB00863,DB11837,1
DB00622,DB08820,1
DB01072,DB09297,1
DB00934,DB00977,1
DB06594,DB09227,0
DB00741,DB02703,1
DB00234,DB08995,0
DB01211,DB00805,0
DB01583,DB01591,0
DB01295,DB11679,0
DB00949,DB01087,1
DB00694,DB00796,0
DB00615,DB09048,1
DB01263,DB12457,1
DB00773,DB09185,1
DB08808,DB05541,0
DB00250,DB11718,1
DB00501,DB09297,1
DB00334,DB01264,1
DB00663,DB13879,0
DB00936,DB08896,1
DB12332,DB09216,0
DB06693,DB09128,0
DB00414,DB09195,0
DB00896,DB01319,0
DB00622,DB00696,1
DB01167,DB01173,1
DB00374,DB04911,1
DB00661,DB03783,1
DB09235,DB04854,0
DB00382,DB01259,0
DB09297,DB09128,0
DB00482,DB01576,1
DB09030,DB01580,0
DB00731,DB09296,0
DB00201,DB00927,1
DB01029,DB11823,1
DB11730,DB12543,1
DB00304,DB11730,1
DB00294,DB09227,1
DB01026,DB09223,1
DB01152,DB04557,0
DB01559,DB00204,0
DB00734,DB01211,1
DB04665,DB11718,1
DB00208,DB06678,1
DB01086,DB06414,1
DB00379,DB06148,1
DB00802,DB00910,0
DB04557,DB00377,0
DB01171,DB06287,1
DB00228,DB01059,0
DB06693,DB00250,0
DB00209,DB09204,1
DB00598,DB06414,1
DB06594,DB13174,1
DB06152,DB00623,0
DB04856,DB06403,1
DB04871,DB06603,1
DB00675,DB06267,1
DB00309,DB00831,0
DB08875,DB00499,0
DB08880,DB00486,0
DB00238,DB00674,1
DB00261,DB04889,1
DB00533,DB01232,1
DB01114,DB11672,1
DB00776,DB04894,0
DB01234,DB01394,1
DB09239,DB00307,0
DB00187,DB00972,1
DB01037,DB08877,1
DB04356,DB00805,0
DB01412,DB01590,1
DB06203,DB09555,1
DB04946,DB08896,1
DB00472,DB01094,1
DB00993,DB01191,1
DB09225,DB03756,0
DB06739,DB09185,1
DB00553,DB11652,0
DB04839,DB05109,1
DB00476,DB09053,1
DB01028,DB06636,1
DB00862,DB01587,1
DB00330,DB01191,1
DB00532,DB01094,1
DB00969,DB12147,1
DB04839,DB00401,0
DB01075,DB00180,0
DB12255,DB00738,0
DB06702,DB11757,1
DB00370,DB01074,1
DB06603,DB00952,0
DB00936,DB01259,0
DB00891,DB01227,0
DB06712,DB08893,1
DB00764,DB00799,1
DB00338,DB00679,1
DB00184,DB00953,1
DB00977,DB00983,1
DB00977,DB12483,1
DB01297,DB06603,1
DB00532,DB00533,1
DB00956,DB01195,1
DB09227,DB12874,1
DB00370,DB00448,1
DB00927,DB01873,0
DB00270,DB09049,1
DB09048,DB12093,1
DB09166,DB12319,1
DB02703,DB08865,1
DB12218,DB00866,0
DB01392,DB01409,1
DB00503,DB09039,1
DB00744,DB11979,0
DB00396,DB00627,1
DB00228,DB00951,1
DB00333,DB12887,1
DB00250,DB00897,1
DB03010,DB04977,0
DB00333,DB01166,1
DB00891,DB00699,0
DB12466,DB01064,0
DB01059,DB02134,1
DB12548,DB09039,0
DB08995,DB00642,0
DB03515,DB13179,1
DB04894,DB12267,1
DB00201,DB11689,1
DB01873,DB01259,0
DB11689,DB00496,0
DB04920,DB11978,0
DB00973,DB00443,0
DB01130,DB00615,0
DB01048,DB01152,0
DB00850,DB01628,1
DB00104,DB08933,0
DB01114,DB06730,1
DB04832,DB11901,1
DB00708,DB00330,0
DB00531,DB11575,0
DB01396,DB09330,1
DB08811,DB13003,0
DB00663,DB12597,0
DB00215,DB06218,1
DB00731,DB06739,1
DB00969,DB06712,1
DB00557,DB00932,1
DB11691,DB09017,0
DB01580,DB03783,1
DB01628,DB05541,1
DB00679,DB01591,1
DB01050,DB11619,0
DB04889,DB09071,1
DB01191,DB01628,1
DB01355,DB11837,1
DB04946,DB05109,1
DB04572,DB01190,0
DB01254,DB01357,0
DB01134,DB04908,0
DB01096,DB01138,0
DB09274,DB01183,0
DB00370,DB00549,0
DB01166,DB04794,1
DB00532,DB09555,1
DB01406,DB00866,0
DB00434,DB01047,0
DB00897,DB06712,1
DB00412,DB13179,1
DB09143,DB00861,0
DB00484,DB01357,0
DB00471,DB01132,1
DB00356,DB09555,1
DB00818,DB01254,1
DB01171,DB02703,1
DB00978,DB04216,1
DB00623,DB00499,0
DB00490,DB13879,0
DB00486,DB08877,1
DB00696,DB01393,1
DB09054,DB12887,1
DB03701,DB00805,0
DB06741,DB09183,1
DB01369,DB00356,0
DB00216,DB11886,0
DB01252,DB00194,0
DB04841,DB12319,1
DB00934,DB04652,0
DB09030,DB01221,0
DB13003,DB00379,0
DB08798,DB11757,1
DB00531,DB12466,1
DB08877,DB00253,0
DB13879,DB04070,0
DB11757,DB00294,0
DB00227,DB00731,1
DB09173,DB00953,0
DB00933,DB01079,1
DB01576,DB12457,0
DB00712,DB01076,1
DB01074,DB01007,0
DB01058,DB01136,1
DB01221,DB04725,1
DB00744,DB01155,1
DB00324,DB00918,0
DB05708,DB01048,0
DB00553,DB00740,1
DB00334,DB12693,1
DB00270,DB06803,0
DB08893,DB12693,1
DB00543,DB09053,1
DB06512,DB11691,0
DB01087,DB01171,1
DB01087,DB09299,1
DB01104,DB12319,1
DB00185,DB09241,1
DB00563,DB12332,1
DB01194,DB00700,0
DB01708,DB00559,0
DB00471,DB08882,1
DB00818,DB06803,1
DB06741,DB00208,0
DB01601,DB09124,1
DB00422,DB03575,0
DB01274,DB06636,1
DB01068,DB09099,0
DB08995,DB01166,0
DB03783,DB06739,1
DB00555,DB11942,0
DB00268,DB00993,0
DB12612,DB06700,0
DB00202,DB01338,1
DB09185,DB11942,1
DB01685,DB06210,1
DB01058,DB09227,1
DB00439,DB12874,1
DB01283,DB00220,0
DB00694,DB00663,0
DB00338,DB00951,1
DB09053,DB11942,0
DB11951,DB01191,0
DB00304,DB00501,1
DB00818,DB11791,0
DB00947,DB11837,0
DB09238,DB11963,1
DB00454,DB00495,0
DB01667,DB09280,0
DB00752,DB00437,0
DB01018,DB12597,0
DB01018,DB09101,1
DB01367,DB01167,0
DB01223,DB04871,1
DB01058,DB09236,0
DB01118,DB04794,1
DB01048,DB00382,0
DB00636,DB09224,0
DB12582,DB11614,0
DB00678,DB06729,1
DB00946,DB05812,1
DB00603,DB01253,0
DB00554,DB11689,1
DB00444,DB12301,1
DB04076,DB06741,0
DB00539,DB01167,1
DB01100,DB01227,1
DB00656,DB04911,1
DB00862,DB12301,1
DB00810,DB01037,1
DB06144,DB11995,0
DB12130,DB06201,0
DB08798,DB00176,0
DB09241,DB12130,1
DB02134,DB09123,0
DB00471,DB00494,0
DB11942,DB02134,0
DB08901,DB09290,0
DB00377,DB00545,0
DB02709,DB04846,0
DB00238,DB00484,0
DB00661,DB04856,1
DB01041,DB04844,0
DB00338,DB00776,1
DB00695,DB08860,0
DB01048,DB00195,0
DB08880,DB04552,0
DB00273,DB04977,0
DB00620,DB00866,0
DB00951,DB12597,1
DB00234,DB01274,1
DB00952,DB00304,0
DB00465,DB08896,1
DB06144,DB01013,0
DB00224,DB01039,1
DB01242,DB08798,0
DB11751,DB00264,0
DB00568,DB06594,1
DB04652,DB00289,0
DB00736,DB00976,1
DB00927,DB04856,0
DB01132,DB04844,0
DB12941,DB00959,0
DB12267,DB08811,0
DB00783,DB04652,0
DB09288,DB11979,1
DB00563,DB00489,0
DB09274,DB00253,0
DB12612,DB00472,0
DB12005,DB00382,0
DB00545,DB00708,0
DB01263,DB08901,1
DB05541,DB00195,0
DB11817,DB09128,0
DB00564,DB04794,1
DB00911,DB00744,0
DB00409,DB11837,1
DB04845,DB09236,0
DB00851,DB01104,0
DB03010,DB06741,0
DB01175,DB09101,1
DB00959,DB01263,1
DB00891,DB06741,0
DB12693,DB09273,0
DB02789,DB00309,0
DB06712,DB09291,1
DB00264,DB01173,1
DB01076,DB09183,1
DB04842,DB05109,0
DB00866,DB09048,1
DB12466,DB01183,0
DB01037,DB06726,1
DB12245,DB06741,0
DB00586,DB01656,1
DB00677,DB04977,0
DB11581,DB01274,0
DB01074,DB11614,1
DB00738,DB03701,0
DB01411,DB00745,0
DB01223,DB11967,1
DB02703,DB00764,0
DB01369,DB00467,0
DB01409,DB09039,1
DB02789,DB01233,0
DB00445,DB05154,0
DB11737,DB04844,0
DB01236,DB11837,1
DB01406,DB02187,1
DB12887,DB00734,0
DB00976,DB01410,1
DB00973,DB12093,0
DB00195,DB01086,1
DB06695,DB09166,0
DB05708,DB00621,0
DB01227,DB00968,0
DB09327,DB01035,0
DB00726,DB01131,1
DB00425,DB00586,1
DB01295,DB12255,0
DB00933,DB00997,1
DB00712,DB04835,0
DB00379,DB02489,1
DB01086,DB00180,0
DB08903,DB00173,0
DB09288,DB01583,0
DB00487,DB00977,1
DB00209,DB00866,1
DB01118,DB05271,1
DB01118,DB04572,1
DB01355,DB06626,1
DB00337,DB06268,0
DB01264,DB06282,1
DB06210,DB12466,1
DB00947,DB01114,0
DB00412,DB04908,0
DB00762,DB04557,0
DB00316,DB00532,1
DB00475,DB08439,0
DB08816,DB00546,0
DB00977,DB09071,1
DB00425,DB00655,0
DB00248,DB09185,1
DB05814,DB01405,0
DB01065,DB09185,1
DB00444,DB00896,0
DB04630,DB06700,1
DB01208,DB00484,0
DB04794,DB01252,0
DB00315,DB01396,0
DB06287,DB09227,1
DB01087,DB09185,1
DB01411,DB13179,1
DB01094,DB12005,0
DB00184,DB08933,0
DB00528,DB11757,1
DB08901,DB11682,1
DB01194,DB01211,0
DB01087,DB12978,1
DB00570,DB01369,1
DB00169,DB04920,1
DB00414,DB08860,1
DB06817,DB01228,0
DB06729,DB01087,0
DB01559,DB01418,0
DB12543,DB04854,0
DB01667,DB02789,0
DB06335,DB01337,0
DB06152,DB00762,0
DB00557,DB11613,0
DB00486,DB09063,1
DB01131,DB11837,1
DB13158,DB00445,0
DB12329,DB00379,0
DB11693,DB00234,0
DB04845,DB11730,1
DB00608,DB01359,1
DB00482,DB00337,0
DB08931,DB01065,0
DB00972,DB01130,0
DB06701,DB00947,0
DB00356,DB12141,0
DB00176,DB00696,1
DB00277,DB09290,1
DB00627,DB01103,0
DB06228,DB09049,0
DB00347,DB08868,1
DB00586,DB05541,1
DB00205,DB00374,1
DB06636,DB11915,1
DB11619,DB11943,0
DB00952,DB00243,0
DB06512,DB04828,0
DB01248,DB00749,0
DB00494,DB01167,0
DB00532,DB00764,1
DB00700,DB00908,1
DB01181,DB06729,1
DB00169,DB00751,1
DB00712,DB01086,0
DB04356,DB05294,0
DB05109,DB08808,1
DB00601,DB11575,0
DB11837,DB06777,0
DB00734,DB12483,1
DB01873,DB00289,0
DB13879,DB00191,0
DB01268,DB11682,0
DB05812,DB01595,0
DB01131,DB09123,0
DB09239,DB09290,0
DB01137,DB01576,0
DB01087,DB06781,0
DB12371,DB13879,1
DB01645,DB13158,0
DB00554,DB06218,1
DB00918,DB01037,1
DB04216,DB04845,0
DB01018,DB11581,1
DB04911,DB06738,1
DB01192,DB04920,1
DB00188,DB00476,1
DB00582,DB01074,1
DB12471,DB01261,0
DB00370,DB08877,1
DB01369,DB06287,1
DB00575,DB00827,1
DB00346,DB00412,0
DB00377,DB02703,1
DB01100,DB13879,1
DB00118,DB00216,0
DB00250,DB06605,1
DB00193,DB01268,1
DB00912,DB01118,1
DB00998,DB01685,0
DB01406,DB09090,1
DB00784,DB06803,1
DB00574,DB05814,0
DB12020,DB11796,0
DB00976,DB01232,1
DB01198,DB11963,1
DB00476,DB01039,1
DB01074,DB00205,0
DB11712,DB00906,0
DB00484,DB01191,0
DB01175,DB01319,0
DB00234,DB00778,0
DB00580,DB06803,1
DB00528,DB01166,1
DB00726,DB00891,1
DB05219,DB09054,0
DB11817,DB00834,0
DB00205,DB08899,1
DB09166,DB12597,1
DB01268,DB12005,0
DB00778,DB01132,0
DB00356,DB09273,1
DB00444,DB01095,1
DB01138,DB01174,1
DB01601,DB09238,1
DB00263,DB01656,0
DB06636,DB08867,1
DB02789,DB00966,0
DB03496,DB06401,0
DB00343,DB12978,1
DB00288,DB01264,0
DB00382,DB01405,1
DB08827,DB04938,0
DB08882,DB09223,1
DB00433,DB00570,1
DB01155,DB00953,0
DB01058,DB04920,1
DB01076,DB01536,0
DB06691,DB06595,0
DB11619,DB00655,0
DB04845,DB01337,0
DB04828,DB04889,0
DB00946,DB11672,1
DB00465,DB04216,1
DB00263,DB01076,0
DB01395,DB09227,1
DB00169,DB09073,0
DB09232,DB04356,0
DB01221,DB11837,1
DB00396,DB00494,1
DB04896,DB12471,1
DB11967,DB12245,1
DB00530,DB04938,1
DB01058,DB11697,1
DB13878,DB04552,0
DB04854,DB00316,0
DB00621,DB00185,0
DB00270,DB00813,1
DB01075,DB01138,1
DB01059,DB13179,0
DB00104,DB00518,1
DB00468,DB04920,1
DB00914,DB11915,1
DB00180,DB00759,0
DB01232,DB04572,1
DB01380,DB06282,0
DB00307,DB11652,1
DB00263,DB11757,1
DB08907,DB12978,0
DB00205,DB01095,1
DB08896,DB09079,1
DB00277,DB06729,1
DB00496,DB08881,1
DB00773,DB11942,0
DB01114,DB00910,0
DB00199,DB04070,0
DB00932,DB06267,1
DB04894,DB00601,0
DB00749,DB00277,0
DB00327,DB01611,0
DB13879,DB01411,0
DB01210,DB11619,0
DB00731,DB00762,1
DB00907,DB00661,0
DB00333,DB00966,1
DB01072,DB01667,1
DB01118,DB11619,1
DB02703,DB09123,1
DB00528,DB01411,0
DB00188,DB00395,1
DB00753,DB08868,1
DB00700,DB00180,0
DB09244,DB00233,0
DB12093,DB04652,0
DB04845,DB11886,1
DB00353,DB04946,1
DB01173,DB06626,1
DB00960,DB01645,0
DB00216,DB06268,1
DB00494,DB11693,0
DB09073,DB01183,0
DB01191,DB09039,1
DB09236,DB00288,0
DB01013,DB04841,0
DB03701,DB04839,0
DB00783,DB12010,1
DB01238,DB06228,1
DB00270,DB00297,1
DB00188,DB00932,1
DB00993,DB01059,1
DB00471,DB04911,1
DB00827,DB05708,1
DB00910,DB00642,0
DB00227,DB09288,1
DB00568,DB04896,1
DB08933,DB09090,0
DB00361,DB11828,0
DB00663,DB01238,0
DB00277,DB00726,1
DB00378,DB00679,0
DB00888,DB04911,0
DB00891,DB01369,0
DB00932,DB00753,0
DB01588,DB00978,0
DB11613,DB06201,0
DB01195,DB11672,1
DB04725,DB13874,1
DB00337,DB11575,0
DB01264,DB09049,1
DB00857,DB04841,1
DB00672,DB06729,1
DB01166,DB11751,0
DB00972,DB06267,1
DB01039,DB04845,1
DB01410,DB00194,0
DB01233,DB06603,1
DB00998,DB00888,0
DB04840,DB09224,1
DB00317,DB00557,1
DB00396,DB13919,1
DB00976,DB06702,1
DB00297,DB03783,1
DB00316,DB00872,1
DB01259,DB08922,1
DB01044,DB09185,0
DB03515,DB12020,0
DB00193,DB11737,0
DB00759,DB09173,0
DB00661,DB00831,1
DB00490,DB04856,1
DB01403,DB12332,1
DB01064,DB01369,0
DB08807,DB01384,0
DB00936,DB01095,1
DB00365,DB00849,0
DB05814,DB08804,0
DB09173,DB00191,0
DB00370,DB09173,1
DB01036,DB04920,1
DB01167,DB11757,1
DB01095,DB04908,0
DB00195,DB06594,1
DB00805,DB04845,0
DB04894,DB01295,0
DB06218,DB11963,1
DB00349,DB00945,1
DB00279,DB09296,1
DB01104,DB11979,1
DB00623,DB12332,1
DB00582,DB00608,1
DB01195,DB04665,1
DB01069,DB01166,1
DB01253,DB05990,0
DB01029,DB05708,0
DB01098,DB01388,1
DB04938,DB06700,1
DB00382,DB00554,0
DB01041,DB06739,1
DB04652,DB09013,0
DB02134,DB12267,0
DB00539,DB01117,0
DB11619,DB00779,0
DB00553,DB00857,1
DB00574,DB13158,0
DB00324,DB01126,0
DB01072,DB01195,1
DB08873,DB09288,1
DB00320,DB11943,0
DB06729,DB01254,0
DB00363,DB00730,1
DB04665,DB00455,0
DB00904,DB11730,1
DB09173,DB04957,0
DB00201,DB00244,0
DB08899,DB00543,0
DB00445,DB09291,0
DB00316,DB11757,1
DB01234,DB00476,0
DB00982,DB06678,0
DB06636,DB06777,1
DB01095,DB09013,0
DB11952,DB00228,0
DB00553,DB01200,0
DB00180,DB00845,0
DB00118,DB03496,0
DB00675,DB13919,1
DB12319,DB09183,0
DB12020,DB00907,0
DB01032,DB03496,1
DB01100,DB01242,1
DB00365,DB06702,0
DB08880,DB00839,0
DB00356,DB08808,1
DB01029,DB00959,0
DB01118,DB08820,1
DB00503,DB00951,1
DB11837,DB11921,0
DB00186,DB01044,0
DB00224,DB04825,1
DB00409,DB01303,0
DB01039,DB01173,1
DB00973,DB01236,0
DB00518,DB02703,1
DB01228,DB09073,0
DB04574,DB12147,1
DB00696,DB01037,1
DB00737,DB00846,0
DB12612,DB06282,0
DB00973,DB00563,0
DB01041,DB01406,1
DB00412,DB09101,1
DB01094,DB00861,0
DB00184,DB00988,1
DB01096,DB00487,0
DB00484,DB04911,0
DB00744,DB01406,1
DB00744,DB09235,0
DB05239,DB00927,0
DB00448,DB01274,1
DB00173,DB03756,0
DB04825,DB00850,0
DB00334,DB01118,1
DB00806,DB01656,1
DB00700,DB09054,0
DB00582,DB01104,1
DB06739,DB08873,1
DB00365,DB00586,1
DB00685,DB04889,1
DB00663,DB00908,0
DB11574,DB00911,0
DB00169,DB06287,0
DB01130,DB00570,0
DB01072,DB01591,1
DB00687,DB00277,0
DB00471,DB01232,1
DB06212,DB12218,0
DB00642,DB01037,1
DB01228,DB04216,0
DB05541,DB08864,1
DB00370,DB01098,1
DB00762,DB09049,0
DB00176,DB00539,1
DB00982,DB00422,0
DB00946,DB08860,1
DB04838,DB13179,1
DB04889,DB11619,0
DB00734,DB01062,1
DB00490,DB00674,1
DB06725,DB01338,0
DB12466,DB09166,0
DB01228,DB09048,1
DB04911,DB00998,0
DB01274,DB01388,1
DB11619,DB00240,0
DB00395,DB00839,0
DB00330,DB04884,1
DB00188,DB00294,0
DB00363,DB09143,1
DB01103,DB06287,1
DB06702,DB01194,0
DB04854,DB00322,0
DB00250,DB00696,1
DB00448,DB04725,1
DB00661,DB06738,1
DB00972,DB11791,1
DB00533,DB01210,0
DB00863,DB05708,1
DB11751,DB01095,0
DB04840,DB08901,1
DB08846,DB00751,0
DB00220,DB00304,1
DB00261,DB04356,1
DB00773,DB00972,1
DB01252,DB01100,0
DB12301,DB12548,0
DB01252,DB00471,0
DB11737,DB00752,0
DB03783,DB04938,1
DB01303,DB12887,0
DB09073,DB00677,0
DB00264,DB01624,1
DB01168,DB09183,0
DB00753,DB06789,0
DB11828,DB00201,0
DB01274,DB01536,0
DB01026,DB04844,1
DB00439,DB00796,1
DB00471,DB00588,1
DB00619,DB01221,1
DB01395,DB08827,1
DB00215,DB11586,1
DB03783,DB06594,1
DB06781,DB11915,0
DB12020,DB04920,0
DB00608,DB01609,1
DB00675,DB01176,1
DB12978,DB00334,0
DB12371,DB01166,0
DB00668,DB00969,1
DB01580,DB09291,1
DB03756,DB01393,0
DB00448,DB00580,1
DB01217,DB00351,0
DB00678,DB13879,1
DB04841,DB13179,1
DB00717,DB11915,1
DB00598,DB00934,1
DB11682,DB06414,0
DB01193,DB11979,1
DB01013,DB12693,0
DB00238,DB09048,1
DB00330,DB12001,1
DB01069,DB01181,1
DB13783,DB08895,0
DB00696,DB01054,1
DB00622,DB00788,1
DB00570,DB01183,0
DB09232,DB11581,1
DB01072,DB01393,1
DB00590,DB01177,1
DB08820,DB09039,1
DB01595,DB11730,1
DB12457,DB09555,0
DB12543,DB09291,0
DB09198,DB11689,1
DB00927,DB00445,0
DB01210,DB06781,0
DB00243,DB12235,1
DB01221,DB00545,0
DB01079,DB08868,1
DB00530,DB01191,1
DB01232,DB09183,1
DB00582,DB06738,1
DB01067,DB09061,1
DB00973,DB00956,0
DB00977,DB00358,0
DB09099,DB09330,1
DB01628,DB11952,1
DB08860,DB12371,1
DB00972,DB00445,0
DB06636,DB09048,1
DB00978,DB01044,1
